recordId,host,platform,firstSeen,queryIds,anonymisedPath
00020947eeadd009,news.ycombinator.com,hackernews,2026-10-02T23:13:20.016Z,m-hackernews-legal-howto,/item
0048470f317bddf0,safety.twitch.tv,twitch,2026-10-02T23:10:20.258Z,m-twitch-community-request;m-twitch-mod-creation-alternative,/[handle]/article/Chat-Tools
0077f3336c7cffc1,disboard.org,discord,2026-10-03T01:20:57.824Z,m-discord-mod-tools-alternative,/it/servers/tag/modding
008939129521af9c,youtube.com,youtube,2026-10-02T23:07:08.611Z,m-youtube-mod-creation-howto,/watch
00b42480e8538958,disboard.org,discord,2026-10-03T01:11:52.834Z,m-discord-learning-request,/servers/tag/modding+/8
00c0dbe360341f72,moddb.com,moddb,2026-10-02T22:56:48.496Z,m-moddb-mod-creation-howto,/groups/2003-mod-of-the-year-awards/features/20th-anniversary-of-mod-of-the-year
00d1de7bd8645f75,moddb.com,moddb,2026-10-03T00:31:28.842Z,m-moddb-mod-install-alternative,/mods/alternative-asuna-kirito-and-alice-appearances-standalone/addons/ggo-asuna
00d9fa86dcb29934,github.com,github,2026-10-03T00:15:59.702Z,m-github-learning-alternative,/[handle]/awesome-stars/blob/main/README.md
00e1bc6b5f14e7b1,steamcommunity.com,steam,2026-10-03T00:26:33.023Z,m-steam-pc-port-recommendation,/app/582010/discussions/0/1745594817438050250
01277e12f08703f3,old.thunderstore.io,thunderstore,2026-10-02T23:01:34.239Z,m-thunderstore-decomp-alternative,/c/[handle]/p/Bigmetalhead12/Jackie_Mod_Redux
012dcae0ca749ee7,disboard.org,discord,2026-10-02T22:50:25.822Z,m-discord-fan-game-request,/servers/tag/fnaf
013975a981507c0e,x.com,x,2026-10-02T22:49:54.739Z,m-x-community-howto,/[handle]/status/2034453770411864360
01459f505eab78b1,[handle].itch.io,itchio,2026-10-02T23:04:04.644Z,m-itchio-learning-howto;m-itchio-learning-recommendation,/age-of-conquest-iv/devlog/1434464/update-451402-modding-update
0152010641229cbf,tiktok.com,tiktok,2026-10-02T23:08:16.117Z,m-tiktok-mod-install-howto,/@[handle]/video/7636530916474555655
01578e05d5d0b11c,disboard.org,discord,2026-10-03T01:19:55.457Z,m-discord-fan-game-problem,/servers/tag/lgtbq%2B/5
0164ead270d9b5ad,disboard.org,discord,2026-10-03T00:09:13.017Z,m-discord-community-recommendation,/fr/servers/tag/hotline-miami
019730235c0334ac,youtube.com,youtube,2026-10-02T23:20:28.246Z,m-youtube-community-recommendation,/watch
019dfea27e812111,gamebanana.com,gamebanana,2026-10-02T22:57:57.244Z,m-gamebanana-pc-port-request,/requests/57827
01ad3dc709236d1d,dev.curseforge.com,curseforge,2026-10-02T22:58:54.428Z,m-curseforge-community-howto;m-curseforge-mod-creation-request,/
01faaad40decb254,steamcommunity.com,steam,2026-10-02T23:06:08.873Z,m-steam-mod-tools-alternative,/app/949230/discussions/0/3877095833474028444
0200c94fc9fd7f6d,riskofrain2.fandom.com,fandom,2026-10-02T22:51:30.918Z,m-fandom-community-alternative,/wiki/Modding
0203f7f3cdb898da,moddb.com,moddb,2026-10-03T00:34:17.286Z,m-moddb-learning-problem,/games/minecraft-2d/tutorials/minecraft-forge-modding
0208de2c7be77ae2,youtube.com,youtube,2026-10-02T23:07:08.611Z,m-youtube-mod-creation-howto,/shorts/eae3o_RSFMw
022783490e3a3ffb,wiki.gbatemp.net,gbatemp,2026-10-02T22:53:30.946Z,m-gbatemp-learning-problem,/wiki/CycloDS_Evolution
023129814944a168,gamebanana.com,gamebanana,2026-10-03T00:37:13.398Z,m-gamebanana-legal-request,/mods/688780
0261141328578cbe,gamebanana.com,gamebanana,2026-10-02T23:04:58.074Z,m-gamebanana-decomp-howto;m-gamebanana-decomp-recommendation,/tuts/14671
02f192aebffc83bd,itch.io,itchio,2026-10-02T23:04:04.644Z,m-itchio-learning-howto;m-itchio-learning-recommendation,/post/15897489
03137c17428f83ab,mod.io,modio,2026-10-02T23:00:23.798Z,m-modio-ip-revival-recommendation,/g/bonelab/m/skippy-the-smart-pistol-auto-aim-early-build
034960b138e41cb0,nexusmods.com,nexusmods,2026-10-02T22:55:55.432Z,m-nexusmods-decomp-alternative,/omertacityofgangsters/news/15460
036cc9c82fcea79d,reddit.com,reddit,2026-10-03T01:04:38.417Z,m-reddit-community-problem,/r/firstworldproblems
03e02d6dfc7b463f,reddit.com,reddit,2026-10-03T00:59:03.821Z,m-reddit-decomp-recommendation,/r/SteamDeck/comments/1hlbp7j/pc_ports_decompilations_recompilations_remakes
04240421a243ef91,youtube.com,youtube,2026-10-03T00:14:05.505Z,m-youtube-mod-install-alternative,/watch
042580a1f3a3c03f,disboard.org,discord,2026-10-03T01:11:52.834Z,m-discord-learning-request,/servers/tag/modding
04348f0e4d5bb212,tiktok.com,tiktok,2026-10-03T00:28:06.631Z,m-tiktok-legal-request,/discover/how-to-send-cease-and-desist-letters-to-photographer
043fa12d0c84859b,reddit.com,reddit,2026-10-03T00:50:59.630Z,m-reddit-legal-howto,/r/legaladvicecanada/comments/1sma0t4/slander_how_would_i_go_about_with_a_cease_and
0444154090b29279,gamebanana.com,gamebanana,2026-10-03T01:22:41.843Z,m-gamebanana-fan-game-request,/requests/68695
044aaa5e215f1803,gist.github.com,github,2026-10-03T00:20:38.273Z,m-github-legal-recommendation,/[handle]/5fb741a2619c86aed0d7f1838aa5e33d
046406d28af50385,battlezone.fandom.com,fandom,2026-10-03T00:52:57.894Z,m-fandom-decomp-request,/wiki/Battlezone:_Rise_of_the_Black_Dogs
046efa0743163a16,help.twitch.tv,twitch,2026-10-02T23:10:20.258Z,m-twitch-community-request,/[handle]/article/partner-front-page
047ebd71f3ef6934,disboard.org,discord,2026-10-03T01:20:57.824Z,m-discord-mod-tools-alternative,/servers/tag/client
048204092bd06ab2,x.com,x,2026-10-02T22:49:28.971Z,m-x-rust-rebuild-howto,/[handle]/status/2094104291321462911
04a7b986c5a2589e,reddit.com,reddit,2026-10-02T22:48:31.516Z,m-reddit-ip-revival-problem,/r/ResidentEvilCapcom/comments/1riwlnz/was_re_franchise_really_dead_before_re7_as_the
04b675335ae09df6,x.com,x,2026-10-02T22:49:47.240Z,m-x-mod-tools-recommendation,/[handle]/status/2092379701318721667
050d5a837ceea43d,moddb.com,moddb,2026-10-02T22:57:03.433Z,m-moddb-decomp-problem;m-moddb-decomp-request,/mods/ttt-classic
05188e66c77a92d2,reddit.com,reddit,2026-10-03T00:28:38.376Z,m-reddit-mod-install-howto,/r/assettocorsa/comments/163f1ka/how_do_i_install_mods_and_what_do_i_need_in_order
059958ac86c650e0,gunetwork.org,other,2026-10-02T23:15:19.922Z,d-H3-1,/t8074-the-best-mod-manager
059ae928bb133bde,reddit.com,reddit,2026-10-03T00:23:16.376Z,m-reddit-ip-revival-alternative,/r/nintendo/comments/1198ue9/what_dead_nintendo_franchise_would_you_revive_and
05c0e904916d8af3,users.rust-lang.org,rustforum,2026-10-02T23:23:05.785Z,m-rustforum-pc-port-problem,/t/rust-toolchain-platform-target-questions/88118
05c4bb7a38e4810d,github.com,github,2026-10-02T23:21:31.599Z,m-github-mod-creation-request,/[handle]/tModLoader/issues/1794
05c86ef8a681e8ff,github.com,github,2026-10-03T00:35:40.008Z,m-github-pc-port-howto,/topics/native-port
05e262879ec1ff59,github.com,github,2026-10-02T23:21:31.599Z,m-github-mod-creation-request,/[handle]/Reloaded-II/issues/47
0606d9f66b0aa4d7,steamcommunity.com,steam,2026-10-02T23:02:44.970Z,m-steam-fan-game-problem,/discussions/forum/7/458607518212476952
0629637e5e732577,facebook.com,other,2026-10-02T23:16:52.188Z,d-H8-1,/groups/2517571938361996/posts/26724524397240079
06572b8cb32e5b90,tiktok.com,tiktok,2026-10-02T23:08:20.321Z,m-tiktok-mod-creation-alternative,/tag/gonjaproud
06acb707a8449dd8,youtube.com,youtube,2026-10-03T01:46:12.495Z,x-add-1,/watch
06b00deefdc3ac35,gamebanana.com,gamebanana,2026-10-02T22:57:46.333Z,m-gamebanana-mod-install-howto,/questions/48457
06c8f718c765f272,old.thunderstore.io,thunderstore,2026-10-02T23:06:01.654Z,m-thunderstore-mod-tools-howto,/c/[handle]/p/BairStudios/DetectorMod
06e8228c70e66f37,dictionary.cambridge.org,other,2026-10-02T23:14:39.233Z,d-H1-1,/dictionary/english/result
07079e239d77ba06,gamespot.com,other,2026-10-02T23:16:28.024Z,d-H6-2,/gallery/best-total-conversion-mods/2900-6416
070854ad4baae31e,portal-mods.fandom.com,fandom,2026-10-03T00:53:43.655Z,m-fandom-community-recommendation,/wiki/SHAFT_06
070c55295fb404dc,reddit.com,reddit,2026-10-02T23:15:19.922Z,d-H3-1,/r/nexusmods/comments/lodniv/what_is_the_best_mod_manager_on_pc
071045969e53d34f,[handle].itch.io,itchio,2026-10-03T00:44:40.310Z,m-itchio-pc-port-problem,/sonic-pc-port-all-versions
0713991ae986e031,x.com,x,2026-10-02T22:49:38.290Z,m-x-fan-game-alternative,/[handle]/all
078d40e6d378ac49,youtube.com,youtube,2026-10-02T23:24:07.292Z,d-H5-1,/watch
078df2651da97476,resetera.com,resetera,2026-10-02T22:52:16.269Z,m-resetera-fan-game-problem,/threads/what-can-classic-sonic-do-in-order-to-avoid-the-sales-problem-it-has.1039161/page-2
07a5dc12476fe282,[handle].itch.io,itchio,2026-10-02T23:03:32.825Z,m-itchio-mod-creation-alternative;m-itchio-mod-creation-recommendation,/ero-hunters-mods/community
07acafd789b2164b,m.youtube.com,youtube,2026-10-02T23:07:14.419Z,m-youtube-pc-port-alternative,/watch
07d6d3258ed446e6,reddit.com,reddit,2026-10-03T00:23:16.376Z,m-reddit-ip-revival-alternative,/r/EvilDead/comments/1phz8ni/if_you_could_change_the_evil_dead_franchise_what
07e96d79001960c8,x.com,x,2026-10-02T23:17:39.022Z,d-H9-2,/[handle]/all
07f46f8394a69098,tiktok.com,tiktok,2026-10-02T23:08:38.435Z,m-tiktok-rust-rebuild-problem,/discover/best-free-video-editor-pc
07fd75e9896b6140,nexusmods.com,nexusmods,2026-10-03T01:28:26.735Z,m-nexusmods-community-problem,/schedule1/mods/1205
08129be849fed969,forums.civfanatics.com,other,2026-10-02T23:24:07.292Z,d-H5-1,/threads/modding-is-easy.154995
0837d136e9ba841a,forums.duke4.net,other,2026-10-02T23:19:12.358Z,d-H12-1,/topic/10509-buildgdx-news-releases/page__st__120
085bd5472de2a675,resetera.com,resetera,2026-10-03T00:13:31.580Z,m-resetera-ip-revival-request,/threads/capcom-is-asking-fans-if-they%E2%80%99d-like-to-see-a-new-dino-crisis-game-among-others.813444/page-6
090b6b8c5b74a261,github.com,github,2026-10-03T00:20:38.273Z,m-github-legal-recommendation,/[handle]/litert-torch/actions/runs/27684799428
090b9e4613ae4bae,youtube.com,youtube,2026-10-02T23:07:14.419Z,m-youtube-pc-port-alternative,/watch
0920b1b3fb897a08,youtube.com,youtube,2026-10-02T23:07:34.056Z,m-youtube-ip-revival-howto,/shorts/qvNJ5fZ90Mc
0927c1921ee142eb,youtube.com,youtube,2026-10-02T23:17:47.399Z,d-H9-3,/watch
09423d7c6df78726,old.thunderstore.io,thunderstore,2026-10-02T23:02:01.972Z,m-thunderstore-learning-alternative,/c/[handle]
095d3cb4e48cd84f,old.thunderstore.io,thunderstore,2026-10-03T00:32:32.093Z,m-thunderstore-mod-creation-alternative,/c/[handle]
096bc3912ba64579,sm64js.fandom.com,fandom,2026-10-03T00:54:03.926Z,m-fandom-rust-rebuild-recommendation,/wiki/Developers
097c675e17c80177,youtube.com,youtube,2026-10-03T00:46:19.670Z,m-youtube-learning-problem,/watch
0987059e7ae3e298,curseforge.com,curseforge,2026-10-03T00:45:37.490Z,m-curseforge-legal-recommendation,/minecraft/modpacks/the-pog-dog-pack/relations/dependencies
099e9eb12f2f019e,reddit.com,reddit,2026-10-03T01:21:40.300Z,m-reddit-rust-rebuild-problem,/r/programming/comments/plhjwx/dont_rewrite_your_project_in_rust_or_at_all
09a0fccb33eb218f,steamcommunity.com,steam,2026-10-02T23:02:39.453Z,m-steam-rust-rebuild-howto;m-steam-rust-rebuild-recommendation,/app/975370/discussions/0/5568165891225331339
09a254c6713b2aec,gbatemp.net,gbatemp,2026-10-02T22:53:00.916Z,m-gbatemp-decomp-problem,/threads/sonic-1-and-2-2013-for-the-nintendo-switch.581099
09abaa44c4709574,resetera.com,resetera,2026-10-02T22:52:38.427Z,m-resetera-community-howto;m-resetera-community-recommendation,/threads/343i-made-a-huge-mcc-modding-documentation-page-steam-workshop-support-probably-dropping-soon.657688
09af88756aeb53ec,farcry.fandom.com,fandom,2026-10-02T22:51:30.918Z,m-fandom-community-alternative,/wiki/Far_Cry_New_Dawn_Scavenger_Mod
09dbf4072c81fbf4,gamebanana.com,gamebanana,2026-10-03T00:37:13.398Z,m-gamebanana-legal-request,/mods/688801
0a1daec428faf00b,[handle].itch.io,itchio,2026-10-02T23:03:32.825Z,m-itchio-mod-creation-alternative;m-itchio-mod-creation-recommendation,/ero-hunters-mods/community
0a202ee1d017ae42,resetera.com,resetera,2026-10-02T22:51:40.209Z,m-resetera-mod-install-problem,/threads/the-steam-hardware-family-officially-expands-in-early-2026-steam-controller-steam-machine-steam-frame.1351453/page-59
0a536ef8800aaca4,reddit.com,reddit,2026-10-03T01:46:22.786Z,x-add-2,/r/ModSupport/comments/1ttypgk/monthly_recap_may_2026
0a5a79c71a7a0b24,reddit.com,reddit,2026-10-03T00:55:19.594Z,m-reddit-mod-creation-alternative,/r/LetsTalkMusic/comments/1msbg58/best_alternatives_to_spotify
0a602c851e9fa488,disboard.org,discord,2026-10-03T00:09:13.017Z,m-discord-community-recommendation,/servers/tag/hotline-miami
0a6109778005945a,moddb.com,moddb,2026-10-03T00:17:28.699Z,m-moddb-decomp-problem,/downloads/half-life-alpha-052-source
0a6304aae012da77,resetera.com,resetera,2026-10-02T22:52:23.539Z,m-resetera-ip-revival-howto,/threads/rank-the-evil-dead-franchise.757423
0a702cf213f63afb,forums.matrixgames.com,other,2026-10-03T01:47:40.837Z,x-add-4,/viewtopic.php
0a78e743e5cb91cd,reddit.com,reddit,2026-10-02T22:48:37.459Z,m-reddit-mod-tools-howto,/r/EldenRingMods/comments/1nmnqcv/what_essential_tools_you_need_to_make_a_mod
0aadb4d563b79e68,resetera.com,resetera,2026-10-03T00:13:31.580Z,m-resetera-ip-revival-request,/threads/which-dead-franchise-should-stay-dead.20891/page-2
0ada7841d9d0e7fe,resetera.com,resetera,2026-10-02T22:54:46.030Z,m-resetera-pc-port-alternative,/threads/why-do-so-many-ports-remasters-not-use-the-best-version-of-the-game.356101
0ae88b2672e4bbdc,disboard.org,discord,2026-10-02T22:50:34.213Z,m-discord-mod-tools-problem,/es/servers/tag/tomb-raider
0b259b3a24e488cb,resetera.com,resetera,2026-10-02T22:52:27.259Z,m-resetera-mod-tools-alternative,/threads/assassins-creed-odyssey-will-possibly-get-story-quest-creator-tool.121102
0b47bab8de1c2f8d,reddit.com,reddit,2026-10-03T00:50:40.512Z,m-reddit-learning-recommendation,/r/RimWorld/comments/100g1wl/modding_tutorial_for_absolute_beginners
0b49674ce4f4527b,x.com,x,2026-10-02T22:49:28.971Z,m-x-rust-rebuild-howto,/[handle]/status/2001345094075716015
0b4a7065c18f350f,resetera.com,resetera,2026-10-03T00:43:07.412Z,m-resetera-decomp-problem,/threads/twilight-princess-gamecube-has-been-fully-decompiled.1389766
0b82fde1ec7ea5e9,gbatemp.net,gbatemp,2026-10-02T22:53:13.853Z,m-gbatemp-fan-game-alternative,/threads/fan-game-similar-to-cooking-mama-based-on-gourmet-gaming.332191
0b8477202506199c,github.com,github,2026-10-02T23:11:22.657Z,m-github-decomp-problem,/[handle]/retdec-idaplugin/issues/26
0b8e888a72bd2175,evildead.fandom.com,fandom,2026-10-02T22:51:17.832Z,m-fandom-ip-revival-recommendation,/wiki/The_Evil_Dead_(franchise)
0b9b8dae7365f6e5,old.thunderstore.io,thunderstore,2026-10-02T23:01:18.658Z,m-thunderstore-mod-install-recommendation,/c/[handle]
0bb7c3cef7353668,x.com,x,2026-10-02T22:49:59.548Z,m-x-legal-alternative,/[handle]/status/1935671153076678983
0bba5b2c3c0a21bd,steamcommunity.com,steam,2026-10-02T23:17:58.440Z,d-H10-1,/app/489830/discussions/0/3074244288344566457
0bebc048a187e8b6,steamcommunity.com,steam,2026-10-03T01:22:28.432Z,m-steam-learning-problem,/app/255710/discussions/0/3396301606646624085
0c0bd7c81bca8e89,mod.io,modio,2026-10-02T23:00:32.765Z,m-modio-learning-howto,/g/pavlov/r/modding-tutorials-2026
0c48a0e4d9545e99,old.thunderstore.io,thunderstore,2026-10-02T23:02:01.972Z,m-thunderstore-learning-alternative,/c/[handle]/p/ItsMoorbinTime/SteamLobbyCopier/v/1.0.0
0c5467877c591a45,youtube.com,youtube,2026-10-03T01:27:58.412Z,m-youtube-fan-game-alternative,/watch
0c8c89501981da09,ludeon.com,other,2026-10-02T23:18:50.369Z,d-H10-3,/forums/index.php
0cb0a8346d063939,x.com,x,2026-10-02T22:49:47.240Z,m-x-mod-tools-recommendation,/[handle]/status/2010417751949758898
0cb295c8f26ad475,curseforge.com,curseforge,2026-10-02T22:59:00.557Z,m-curseforge-pc-port-howto;m-curseforge-pc-port-recommendation,/minecraft/modpacks/minecraft-ps1-pc-port/files/5407114
0cc16ed6b36100f8,steamcommunity.com,steam,2026-10-03T00:38:05.363Z,m-steam-ip-revival-request,/sharedfiles/filedetails
0cc8e49c76e03ce1,moddb.com,moddb,2026-10-02T22:56:48.496Z,m-moddb-mod-creation-howto,/members/[handle]/blogs/making-mods
0cd0f9ebb96299df,halloweenhorrornights.fandom.com,fandom,2026-10-02T22:51:17.832Z,m-fandom-ip-revival-recommendation,/wiki/The_Evil_Dead_(Franchise)
0cfc4ba811a4ce86,tiktok.com,tiktok,2026-10-03T00:59:33.868Z,m-tiktok-rust-rebuild-alternative,/discover/alternative-a-capcut
0d193b75d927c41e,resetera.com,resetera,2026-10-02T22:54:46.030Z,m-resetera-pc-port-alternative,/threads/how-why-did-port-begging-become-a-bannable-offense-on-strictly-moderated-gaming-forums.1263768/page-7
0d1aa29897b7a260,discuss.dev.twitch.tv,twitch,2026-10-02T23:09:32.462Z,m-twitch-mod-creation-problem,/[handle]/new-chatters-api-endpoint-now-available-in-open-beta/40962
0d4cf1ea56887b4b,disboard.org,discord,2026-10-02T22:50:13.211Z,m-discord-pc-port-alternative;m-discord-pc-port-problem,/servers/tag/sonic-rp
0d55dca4d501ab50,steamcommunity.com,steam,2026-10-03T00:26:33.023Z,m-steam-pc-port-recommendation,/app/241930/discussions/0/613937306869581236
0d612ee7def34e26,moddb.com,moddb,2026-10-03T00:31:28.842Z,m-moddb-mod-install-alternative,/games/watch-dogs/addons
0d70a587fd0dd8d5,moddb.com,moddb,2026-10-03T00:31:28.842Z,m-moddb-mod-install-alternative,/members/[handle]
0d882c3b8785ba3a,gamebanana.com,gamebanana,2026-10-03T00:41:52.172Z,m-gamebanana-mod-creation-recommendation,/threads/219579
0d898db2cac0fe47,gamebanana.com,gamebanana,2026-10-02T22:58:41.408Z,m-gamebanana-community-problem,/questions/45458
0de46992406b90d4,old.thunderstore.io,thunderstore,2026-10-02T23:01:39.357Z,m-thunderstore-rust-rebuild-request,/c/[handle]
0df91559d5470759,help.twitch.tv,twitch,2026-10-02T23:10:20.258Z,m-twitch-community-request,/[handle]/article/suspicious-user-controls
0dfed503ae7b413d,reddit.com,reddit,2026-10-02T22:48:31.516Z,m-reddit-ip-revival-problem,/r/dragonage/comments/1q3wemu/i_dont_consider_dragon_age_dead
0e028091ebd52e4d,x.com,x,2026-10-03T01:03:25.356Z,m-x-ip-revival-problem,/[handle]/status/2078031701297549536
0e178064a04641cc,tiktok.com,tiktok,2026-10-02T23:08:46.245Z,m-tiktok-ip-revival-alternative,/@[handle]/video/7661608794522225942
0e26da1fc68b677b,resetera.com,resetera,2026-10-03T00:43:07.412Z,m-resetera-decomp-problem,/threads/twilight-princess-decompiled-port-released-for-pc-and-mobile.1515685/page-9
0e3c23e9a986a3f5,twitch.tv,twitch,2026-10-03T00:10:58.137Z,m-twitch-learning-recommendation,/videos/353025267
0e49493dad5d2be0,old.thunderstore.io,thunderstore,2026-10-02T23:01:24.550Z,m-thunderstore-mod-creation-problem,/c/[handle]/p/warpalicious/Plains_Pack_1/v/1.0.1
0e4dd1bb7b512ffa,x.com,x,2026-10-02T22:49:05.696Z,m-x-mod-creation-request,/[handle]/status/2093001780846010652
0e75b8991758021f,resetera.com,resetera,2026-10-02T22:54:46.030Z,m-resetera-pc-port-alternative,/threads/decompilation-projects-ot-free-next-gen-update-for-your-favorite-classics.682687/page-6
0e824d40880da038,gamebanana.com,gamebanana,2026-10-02T22:57:50.122Z,m-gamebanana-mod-creation-alternative,/mods/340898
0e8d022b4fc8c54a,steamcommunity.com,steam,2026-10-02T23:02:33.676Z,m-steam-decomp-request,/app/224540/discussions/0/3201493200064545159
0ebebb103f1916c0,tiktok.com,tiktok,2026-10-03T01:20:33.146Z,m-tiktok-ip-revival-recommendation,/@[handle]/video/7687347473479683358
0ee4858e64183684,resetera.com,resetera,2026-10-03T01:19:07.220Z,m-resetera-mod-creation-request,/threads/lets-reminisce-when-bethesda-tried-to-charge-us-for-skyrim-mods.732213
0eefdead2f050f11,itch.io,itchio,2026-10-02T23:03:26.033Z,m-itchio-mod-install-howto,/t/2457445/tutorial-install-mods-on-android-build
0f4d123d84950574,x.com,x,2026-10-02T22:49:05.696Z,m-x-mod-creation-request,/[handle]
0f86bb38aacccc24,fandom.com,fandom,2026-10-02T22:51:01.457Z,m-fandom-pc-port-problem,/articles/ni-no-kuni-ii-impressions
0f8a85a9d6234b6e,tiktok.com,tiktok,2026-10-02T23:08:38.435Z,m-tiktok-rust-rebuild-problem,/discover/how-to-copy-a-video-in-capcut-pc
0fb971f28f5724e3,reddit.com,reddit,2026-10-03T00:59:03.821Z,m-reddit-decomp-recommendation;x-add-3,/r/SteamDeck/comments/1j6cnzz/pc_ports_decompilations_recompilations_remakes
0ff90b895fb7753d,news.ycombinator.com,hackernews,2026-10-02T23:12:28.548Z,m-hackernews-decomp-recommendation,/item
0ff94d0ffd8bf3e2,gamebanana.com,gamebanana,2026-10-02T22:58:46.173Z,m-gamebanana-legal-howto;m-gamebanana-legal-request,/mods/688785
1013835dc986aef1,steamcommunity.com,steam,2026-10-02T23:02:17.720Z,m-steam-mod-install-problem,/app/34330/discussions/0/540739405763442589
101670af08426172,steamcommunity.com,steam,2026-10-02T23:03:00.788Z,m-steam-learning-request,/sharedfiles/filedetails
10223f7e1a170f78,reddit.com,reddit,2026-10-02T22:48:31.516Z,m-reddit-ip-revival-problem,/r/blankies/comments/wk3j8w/what_are_some_of_the_biggest_examples_of_dead
1049e19159b1f3b2,nexusmods.com,nexusmods,2026-10-03T01:20:40.700Z,m-nexusmods-pc-port-request,/princeofpersiawarriorwithin/mods/35
10573243cd7fa417,gamebanana.com,gamebanana,2026-10-03T01:05:17.592Z,m-gamebanana-mod-install-request,/tuts/12515
1060329cf56a6018,youtube.com,youtube,2026-10-03T00:46:19.670Z,m-youtube-learning-problem,/watch
10620d8444ddae8f,forums.nexusmods.com,nexusmods,2026-10-02T22:55:44.499Z,m-nexusmods-mod-install-howto;m-nexusmods-mod-install-recommendation,/topic/1246311-how-do-i-manually-install-mods
108588fd0ee9fd23,tiktok.com,tiktok,2026-10-02T23:08:56.807Z,m-tiktok-learning-recommendation,/@[handle]/video/7641178445615090974
108a72369b5fedee,users.rust-lang.org,rustforum,2026-10-03T01:07:20.306Z,m-rustforum-learning-request,/t/feedback-requested-the-rust-book-abridged/93043
10af00293b293c59,youtube.com,youtube,2026-10-02T23:07:14.419Z,m-youtube-pc-port-alternative,/watch
10bd1ed0eaaa2b94,thunderstore.io,thunderstore,2026-10-02T23:01:39.357Z,m-thunderstore-rust-rebuild-request,/c/[handle]
10ee73e7292e0fcf,users.rust-lang.org,rustforum,2026-10-02T23:14:16.409Z,m-rustforum-learning-howto,/t/basic-questions-confusion-about-use-and-self/130569
10fc89ea8553704a,sonic.fandom.com,fandom,2026-10-03T00:53:43.655Z,m-fandom-community-recommendation,/f/p/4400000000000220811
11403984bfe41798,users.rust-lang.org,rustforum,2026-10-03T00:32:21.145Z,m-rustforum-rust-rebuild-recommendation,/t/feedback-on-essay-about-rusts-ideology/126418
11414a9c200771f0,news.ycombinator.com,hackernews,2026-10-03T00:15:39.781Z,m-hackernews-fan-game-request;m-hackernews-pc-port-problem,/item
114556e62802833f,gbatemp.net,gbatemp,2026-10-02T22:53:13.853Z,m-gbatemp-fan-game-alternative,/threads/games-youve-yet-to-beat-why.674859
11535f91f27b80b5,steamcommunity.com,steam,2026-10-02T23:16:22.070Z,d-H6-1,/app/261550/discussions/0/4351116183217264479
1162d5936f2eebdb,pcgamer.com,other,2026-10-02T23:14:52.595Z,d-H1-3,/gaming-industry/steamdb-changes-hands-to-nexus-mods-which-means-it-needs-to-make-money-now-but-there-wont-be-ads-or-paywalls
1177e846d835f1b8,rockstargames.fandom.com,fandom,2026-10-02T22:51:01.457Z,m-fandom-pc-port-problem,/wiki/Personal_Computer
117859f2325c0937,smashhitlab.fandom.com,fandom,2026-10-03T00:52:57.894Z,m-fandom-decomp-request,/wiki/LitMesh
12421f2461892b19,gamebanana.com,gamebanana,2026-10-03T01:22:41.843Z,m-gamebanana-fan-game-request,/requests/95846
12add6978e1382a1,forums.minecraftforge.net,other,2026-10-02T23:16:11.627Z,d-H5-3,/topic/84102-how-do-people-get-so-good-at-modding
12c0ded4a0ba6e1a,youtube.com,youtube,2026-10-03T00:46:19.670Z,m-youtube-learning-problem,/watch
12c3ddd40a12d052,x.com,x,2026-10-02T22:49:05.696Z,m-x-mod-creation-request,/[handle]/status/1401769762955436033
1314787cc982ba91,disboard.org,discord,2026-10-02T22:50:16.869Z,m-discord-decomp-howto;m-discord-learning-howto,/server
131888358957fe4e,steamcommunity.com,steam,2026-10-02T23:06:08.873Z,m-steam-mod-tools-alternative,/app/949230/discussions/0/3877095833474028444
134b04c0966bdee1,twitch.tv,twitch,2026-10-02T23:10:08.324Z,m-twitch-mod-tools-howto,/videos/399193141
1351278bd2fb3274,reddit.com,reddit,2026-10-02T23:14:57.039Z,d-H2-1,/r/cscareerquestions/comments/iq1ge4/computer_scientists_and_software_engineers_tell
135bcb9da475f507,news.ycombinator.com,hackernews,2026-10-02T23:12:12.869Z,m-hackernews-mod-creation-alternative;m-hackernews-mod-install-howto,/item
1382f23bcbc1f7a6,gbatemp.net,gbatemp,2026-10-03T00:12:24.102Z,m-gbatemp-mod-install-recommendation,/threads/release-simplemoddownloader-a-mod-downloader-for-your-switch.634868
13a4b28b06aca2c1,mod.io,modio,2026-10-03T00:53:25.337Z,m-modio-mod-install-problem,/g/timberborn/m/unstuckify
13b5be5019b44d77,uboat.fandom.com,fandom,2026-10-03T00:42:47.444Z,m-fandom-learning-request,/wiki/Modding/Tutorial/Setting_Up_Unity_Project:_In_Depth
13b737373de7f576,news.ycombinator.com,hackernews,2026-10-02T23:21:59.045Z,m-hackernews-rust-rebuild-alternative;m-hackernews-rust-rebuild-problem,/item
13de684b2cbf90b2,reddit.com,reddit,2026-10-03T00:23:16.376Z,m-reddit-ip-revival-alternative,/r/TwoBestFriendsPlay/comments/12jx34p/what_franchise_was_peacefully_laid_to_rest
14007615a97cc9e9,reddit.com,reddit,2026-10-02T22:48:21.137Z,m-reddit-rust-rebuild-request,/r/rustjerk/comments/msoysj/it_is_year_2028_and_linux_has_been_completely
140161d219737913,reddit.com,reddit,2026-10-03T00:23:16.376Z,m-reddit-ip-revival-alternative,/r/gaming/comments/1p1llar/a_game_series_youre_surprised_is_dead
140ec54da1c8d6fc,news.ycombinator.com,hackernews,2026-10-02T23:12:37.959Z,m-hackernews-fan-game-howto,/item
14677df89ef02f83,gamebanana.com,gamebanana,2026-10-03T01:22:41.843Z,m-gamebanana-fan-game-request,/requests/72144
1471ede2e4843626,github.com,github,2026-10-02T23:11:22.657Z,m-github-decomp-problem,/[handle]/Krakatau/issues/58
1478dc9f0eedf851,thunderstore.io,thunderstore,2026-10-02T23:01:18.658Z,m-thunderstore-mod-install-recommendation,/c/[handle]/p/ebkr/r2modman/v/3.1.18
148d7b9ad9b1c662,news.ycombinator.com,hackernews,2026-10-02T23:13:11.276Z,m-hackernews-community-alternative;m-hackernews-community-problem,/item
1491ec3e36324362,m.twitch.tv,twitch,2026-10-03T00:33:09.546Z,m-twitch-legal-howto,/[handle]/clip/CalmIronicMartenBudBlast-d2N_33OmtBUpdbat
14b7262fab8e3e7d,curseforge.com,curseforge,2026-10-02T22:59:00.557Z,m-curseforge-pc-port-howto;m-curseforge-pc-port-recommendation,/minecraft/modpacks/minecraft-ps1-pc-port/relations/dependencies
14bd053450eeab1b,news.ycombinator.com,hackernews,2026-10-02T23:12:37.959Z,m-hackernews-fan-game-howto,/item
14c9f2fc50798614,github.com,github,2026-10-03T00:17:11.452Z,m-github-mod-install-recommendation,/[handle]/how-to-install-mods-in-death-stranding-for-pc
14dd23c1623aa170,users.rust-lang.org,rustforum,2026-10-03T01:02:34.297Z,m-rustforum-mod-creation-howto,/t/parsing-system-time/46160
14dff352e9b4ad6f,gamebanana.com,gamebanana,2026-10-03T00:51:53.594Z,m-gamebanana-mod-tools-problem,/questions/16775
15094590e8122397,gbatemp.net,gbatemp,2026-10-02T22:52:49.231Z,m-gbatemp-mod-install-alternative,/threads/tutorial-noob-proof-guide-on-how-to-get-ps3-cfw-on-ofw-4-82.490357/page-3
15580d5f5f1723a6,gamebanana.com,gamebanana,2026-10-02T22:58:41.408Z,m-gamebanana-community-problem,/questions/45733
1566928753e28fe9,resetera.com,resetera,2026-10-02T22:52:27.259Z,m-resetera-mod-tools-alternative,/threads/linux-steamos-ot-its-a-linux-system%E2%80%A6-i-know-this.557173/page-196
15686a7db5110c05,steamcommunity.com,steam,2026-10-02T23:06:05.333Z,m-steam-mod-creation-howto,/app/2436940
1576ff2d600641c8,curseforge.com,curseforge,2026-10-02T22:58:49.898Z,m-curseforge-mod-install-alternative,/sword-art-online-fatal-bullet/mods/alternative-asuna-looks-standalone
15800fb12ed9e2aa,google.com,other,2026-10-02T23:16:22.070Z,d-H6-1,/goto
1594a69cecc383fa,thunderstore.io,thunderstore,2026-10-02T23:05:49.611Z,m-thunderstore-pc-port-howto,/c/[handle]
1597adddd2121f5e,moddb.com,moddb,2026-10-03T01:20:10.755Z,m-moddb-legal-alternative,/members/[handle]/reviews
159bba5c85fbcd8b,nexusmods.com,nexusmods,2026-10-02T22:55:55.432Z,m-nexusmods-decomp-alternative,/fablethelostchapters/mods/592
15b29e1c7b0afb36,youtube.com,youtube,2026-10-03T00:23:26.849Z,m-youtube-legal-alternative,/watch
15fac9353a464cd8,disboard.org,discord,2026-10-02T22:50:03.620Z,m-discord-mod-install-request,/pt-br/servers/tag/arma-3
1612f91724afcfee,steamcommunity.com,steam,2026-10-02T23:02:44.970Z,m-steam-fan-game-problem,/discussions/forum/7/458607518212476952
1620772300d0bdcb,overwolf.com,other,2026-10-02T23:15:19.922Z,d-H11-3;d-H3-1,/app/thunderstore-thunderstore_mod_manager
164864a82b08c8c2,disboard.org,discord,2026-10-02T22:50:29.636Z,m-discord-ip-revival-recommendation,/servers/tag/rdr
1676c9c667ffba9b,github.com,github,2026-10-02T23:11:14.721Z,m-github-pc-port-recommendation,/[handle]
167cdc119a36f2b2,news.ycombinator.com,hackernews,2026-10-02T23:21:53.667Z,m-hackernews-pc-port-request,/item
168d5fba637db2c9,reddit.com,reddit,2026-10-03T00:50:40.512Z,m-reddit-learning-recommendation,/r/SurrounDead/comments/1mtqkb9/should_i_make_a_tutorial_on_how_to_make_mods
16983ef78082507b,youtube.com,youtube,2026-10-03T00:23:26.849Z,m-youtube-legal-alternative,/shorts/JtXUklPmDXM
16c220997c396180,mod.io,modio,2026-10-02T22:59:59.285Z,m-modio-mod-creation-recommendation,/g/battletalent/r/creating-mods
16cb26799091b34b,gbatemp.net,gbatemp,2026-10-03T00:48:30.860Z,m-gbatemp-mod-tools-howto,/threads/acnl-need-info-about-modding-tools-for-new-leaf.649983
16da0b334b36a16d,disboard.org,discord,2026-10-03T00:09:13.017Z,m-discord-community-recommendation,/es/servers/tag/heist
16f9e7e810e17c36,blog.curseforge.com,curseforge,2026-10-03T01:02:10.329Z,m-curseforge-mod-install-recommendation,/how-to-install-mods-for-hytale
17158cc2aa9d0134,moddb.com,moddb,2026-10-02T23:04:54.068Z,m-moddb-legal-problem,/mods/the-time-war/articles
174c16141b81da8d,github.com,github,2026-10-03T01:22:18.279Z,m-github-mod-tools-howto,/[handle]/Cyberpunk-Modding-Docs/blob/main/for-mod-creators-theory/modding-tools/redmod/script-modding.md
1763399936ed802b,dwightgingrich.com,other,2026-10-02T23:19:01.217Z,d-H11-2,/why-i-use-bible-commentaries
178d74d63e6c62a8,moddb.com,moddb,2026-10-02T22:56:57.288Z,m-moddb-mod-tools-alternative;m-moddb-pc-port-alternative,/tags/tools
179eab14d1feeb63,github.com,github,2026-10-02T23:21:21.988Z,m-github-mod-install-alternative,/[handle]/Mods-of-Mistria-Installer
17b5301d5fbc76c6,users.rust-lang.org,rustforum,2026-10-03T00:40:55.483Z,m-rustforum-mod-tools-alternative,/t/alternative-io-altio-0-1-0-published/104430
17c6b6232a4f5da4,honolulu.gov,other,2026-10-03T01:46:12.495Z,x-add-1,/oca/wp-content/uploads/sites/39/2025/03/The-NCS-Report-Honolulu-HI-2024.pdf
17d5ba0d73b204f6,youtube.com,youtube,2026-10-02T23:20:28.246Z,m-youtube-community-recommendation,/watch
17dad0557d88053b,x.com,x,2026-10-02T22:49:59.548Z,m-x-legal-alternative,/[handle]/status/1948029807226499349
17dee3b250f4aed9,gamebanana.com,gamebanana,2026-10-03T00:24:05.867Z,m-gamebanana-ip-revival-recommendation,/requests/44040
17eddb3e6eb5ced1,curseforge.com,curseforge,2026-10-02T22:59:00.557Z,m-curseforge-pc-port-howto;m-curseforge-pc-port-recommendation,/minecraft/modpacks/minecraft-ps1-pc-port
17ee5aa5cd3ab42e,gbatemp.net,gbatemp,2026-10-02T22:53:13.853Z,m-gbatemp-fan-game-alternative,/threads/nintendo-officially-killed-am2r.440542
180543550a50b2d1,resetera.com,resetera,2026-10-02T23:17:47.399Z,d-H9-3,/threads/the-way-ubisoft-handles-language-in-games-should-be-standard.73306
180b940b11df0729,nexusmods.com,nexusmods,2026-10-03T00:16:18.856Z,m-nexusmods-fan-game-howto,/swammysattackontitanfangame/news/15546
181065c3ed13d729,gbatemp.net,gbatemp,2026-10-03T00:29:35.621Z,m-gbatemp-community-request,/threads/the-legend-of-zelda-tears-of-the-kingdom-request.632111/page-41
182ade3dc51612eb,tiktok.com,tiktok,2026-10-03T00:17:59.445Z,m-tiktok-community-alternative,/discover/root-modding-discord
1831caf56208385e,steamcommunity.com,steam,2026-10-02T23:02:33.676Z,m-steam-decomp-request,/sharedfiles/filedetails
183ab83b0ca999fd,moddb.com,moddb,2026-10-03T01:04:32.871Z,m-moddb-mod-tools-recommendation,/tags/mod-tools
1841aecdda4340b4,youtube.com,youtube,2026-10-02T23:07:14.419Z,m-youtube-pc-port-alternative,/watch
185cedcac4f0b650,[handle].itch.io,itchio,2026-10-03T01:16:55.706Z,m-itchio-mod-install-request,/votv/community
1861c4b6d0cf9141,news.ycombinator.com,hackernews,2026-10-02T23:13:06.157Z,m-hackernews-learning-recommendation,/item
186ddb2751335f3a,github.com,github,2026-10-03T00:49:09.424Z,m-github-fan-game-recommendation,/[handle]/Project-86
1881728a77ef327a,steamcommunity.com,steam,2026-10-03T01:22:28.432Z,m-steam-learning-problem,/app/244850/discussions/0/3877093932384002708
188932f4c06ce3bf,github.com,github,2026-10-02T23:11:40.531Z,m-github-fan-game-alternative,/[handle]/Millennium
18a5330e15e2f269,talkingfriends.fandom.com,fandom,2026-10-02T22:51:01.457Z,m-fandom-pc-port-problem,/f/p/4400000000002401765/r/4400000000012526818
18b5bb07a4f65262,old.thunderstore.io,thunderstore,2026-10-02T23:06:01.654Z,m-thunderstore-mod-tools-howto,/c/[handle]/p/slayer6409/SlayersSillyStuff
1927b2c3bcbcc3d1,reddit.com,reddit,2026-10-02T23:15:33.120Z,d-H3-3,/r/SkyrimMemes/comments/1cy71qu/people_really_out_here_installing_mods_without
192b9c9e3b79bd93,resetera.com,resetera,2026-10-02T22:52:16.269Z,m-resetera-fan-game-problem,/threads/sonic-project-hero-3d-sonic-done-right-fan-engine.115780
19488d6e41de533e,steamcommunity.com,steam,2026-10-02T23:03:05.268Z,m-steam-community-recommendation,/app/2362060/discussions/0/601910394159796162
195bbcf90b2cec44,gamebanana.com,gamebanana,2026-10-02T22:58:37.019Z,m-gamebanana-learning-recommendation,/tuts/16807
1963b087e1cdf886,resetera.com,resetera,2026-10-02T22:52:16.269Z,m-resetera-fan-game-problem,/threads/pokemon-phoenix-rising-fan-game-demo-is-now-available-for-download.44874/page-3
19e9e16cc55588c7,curseforge.com,curseforge,2026-10-03T00:34:12.733Z,m-curseforge-decomp-alternative,/minecraft/mc-mods/actions-stuff-outline
19f4f7ac9f9fb6a4,gbatemp.net,gbatemp,2026-10-03T00:41:59.434Z,m-gbatemp-fan-game-recommendation,/threads/fan-game-yet-another-mario-kart-clone.581481
1a069b56b2fae12f,disboard.org,discord,2026-10-03T01:20:57.824Z,m-discord-mod-tools-alternative,/servers/tag/modding+
1a1d56d8211743f7,tiktok.com,tiktok,2026-10-02T23:08:16.117Z,m-tiktok-mod-install-howto,/discover/how-to-install-mods-to-bedrock
1a2288163d6c6e8e,x.com,x,2026-10-02T22:49:54.739Z,m-x-community-howto,/[handle]/status/1904146708818231677
1a8b790d3c6c7010,x.com,x,2026-10-02T22:49:47.240Z,m-x-mod-tools-recommendation,/[handle]/status/1858550291395690615/photo/1
1a96d70c39d881fb,gbatemp.net,gbatemp,2026-10-02T22:53:25.601Z,m-gbatemp-mod-tools-howto;m-gbatemp-mod-tools-recommendation,/threads/places-to-buy-xbox360-modding-tools.571528
1ab80f063eef966c,meta.stackoverflow.com,other,2026-10-02T23:24:00.148Z,d-H2-3,/questions/350926/2017-survey-vim-is-for-old-people-joking
1af936347591b393,disboard.org,discord,2026-10-03T01:11:52.834Z,m-discord-learning-request,/servers/tag/modding+
1b1046bd00f1d5d3,resetera.com,resetera,2026-10-02T22:54:46.030Z,m-resetera-pc-port-alternative,/threads/jason-schreier-hermen-hulst-said-playstation-pc-port-didnt-make-enough-money.1556332/page-14
1b7db2f2da8653d7,tiktok.com,tiktok,2026-10-03T00:28:06.631Z,m-tiktok-legal-request,/@[handle]/video/7679980992517442846
1b7e4bba02f620d3,tiktok.com,tiktok,2026-10-03T00:28:06.631Z,m-tiktok-legal-request,/@[handle]/video/7636658819023506710
1ba59d73e4af4f19,nexusmods.com,nexusmods,2026-10-03T00:28:59.305Z,m-nexusmods-legal-howto,/farcry4/videos/5
1bc089e5c404050e,cli.github.com,github,2026-10-02T23:11:14.721Z,m-github-community-howto;m-github-learning-problem;m-github-mod-tools-recommendation;m-github-pc-port-recommendation;m-github-rust-rebuild-request,/
1bcad468e57cc2f5,youtube.com,youtube,2026-10-02T23:07:42.537Z,m-youtube-mod-tools-alternative,/watch
1bcf10d30c20dac7,reddit.com,reddit,2026-10-02T22:48:27.160Z,m-reddit-fan-game-recommendation,/r/dragonage/comments/1jdu1ts/da_fan_game_recommendations
1bd8ef0946d80fe9,github.com,github,2026-10-03T00:49:09.424Z,m-github-fan-game-recommendation,/[handle]/Megaman-Maverick
1be496cc853749de,twitch.tv,twitch,2026-10-03T00:33:09.546Z,m-twitch-legal-howto,/[handle]/clip/ConfidentFreezingQueleaDoubleRainbow-IQZDMKmLHk19Qo89
1c11dbf4ea7dddc5,gamebanana.com,gamebanana,2026-10-02T22:58:41.408Z,m-gamebanana-community-problem,/questions/73910
1c1a778c498d3303,gamebanana.com,gamebanana,2026-10-03T00:41:52.172Z,m-gamebanana-mod-creation-recommendation,/questions/82774
1c23eb4e612fd9e3,x.com,x,2026-10-03T01:26:25.063Z,m-x-mod-install-recommendation,/[handle]
1c26688853cc1f2c,[handle].itch.io,itchio,2026-10-03T00:33:54.714Z,m-itchio-ip-revival-recommendation,/evil-is-back
1c2bbd7e16e9b530,reddit.com,reddit,2026-10-02T22:48:16.567Z,m-reddit-decomp-alternative,/r/ModdedMinecraft/comments/1rtf96e/modmorpher_a_javatobedrock_addon_transpilation
1c3e6b928abc0e25,curseforge.com,curseforge,2026-10-02T22:58:49.898Z,m-curseforge-mod-install-alternative,/sword-art-online-fatal-bullet/mods/custom-z-suit-f-alternative-color-theme-replacer
1c579ce738788a7c,youtube.com,youtube,2026-10-03T00:14:05.505Z,m-youtube-mod-install-alternative,/watch
1c6b83f7cab029b6,curseforge.com,curseforge,2026-10-03T00:27:11.366Z,m-curseforge-mod-creation-problem,/minecraft/mc-mods/alexs-mobs-1-21-1-port
1c802b6bdf4d0721,youtube.com,youtube,2026-10-02T23:07:47.458Z,m-youtube-learning-request,/watch
1c8faaba736a1cdc,reddit.com,reddit,2026-10-02T22:48:05.416Z,d-H6-3;m-reddit-mod-creation-problem,/r/GameDevelopment/comments/1hxje1v/how_is_it_possible_that_what_developers_cant
1c96ccd9fc9f7241,moddb.com,moddb,2026-10-03T01:04:32.871Z,m-moddb-mod-tools-recommendation,/downloads/modding-tools-105
1ca1f40f84c55366,moddb.com,moddb,2026-10-03T01:04:32.871Z,m-moddb-mod-tools-recommendation,/games/empire-total-war-mobile/downloads/cobshops-modding-tools
1caa9c0dbafbd9eb,gamebanana.com,gamebanana,2026-10-03T00:31:03.231Z,m-gamebanana-decomp-howto,/tuts/15290
1caba37ee260b213,github.com,github,2026-10-03T00:43:27.182Z,m-github-rust-rebuild-request,/[handle]
1cdb3d5babb9828c,disboard.org,discord,2026-10-02T22:50:13.211Z,m-discord-pc-port-problem,/servers/tag/sonic.exe
1ce1b3d2358898b5,m.twitch.tv,twitch,2026-10-03T00:33:09.546Z,m-twitch-legal-howto,/videos/1940473350
1cf40fd3f953e790,youtube.com,youtube,2026-10-03T01:27:58.412Z,m-youtube-fan-game-alternative,/watch
1cf78004724fc26c,steamcommunity.com,steam,2026-10-02T23:02:17.720Z,m-steam-mod-install-problem,/app/379430/discussions/0/600768571255039636
1d273f6105795063,youtube.com,youtube,2026-10-02T23:07:19.623Z,m-youtube-decomp-request,/watch
1d52658cbe8baa93,x.com,x,2026-10-02T22:49:05.696Z,m-x-mod-creation-request,/[handle]
1d634e3b2cd120aa,gamebanana.com,gamebanana,2026-10-03T00:51:53.594Z,m-gamebanana-mod-tools-problem,/questions/31913
1d75a2889ce10818,tiktok.com,tiktok,2026-10-03T01:17:19.035Z,m-tiktok-pc-port-problem,/discover/why-does-the-last-of-us-part-2-keep-crashing-on-pc
1d7d0d42d8ef8b2e,resetera.com,resetera,2026-10-02T22:52:38.427Z,m-resetera-community-howto;m-resetera-community-recommendation,/threads/halo-pc-modding-tutorials-and-downloads-also-re-enable-forge.157798/page-2
1d7d70bdd714ea0b,gbatemp.net,gbatemp,2026-10-02T22:54:58.946Z,m-gbatemp-ip-revival-request,/review/salt-and-sanctuary.841
1d8b5b5adb684aab,mod.io,modio,2026-10-02T23:00:28.614Z,m-modio-mod-tools-problem,/g/drg/m/sandbox-utilities
1d9f8f35409c31bc,fridaynightfunking.fandom.com,fandom,2026-10-03T00:53:43.655Z,m-fandom-community-recommendation,/f/u/[handle]
1dd31a4e0d377c1f,news.ycombinator.com,hackernews,2026-10-02T23:13:11.276Z,m-hackernews-community-alternative;m-hackernews-community-problem,/item
1df02e62be1d883d,resetera.com,resetera,2026-10-02T22:52:07.709Z,m-resetera-decomp-request,/threads/favourite-airships-of-final-fantasy.175075
1dfd4379aa19ecef,gist.github.com,github,2026-10-02T23:11:45.671Z,m-github-ip-revival-request,/[handle]/42bdd751ad0fb33321e5b8efeb4ff9a4
1e5724e63e9ee887,gbatemp.net,gbatemp,2026-10-03T00:12:24.102Z,m-gbatemp-mod-install-recommendation,/threads/minecraft-mods.568892
1e634b24df9dc1ac,users.rust-lang.org,rustforum,2026-10-02T23:14:16.409Z,m-rustforum-learning-howto,/t/idea-multi-line-pub-mod/133276/4
1e66db957d0cafa1,old.thunderstore.io,thunderstore,2026-10-02T23:02:01.972Z,m-thunderstore-learning-alternative,/package/OblvionAXiS/RainstormRefinery
1e8ce80e431b9d50,gamebanana.com,gamebanana,2026-10-03T00:56:53.756Z,m-gamebanana-pc-port-problem,/questions/80998
1e9516061a9da4d9,curseforge.com,curseforge,2026-10-03T00:20:16.124Z,m-curseforge-community-request,/minecraft/mc-mods/crash-assistant/files/7246883
1e99c13d2f390917,mlb.com,other,2026-10-02T23:16:38.682Z,d-H7-1,/bluejays/player/dylan-cease-656302
1ea86273abc89a36,[handle].itch.io,itchio,2026-10-03T00:44:40.310Z,m-itchio-pc-port-problem,/oids
1ecd414a91937d84,steamcommunity.com,steam,2026-10-02T23:02:17.720Z,m-steam-mod-install-problem,/app/1280780/discussions/3/3053988173737520708
1ed16d429f37db99,resetera.com,resetera,2026-10-02T22:52:07.709Z,m-resetera-decomp-request,/threads/rhythm-heaven-groove-review-thread.1565830
1ee079c18e61f6d6,gamebanana.com,gamebanana,2026-10-03T00:37:18.946Z,m-gamebanana-community-alternative,/mods/585739
1eec9767c5919aeb,steamcommunity.com,steam,2026-10-02T23:06:18.072Z,m-steam-legal-problem,/app/1898920/discussions/0/3364776031342816676
1ef060304ece3708,github.com,github,2026-10-02T23:11:40.531Z,m-github-fan-game-alternative,/[handle]/Silent-Hill-United-Public
1f18cfe4269f42a5,news.ycombinator.com,hackernews,2026-10-03T00:15:39.781Z,m-hackernews-fan-game-request;m-hackernews-pc-port-problem,/item
1f235ac638d91dcf,github.com,github,2026-10-03T00:49:09.424Z,m-github-fan-game-recommendation,/[handle]/MMX
1f2fe91135e4a165,users.rust-lang.org,rustforum,2026-10-02T23:23:05.785Z,m-rustforum-pc-port-problem,/t/rust-rocket-binding-socket/39019
1f3ea569b8fc116f,news.ycombinator.com,hackernews,2026-10-02T23:12:28.548Z,m-hackernews-decomp-recommendation,/item
1f58870d1c97f87b,tiktok.com,tiktok,2026-10-02T23:08:56.807Z,m-tiktok-learning-recommendation,/@[handle]/video/7510176474498895126
1f6cdd8a96fd5764,nexusmods.com,nexusmods,2026-10-03T00:16:18.856Z,m-nexusmods-fan-game-howto,/swammysattackontitanfangame/news/10564
1f735ae3609656b9,x.com,x,2026-10-02T22:49:38.290Z,m-x-fan-game-alternative,/[handle]
1f84f6ea1cf1a801,resetera.com,resetera,2026-10-02T22:52:27.259Z,m-resetera-mod-creation-request;m-resetera-mod-tools-alternative,/threads/capcom-is-issuing-copyright-strikes-takedown-requests-on-monster-hunter-videos-featuring-mods.793434
1f88087710927bb4,freddy-fazbears-pizza.fandom.com,fandom,2026-10-02T22:51:13.434Z,m-fandom-fan-game-request,/f/p/4400000000002441881
1f957f45b4b28372,facebook.com,other,2026-10-02T23:16:22.070Z,d-H6-1,/groups/1357056960974096/posts/7144537678892633
1fae68f5e41003d0,resetera.com,resetera,2026-10-03T00:59:56.620Z,m-resetera-mod-install-alternative,/threads/modding-and-%E2%80%9Cfrankensteining%E2%80%9D-of-classic-games-has-to-be-kept-in-check.1092696/page-8
1fbf4355a3ddf278,github.com,github,2026-10-02T23:11:31.908Z,m-github-rust-rebuild-howto,/[handle]/pgrust
1fc612122134f957,youtube.com,youtube,2026-10-02T23:07:14.419Z,m-youtube-pc-port-alternative,/watch
1fe935f0c2ed293f,moddb.com,moddb,2026-10-02T23:04:54.068Z,m-moddb-legal-problem,/news/take-two-issues-cease-and-desist-for-gtav-mod-openiv
200131ed69769a6a,gbatemp.net,gbatemp,2026-10-02T22:54:58.946Z,m-gbatemp-ip-revival-request,/review/zero-parades-for-dead-spies.2722
2025309f3b084584,thunderstore.io,thunderstore,2026-10-02T23:02:07.037Z,m-thunderstore-community-request,/c/[handle]
205d903c833d40a1,ign.com,other,2026-10-02T23:17:14.512Z,d-H9-1,/articles/2018/01/22/rust-coming-out-of-early-access-in-february-but-still-not-ready-for-final-release
206647bb6262c463,news.ycombinator.com,hackernews,2026-10-03T01:00:23.231Z,m-hackernews-mod-tools-problem,/item
20da1d76c521d31b,reddit.com,reddit,2026-10-02T23:19:01.217Z,d-H11-2,/r/ObsidianMD/comments/1ukpxu1/why_i_use_folders_over_tags_or_categories
20dc43024f813035,mod.io,modio,2026-10-02T22:59:53.621Z,m-modio-mod-install-request,/g/nightclub-simulator/r/install-mods
20e093993d3ab787,reddit.com,reddit,2026-10-02T22:48:46.744Z,m-reddit-community-request,/r/DarkTide/comments/1evppo4/is_there_a_reliable_place_to_submit_requests_for
20e8bf49528b9bc2,thunderstore.io,thunderstore,2026-10-02T23:01:18.658Z,m-thunderstore-mod-install-recommendation,/c/[handle]/p/ebkr/r2modman/v/3.1.20
20eaf1447063f83a,nytimes.com,other,2026-10-02T23:19:01.217Z,d-H11-2,/2015/09/20/opinion/sunday/why-i-use-trigger-warnings.html
20ff221cb4049390,generation-zero.fandom.com,fandom,2026-10-03T01:16:04.593Z,m-fandom-mod-tools-alternative,/wiki/Modding
21062fb28db02e16,curseforge.com,curseforge,2026-10-03T00:27:11.366Z,m-curseforge-mod-creation-problem,/minecraft/mc-mods/mymod12345678901-fixed
21235a42ddc6e379,news.ycombinator.com,hackernews,2026-10-03T01:21:59.959Z,m-hackernews-community-alternative,/item
21350f545761a04b,forums.cncnz.com,other,2026-10-02T23:16:28.024Z,d-H6-2,/topic/18516-total-conversionsmods-that-became-standalone-games
2146c2dd4da67fed,gamebanana.com,gamebanana,2026-10-02T22:57:50.122Z,m-gamebanana-mod-creation-alternative,/threads/222749
2151fd3485008fce,deviantart.com,other,2026-10-02T23:14:43.306Z,d-H1-2,/streetmodders
218f1567c2ed62e0,curseforge.com,curseforge,2026-10-02T22:59:23.698Z,m-curseforge-fan-game-alternative,/minecraft-bedrock/search
2193126c17ef4db5,moddb.com,moddb,2026-10-03T00:10:30.766Z,m-moddb-mod-creation-request,/mods/sic-special-infantry-combat
21d0d40bb2fdcec8,steamcommunity.com,steam,2026-10-03T01:22:28.432Z,m-steam-learning-problem,/sharedfiles/filedetails
21e020891549b0e8,[handle].itch.io,itchio,2026-10-02T23:03:32.825Z,m-itchio-mod-creation-alternative,/citizens-of-tamriel
21fc9f28ca805192,tiktok.com,tiktok,2026-10-03T01:17:19.035Z,m-tiktok-pc-port-problem,/@[handle]/video/7382545194131934496
220caf4de9b0e386,nexusmods.com,nexusmods,2026-10-02T22:56:26.562Z,m-nexusmods-community-request,/storyofseasonsgrandbazaar/mods/87
2230ed210c75044e,facebook.com,other,2026-10-02T23:15:46.107Z,d-H4-2;x-add-4,/groups/factoriogroup/posts/1081207328877458
2231a2bc1cf4cd1b,steamcommunity.com,steam,2026-10-02T23:02:39.453Z,m-steam-rust-rebuild-howto;m-steam-rust-rebuild-recommendation,/app/975370/discussions/0/5568165891225331339
22490ee740c8a643,youtube.com,youtube,2026-10-02T23:07:47.458Z,m-youtube-learning-request,/watch
224a345b909895b0,youtube.com,youtube,2026-10-03T00:23:26.849Z,m-youtube-legal-alternative,/watch
224bc3e600e11846,news.ycombinator.com,hackernews,2026-10-02T23:16:57.568Z,d-H8-2,/item
2275c3f78067db2b,gbatemp.net,gbatemp,2026-10-03T01:21:07.554Z,m-gbatemp-ip-revival-problem,/threads/the-upcoming-panzer-dragoon-remake-will-also-release-on-steam-later-this-year.550890/page-2
22c81c69d8b97846,gamebanana.com,gamebanana,2026-10-03T00:24:05.867Z,m-gamebanana-ip-revival-recommendation,/mods/571622
22cb0ed3462e50fd,disboard.org,discord,2026-10-03T01:06:13.587Z,m-discord-ip-revival-howto,/fr/servers/tag/rockstargames
22d7365d2dcae27c,users.rust-lang.org,rustforum,2026-10-03T00:32:21.145Z,m-rustforum-rust-rebuild-recommendation,/t/easy-refactoring-to-rust-lang/98345
22edf50b10ba8586,resetera.com,resetera,2026-10-02T22:52:07.709Z,m-resetera-decomp-request,/threads/backrooms-review-thread.1530799
22efaabab2793a65,link.twitch.tv,twitch,2026-10-02T23:09:32.462Z,m-twitch-mod-creation-problem,/[handle]
22f39a0efaa29c9a,mod.io,modio,2026-10-02T23:00:28.614Z,m-modio-mod-tools-problem,/g/bonelab/m/simple-mirrors
230cd6d8498e4333,youtube.com,youtube,2026-10-03T00:23:26.849Z,m-youtube-legal-alternative,/watch
230d8c59e3fa1b5d,gbatemp.net,gbatemp,2026-10-02T22:53:07.100Z,m-gbatemp-rust-rebuild-howto,/threads/dsi-dsi-xl-problem-and-solution-master-list-in-progress.657084
233da4aef09a2b42,mod.io,modio,2026-10-02T23:00:23.798Z,m-modio-ip-revival-recommendation,/g/bonelab/m/alien-isolation-motion-tracker
233ff3e9c57880ae,curseforge.com,curseforge,2026-10-02T22:59:00.557Z,m-curseforge-pc-port-howto;m-curseforge-pc-port-recommendation,/minecraft/modpacks/minecraft-ps1-pc-port/files/all
234995249a704af0,tiktok.com,tiktok,2026-10-03T01:17:19.035Z,m-tiktok-pc-port-problem,/@[handle]/video/7060755159894199557
234e1cbc53c45d1e,gbatemp.net,gbatemp,2026-10-03T00:46:07.638Z,m-gbatemp-mod-creation-problem,/threads/steam-workshop-now-selling-game-mods-update-paid-mods-gone.387479/post-5469901
2368c9c5c7c31ca1,tiktok.com,tiktok,2026-10-02T23:08:38.435Z,m-tiktok-rust-rebuild-problem,/discover/if-u-join-7-day-capcut-free-trial-does-it-cancle-right-away
2399a83d796d7dfd,resetera.com,resetera,2026-10-03T00:43:07.412Z,m-resetera-decomp-problem,/threads/the-full-decompilation-of-super-mario-64-for-the-nintendo-64-is-now-released-on-github-unlicensed.137057
23bf6b4d3d03c358,moddb.com,moddb,2026-10-02T22:57:20.572Z,m-moddb-ip-revival-howto,/mods/zombies-ate-my-neighbors-hl-mod/news/progress-so-far-10th-october-2020
23f84949326f61a9,gbatemp.net,gbatemp,2026-10-02T22:52:56.869Z,m-gbatemp-pc-port-recommendation,/threads/listing-of-all-available-pc-ports.681641
24223f9e82cec5ce,itch.io,itchio,2026-10-02T23:03:54.795Z,m-itchio-ip-revival-alternative,/jam/dt5081---mystery-fungus
247c8ea464359d69,gbatemp.net,gbatemp,2026-10-02T22:52:56.869Z,m-gbatemp-pc-port-recommendation,/threads/banjo-kazooie-pc-port-lighthouse-released-includes-built-in-randomiser-and-rom-hack-support.683451
24819483077e88d2,itch.io,itchio,2026-10-02T23:03:54.795Z,m-itchio-ip-revival-alternative,/feed
2490b3beae660cab,steamcommunity.com,steam,2026-10-02T23:02:27.328Z,m-steam-pc-port-alternative,/app/206250/discussions/0/135514287303281063
2490c76a86c4b3d7,resetera.com,resetera,2026-10-02T22:52:16.269Z,m-resetera-fan-game-problem,/threads/dreams-of-saturn-2-0-shenmue-fan-game.1055097
24949646ecb67d91,reddit.com,reddit,2026-10-02T22:48:37.459Z,m-reddit-mod-tools-howto,/r/SourceEngine/comments/1l7a92m/any_good_source_engine_modding_tools_out_there
2494f1853f235cc7,reddit.com,reddit,2026-10-02T23:19:19.872Z,d-H12-2,/r/feedthebeast/comments/xvdtww/the_trend_of_using_discord_as_the_main
24b5705d564e0f86,gamebanana.com,gamebanana,2026-10-03T00:51:53.594Z,m-gamebanana-mod-tools-problem,/tools/21154
24fb3a43c8db4edf,curseforge.com,curseforge,2026-10-02T23:05:17.407Z,m-curseforge-rust-rebuild-howto,/minecraft/search
2509217f1a4bc821,mcreator.net,other,2026-10-02T23:15:46.107Z,d-H4-2,/forum/ideas
25738bde4d0d915d,steamcommunity.com,steam,2026-10-02T23:24:07.292Z,d-H5-1,/app/1091500/discussions/0/6363065234129839005
2576fe2ae8049667,gbatemp.net,gbatemp,2026-10-03T00:48:30.860Z,m-gbatemp-mod-tools-howto,/threads/cart-fury-champioship-racing-modding-tools-for-ps2.651272
25a12d01207f3f0d,curseforge.com,curseforge,2026-10-02T22:59:00.557Z,m-curseforge-pc-port-howto;m-curseforge-pc-port-recommendation,/minecraft/modpacks/minecraft-ps1-pc-port/files/5390434
25a88b3d7f5d6c6d,[handle].itch.io,itchio,2026-10-02T23:03:32.825Z,m-itchio-mod-creation-alternative,/mindustry/comments
25ca9c732ea46d8b,gamebanana.com,gamebanana,2026-10-02T22:58:37.019Z,m-gamebanana-learning-recommendation,/tuts/19916
25db1c3df04042a3,gamebanana.com,gamebanana,2026-10-02T23:04:58.074Z,m-gamebanana-decomp-recommendation,/mods/681885
25fea48a334d2b90,curseforge.com,curseforge,2026-10-02T22:58:49.898Z,m-curseforge-mod-install-alternative,/final-fantasy-xv/mods/community-texture-patch
26545279aade0bc5,tiktok.com,tiktok,2026-10-02T23:09:17.714Z,m-tiktok-legal-howto;m-tiktok-legal-request,/discover/what-are-cease-and-desist-letters
26571975ab8a3638,sonic.fandom.com,fandom,2026-10-03T00:34:37.098Z,m-fandom-fan-game-problem,/f/p/4400000000000133691/r/4400000000000401642
2698a6a817cebd45,resetera.com,resetera,2026-10-02T22:52:44.842Z,m-resetera-legal-problem,/threads/that-time-an-indie-game-had-saban-company-behind-power-rangers-as-an-enemy.1283133
26ac79a458720c22,resetera.com,resetera,2026-10-03T00:13:31.580Z,m-resetera-ip-revival-request,/threads/polygon-how-the-red-dead-franchise-began-the-making-of-red-dead-revolver-capcom-design-doc.75390
26aed4b98822bfb9,gamebanana.com,gamebanana,2026-10-02T22:58:41.408Z,m-gamebanana-community-problem,/questions/42220
26c39e5de7496c22,safety.twitch.tv,twitch,2026-10-02T23:10:20.258Z,m-twitch-community-request,/[handle]/article/appeals
26f34c9fd0a0f30a,gbatemp.net,gbatemp,2026-10-03T00:41:59.434Z,m-gbatemp-fan-game-recommendation,/threads/mega-man-25th-anniversary-an-8-bit-fan-game.338631
273b86ed01751272,twitch.tv,twitch,2026-10-03T00:33:09.546Z,m-twitch-legal-howto,/[handle]/clip/FurtiveAuspiciousTrufflePanicBasket-HaATHzqFIK8Gab0b
274aec7fe7f5f2c4,forums.nexusmods.com,nexusmods,2026-10-02T22:56:20.016Z,m-nexusmods-learning-alternative,/topic/3760875-fallout-4-modding-tutorials
27588361f480a295,[handle].itch.io,itchio,2026-10-02T23:04:04.644Z,m-itchio-learning-howto;m-itchio-learning-recommendation,/grannyzoderdeluxe-mod-pack/comments
2769e6c9c19a173f,youtube.com,youtube,2026-10-02T23:07:47.458Z,m-youtube-learning-request,/watch
2773e9155789b8e0,moddb.com,moddb,2026-10-02T22:57:16.289Z,m-moddb-fan-game-problem,/members/[handle]/comments
2798c271c5ec3bb0,tiktok.com,tiktok,2026-10-03T00:13:09.566Z,m-tiktok-mod-creation-recommendation,/@[handle]/video/7647833633432161550
27cd02394a464f97,ancient-dungeon-vr.fandom.com,fandom,2026-10-03T00:42:47.444Z,m-fandom-learning-request,/wiki/Item_Modding_Tutorial
27d3f094cd9772e4,gbatemp.net,gbatemp,2026-10-02T22:54:50.331Z,m-gbatemp-mod-creation-request,/threads/donkey-kong-country-advance-color-sound-restoration-request.297885
27d4812a2991ead3,reddit.com,reddit,2026-10-02T22:48:46.744Z,m-reddit-community-request,/r/Fallout4modsps4/comments/1vz0ajz/modding_101_rules_console_load_order_guide
27e365520c5ad400,the-long-dark-modding.fandom.com,fandom,2026-10-03T00:38:13.718Z,m-fandom-mod-creation-howto,/wiki/Making_Mods
27fa0fb9a84fa49f,reddit.com,reddit,2026-10-02T22:48:05.416Z,m-reddit-mod-creation-problem,/r/skyrimmods/comments/mvtruc/for_people_who_make_mods_how_timeconsuming_and
28138f4bd0b1effb,reddit.com,reddit,2026-10-02T22:48:31.516Z,m-reddit-ip-revival-problem,/r/boxoffice/comments/1qmh8aq/how_a_franchise_dies_each_transformers_movie
281a80cd12be1af9,disboard.org,discord,2026-10-03T01:19:55.457Z,m-discord-fan-game-problem,/servers/tag/bee-swarm-simulator
282b4df76cc83a55,ccf.squiddev.cc,other,2026-10-02T23:16:11.627Z,d-H5-3,/topic/12259-making-a-mod.html
28376f28794e4372,steamcommunity.com,steam,2026-10-02T23:06:08.873Z,m-steam-mod-tools-alternative,/app/773951/eventcomments/1741138639066201138
2860bd052ccce5cf,moddb.com,moddb,2026-10-03T00:17:28.699Z,m-moddb-decomp-problem,/games/half-life/downloads/half-life-unified-sdk-map-decompiler
2882bd02825b45e9,resetera.com,resetera,2026-10-02T22:52:38.427Z,m-resetera-community-howto;m-resetera-community-recommendation,/threads/judgment-and-lost-judgment-announced-for-steam-up-available-now.631799/page-10
2896692dcd45360e,steamcommunity.com,steam,2026-10-02T23:06:05.333Z,m-steam-mod-creation-howto,/app/3222810
28a72b0880ae4b96,users.rust-lang.org,rustforum,2026-10-03T00:40:55.483Z,m-rustforum-mod-tools-alternative,/t/generation-of-a-static-table-at-compile-time/5284
28c884f608b329cc,disboard.org,discord,2026-10-02T22:50:25.822Z,m-discord-fan-game-request,/servers/tag/doors
28c9e3f5f2021dca,gamebanana.com,gamebanana,2026-10-03T00:20:26.829Z,m-gamebanana-rust-rebuild-alternative,/tools/16655
28d2820bd1be0ead,github.com,github,2026-10-03T00:17:11.452Z,m-github-mod-install-recommendation,/[handle]/how-to-install-mods-in-oblivion
28da385537358492,youtube.com,youtube,2026-10-02T23:07:42.537Z,m-youtube-mod-tools-alternative,/watch
28f044c742f76612,tiktok.com,tiktok,2026-10-02T23:08:29.683Z,m-tiktok-pc-port-request,/@[handle]/video/7368724735426907397
28f83fd34216dbc7,steamcommunity.com,steam,2026-10-03T01:22:28.432Z,m-steam-learning-problem,/sharedfiles/filedetails
291be351aed7c8fb,reddit.com,reddit,2026-10-02T22:48:05.416Z,m-reddit-mod-creation-problem,/r/truegaming/comments/1l6b9fd/why_has_has_mod_support_regressed_so_hard_over
291d26565d1de8db,reddit.com,reddit,2026-10-02T22:48:31.516Z,m-reddit-ip-revival-problem,/r/MauLer/comments/1cerdko/list_all_of_the_franchises_you_consider_dead_and
291f170bdcb12f89,kirby.fandom.com,fandom,2026-10-03T00:34:37.098Z,m-fandom-fan-game-problem,/f/p/3303460665557003546
293ea5ccc81c806c,moddb.com,moddb,2026-10-02T22:57:03.433Z,m-moddb-decomp-request,/mods/xwvm/news/hello-and-faq
2968472d85fb0e64,tiktok.com,tiktok,2026-10-03T00:33:49.061Z,m-tiktok-fan-game-request,/@[handle]/video/7678308670156901650
2983455b5618e243,help.twitch.tv,twitch,2026-10-03T01:23:26.291Z,m-twitch-mod-creation-alternative,/[handle]/article/twitch-turbo-guide
298d2cbac87444da,news.ycombinator.com,hackernews,2026-10-03T00:59:10.149Z,m-hackernews-rust-rebuild-alternative,/item
299b2619a37436d0,old.thunderstore.io,thunderstore,2026-10-03T00:32:32.093Z,m-thunderstore-mod-creation-alternative,/c/[handle]
29aa8f8a31a6614a,tiktok.com,tiktok,2026-10-02T23:08:29.683Z,m-tiktok-pc-port-request,/@[handle]/video/7635464777870986509
29cf83559b262b0c,news.ycombinator.com,hackernews,2026-10-03T00:59:10.149Z,m-hackernews-rust-rebuild-alternative,/item
29daadb8d8fd9160,nexusmods.com,nexusmods,2026-10-02T22:56:26.562Z,m-nexusmods-community-request,/cyberpunk2077/mods/8593
2a1b5983f162f9ac,reddit.com,reddit,2026-10-02T22:48:05.416Z,m-reddit-mod-creation-problem,/r/skyrimmods/comments/1acovrp/how_to_fix_95_of_mod_problems
2a356c3e131bf328,tiktok.com,tiktok,2026-10-03T00:17:59.445Z,m-tiktok-community-alternative,/discover/how-to-get-supporter-i-envy-mods-discord
2a358966bbe988c3,farcry.fandom.com,fandom,2026-10-02T22:51:30.918Z,m-fandom-community-alternative,/wiki/Dark_Hope_County
2a4c2d18ecf3dcc6,gamebanana.com,gamebanana,2026-10-03T00:37:18.946Z,m-gamebanana-community-alternative,/mods/593378
2a5dfc670296b009,blog.curseforge.com,curseforge,2026-10-03T01:02:10.329Z,m-curseforge-mod-install-recommendation,/how-to-easily-install-mods-for-subnautica-2
2a74d4ffddf30563,github.com,github,2026-10-02T23:11:31.908Z,m-github-rust-rebuild-howto,/[handle]/gnome-shell-extension-inotch/issues/18
2a77151be633bc1e,gbatemp.net,gbatemp,2026-10-02T22:54:50.331Z,m-gbatemp-mod-creation-problem;m-gbatemp-mod-creation-request,/threads/looking-to-port-mods-from-pc-to-nintendo-switch-on-dragon-ball-kakarot.608402
2a83578fd76a60b4,reddit.com,reddit,2026-10-02T22:48:05.416Z,m-reddit-mod-creation-problem,/r/gamedev/comments/onxfue/how_do_people_make_mods_for_games_without_any
2ac26677a308147e,reddit.com,reddit,2026-10-02T22:48:37.459Z,m-reddit-mod-tools-howto,/r/kingdomcome/comments/1jantvp/kcd2_official_guide_to_using_the_new_modding_tools
2ac9f6d6457b9642,curseforge.com,curseforge,2026-10-02T22:58:49.898Z,m-curseforge-mod-install-alternative,/sword-art-online-fatal-bullet/mods/gun-sword-evades-restored-cut-content-visible-to
2acf1f1359f843b7,resetera.com,resetera,2026-10-02T22:52:44.842Z,m-resetera-legal-problem,/threads/someone-is-making-a-game-based-on-the-super-mario-bros-super-show.143960/page-2
2ad55e147b29c30c,link.twitch.tv,twitch,2026-10-02T23:10:24.533Z,m-twitch-legal-recommendation,/[handle]
2ad9769d70b6c2a1,reddit.com,reddit,2026-10-02T22:48:16.567Z,m-reddit-decomp-alternative,/r/OpenAI/comments/10lz2t5/ive_built_a_free_alternative_to_chatgpt_that
2b01988fa8fcbce9,tiktok.com,tiktok,2026-10-03T01:20:33.146Z,m-tiktok-ip-revival-recommendation,/@[handle]/video/7659067193048534285
2b0be579df4acf97,nexusmods.com,nexusmods,2026-10-03T00:16:18.856Z,m-nexusmods-fan-game-howto,/games/swammysattackontitanfangame/collections
2b0d3b976b2fb32a,news.ycombinator.com,hackernews,2026-10-02T23:21:53.667Z,m-hackernews-pc-port-request,/item
2b9e3114f9254505,curseforge.com,curseforge,2026-10-02T22:58:54.428Z,m-curseforge-mod-creation-request,/wow/addons/bigdebuffs
2ba040714daa9dd4,github.com,github,2026-10-02T23:11:40.531Z,m-github-fan-game-alternative,/[handle]/Reliqui-Studio
2bb2b9346b5bfb54,turtle-wow.fandom.com,fandom,2026-10-03T00:13:23.239Z,m-fandom-mod-install-problem,/wiki/Client_Fixes_and_Tweaks
2bbdbd1b01db705f,gbatemp.net,gbatemp,2026-10-02T22:53:00.916Z,m-gbatemp-decomp-problem,/threads/astrocore-brings-super-mario-galaxy-to-pc-via-full-decompilation.684796
2bc1561324c46b43,facebook.com,other,2026-10-02T23:18:50.369Z,d-H10-3,/groups/293974777651067/posts/2570364656678723
2be002385d3bb603,studios.curseforge.com,curseforge,2026-10-02T22:59:34.093Z,m-curseforge-mod-tools-howto;m-curseforge-mod-tools-recommendation,/signup
2c0118bbf1b8d59b,curseforge.com,curseforge,2026-10-03T00:45:37.490Z,m-curseforge-legal-recommendation,/minecraft/modpacks/wholesale-pack/files/7360342
2c06ebdb9111d8a9,steamcommunity.com,steam,2026-10-02T23:02:27.328Z,m-steam-pc-port-alternative,/app/1245620/discussions/0/3177854919320603364
2c0f15297afbf6d6,mod.io,modio,2026-10-02T23:05:45.908Z,m-modio-legal-request,/g/baldursgate3/m/pokeflask1
2c12f3bf12cc4ae7,news.ycombinator.com,hackernews,2026-10-03T01:00:23.231Z,m-hackernews-mod-tools-problem,/item
2c2575f275cc7e1b,nexusmods.com,nexusmods,2026-10-03T00:54:24.894Z,m-nexusmods-mod-creation-alternative,/dumbwaystobuild/news/13647
2c358ec543adc963,tiktok.com,tiktok,2026-10-02T23:08:29.683Z,m-tiktok-pc-port-request,/@[handle]/video/7504026889263025430
2c43189c5585f6e2,forums.nexusmods.com,nexusmods,2026-10-02T23:15:27.136Z,d-H3-2,/topic/13522322-make-it-so-collections-can-be-auto-downloaded-and-installed-as-a-free-member
2c5e1e790e0cbfef,reddit.com,reddit,2026-10-03T01:22:51.697Z,m-reddit-pc-port-request,/r/widescreengamingforum/comments/1ml8zz4/skylanders_spyros_adventure_pc_port_request
2c5fc4f28d8adb19,disboard.org,discord,2026-10-03T01:20:57.824Z,m-discord-mod-tools-alternative,/servers/tag/alternative
2c692fbde0b70c81,x.com,x,2026-10-03T01:26:25.063Z,m-x-mod-install-recommendation,/[handle]/status/1761426428170494456
2c76b27b77a8ff5c,users.rust-lang.org,rustforum,2026-10-02T23:23:05.785Z,m-rustforum-pc-port-problem,/t/how-to-share-memory-data-between-functions-in-a-win32-dll/112260
2cbc66d05d6668cc,gamebanana.com,gamebanana,2026-10-03T00:56:53.756Z,m-gamebanana-pc-port-problem,/questions/81000
2ccac529986a366d,tiktok.com,tiktok,2026-10-02T23:09:17.714Z,m-tiktok-legal-howto,/discover/cease-and-desist-legal-process
2cf5db1115632dc3,curseforge.com,curseforge,2026-10-03T00:27:11.366Z,m-curseforge-mod-creation-problem,/minecraft/mc-mods/epic-fight-kenjis-combat-forms
2d3165f2b9194c1d,github.com,github,2026-10-03T01:47:16.739Z,x-add-3,/[handle]/VandalHearts-PcPort
2d4ad6493c76b289,reddit.com,reddit,2026-10-03T01:22:51.697Z,m-reddit-pc-port-request,/r/Tekken/comments/1akbj0e/tekken_3_pc_port_request
2d5c5f099529e4d0,moddb.com,moddb,2026-10-02T22:56:57.288Z,m-moddb-pc-port-alternative,/tags/eyes
2d5ed99f8eaaeefa,resetera.com,resetera,2026-10-03T00:43:07.412Z,m-resetera-decomp-problem,/threads/gta-modders-to-court-our-game-fixes-enhancements-are-fair-use-not-piracy.515544
2d626e1f5ebea991,reddit.com,reddit,2026-10-02T22:54:07.300Z,m-reddit-learning-alternative;m-reddit-learning-recommendation,/r/eu4/comments/tpeu1z/modding_tutorial_part_1
2d7129d9e0d81ad4,youtube.com,youtube,2026-10-02T23:07:34.056Z,m-youtube-ip-revival-howto,/watch
2d859e04a1977e2c,reddit.com,reddit,2026-10-03T00:50:40.512Z,m-reddit-learning-recommendation,/r/starfieldmods/comments/1t7fyh3/any_good_modding_tutorial_recommendations
2dacd6adb8281202,forums.nexusmods.com,nexusmods,2026-10-02T22:55:48.257Z,m-nexusmods-mod-creation-problem,/topic/4144815-how-hard-is-it-to-make-mods
2db084063e7da0cf,old.thunderstore.io,thunderstore,2026-10-02T23:02:07.037Z,m-thunderstore-community-request,/c/[handle]/p/warpalicious/Discord_Screenshots/dependants
2db092e424a46f51,x.com,x,2026-10-02T22:49:38.290Z,m-x-fan-game-alternative,/[handle]
2dcba53294ebcadb,resetera.com,resetera,2026-10-02T22:52:07.709Z,m-resetera-decomp-request,/forums/gaming-forum.7/page-5000
2dcbfcd1171bd0ed,gamebanana.com,gamebanana,2026-10-02T22:57:50.122Z,m-gamebanana-mod-creation-alternative,/questions/75998
2dd7d1010787d356,news.ycombinator.com,hackernews,2026-10-02T23:12:12.869Z,m-hackernews-mod-creation-alternative;m-hackernews-mod-creation-recommendation;m-hackernews-mod-install-howto;m-hackernews-mod-tools-problem,/item
2de818314668cd24,youtube.com,youtube,2026-10-03T00:28:46.928Z,m-youtube-mod-creation-request,/watch
2df35a3c01312c8d,gbatemp.net,gbatemp,2026-10-02T22:54:58.946Z,m-gbatemp-ip-revival-request,/review/mx-vs-atv-all-out.1509
2e068f299fbdf40f,tiktok.com,tiktok,2026-10-03T01:20:33.146Z,m-tiktok-ip-revival-recommendation,/@[handle]/photo/7661195705595301138
2e08687ee4e7ec06,resetera.com,resetera,2026-10-02T22:52:27.259Z,m-resetera-mod-tools-alternative,/threads/microsoft-ai-ceo-pushes-back-against-critics-after-recent-windows-ai-backlash-%E2%80%94-the-fact-that-people-are-unimpressed-is-mindblowing-to-me.1359268/page-8
2e0bdc45355ffd8d,gbatemp.net,gbatemp,2026-10-02T22:54:58.946Z,m-gbatemp-ip-revival-request,/review/star-ocean-the-second-story-r.2407
2e15b048e0e19f03,resetera.com,resetera,2026-10-03T01:12:48.016Z,m-resetera-fan-game-alternative,/threads/residence-of-evil-announced-resident-evil-remake-inspired-title.30151
2e39567dcfbf0dd3,gamebanana.com,gamebanana,2026-10-03T01:22:41.843Z,m-gamebanana-fan-game-request,/requests/81146
2e47d5f26f065df8,x.com,x,2026-10-03T01:17:59.097Z,m-x-learning-alternative,/[handle]
2e4995379ea5b73b,mod.io,modio,2026-10-02T22:59:53.621Z,m-modio-mod-install-problem;m-modio-mod-install-request,/g/expeditions/r/mods-on-consoles-faqs-support-guide
2e82c201d28acb9f,gamebanana.com,gamebanana,2026-10-02T22:58:46.173Z,m-gamebanana-legal-howto,/mods/688781
2e88cc1d85e06e42,gamebanana.com,gamebanana,2026-10-02T23:05:04.156Z,m-gamebanana-mod-tools-request,/tools/7162
2e89af3920579cf5,disboard.org,discord,2026-10-02T22:50:20.874Z,m-discord-rust-rebuild-alternative,/servers/tag/stoners
2e8b71af72984a88,the-fnaf-fan-game.fandom.com,fandom,2026-10-02T22:51:13.434Z,m-fandom-fan-game-request,/f
2e8db2d0d92761de,x.com,x,2026-10-02T22:49:59.548Z,m-x-legal-alternative,/[handle]/status/1929511775327621245
2ea220065a179d02,gamebanana.com,gamebanana,2026-10-02T22:57:57.244Z,m-gamebanana-pc-port-request,/games/16121
2ea8f7ca895222de,reddit.com,reddit,2026-10-02T23:24:11.003Z,d-H5-2,/r/DDLC/comments/1nn12fr/learned_to_mod_ddlc_and_made_this_thing
2ecd500c45548eb1,itch.io,itchio,2026-10-02T23:03:26.033Z,m-itchio-mod-install-howto,/t/2716714/mod-help
2ed2520f21b4ed45,moddb.com,moddb,2026-10-03T00:17:28.699Z,m-moddb-decomp-problem,/mods/they-hunger-source/downloads/they-hunger-source-map-sources-read-description
2f32a8f64d176092,resetera.com,resetera,2026-10-02T22:52:44.842Z,m-resetera-legal-problem,/threads/cd-projekt-s-a-issue-dmca-against-luke-ross-resulting-in-vr-mod-removal.1409023/page-3
2f41c640de13f6b5,curseforge.com,curseforge,2026-10-02T23:05:17.407Z,m-curseforge-rust-rebuild-howto,/minecraft/mc-mods/optimizationsandtweaks
2f50ab24e329815e,reddit.com,reddit,2026-10-03T01:01:08.724Z,m-reddit-fan-game-howto,/r/gamedev/comments/1reevgd/is_making_a_fan_game_worth_it
2f68c3c45f70fc53,reddit.com,reddit,2026-10-02T22:48:46.744Z,m-reddit-community-request,/r/masseffect/comments/yf9tts/anywhere_i_can_request_a_mod
2f705f9c201a603b,news.ycombinator.com,hackernews,2026-10-02T23:21:53.667Z,m-hackernews-pc-port-request,/item
2f7d4709dba0a74e,gamebanana.com,gamebanana,2026-10-03T00:41:52.172Z,m-gamebanana-mod-creation-recommendation,/questions/81957
2f9e47c23e4cdc08,users.rust-lang.org,rustforum,2026-10-03T00:32:21.145Z,m-rustforum-rust-rebuild-recommendation,/t/ferrotunnel-high-performance-embeddable-reverse-tunnel-for-rust-applications/138214
2fb2901823a6d846,reddit.com,reddit,2026-10-02T22:54:07.300Z,m-reddit-learning-alternative,/r/feedthebeast/comments/ndw1ah/mcreator_a_good_alternative_for_beginners_in_2021
2fd19ee8607aeb8c,gamebanana.com,gamebanana,2026-10-03T00:51:53.594Z,m-gamebanana-mod-tools-problem,/tools/23870
300f3da36f400098,gamebanana.com,gamebanana,2026-10-03T00:31:03.231Z,m-gamebanana-decomp-howto,/tuts/19069
30255ee0729de127,forum.studio-397.com,other,2026-10-02T23:16:11.627Z,d-H5-3,/index.php
302a4993a5724439,steamcommunity.com,steam,2026-10-02T23:06:18.072Z,m-steam-legal-problem,/app/392160/discussions/0/3056237435845218616
305524415c058484,news.ycombinator.com,hackernews,2026-10-02T23:17:39.022Z,d-H9-2;m-hackernews-rust-rebuild-problem,/item
3056f601e699c987,itch.io,itchio,2026-10-02T23:03:54.795Z,m-itchio-ip-revival-alternative,/c/[handle]/pi-0608s-collection
3058035c1cc6418e,gamebanana.com,gamebanana,2026-10-02T22:57:50.122Z,m-gamebanana-mod-creation-alternative,/threads/207973
305da44e02f155cf,curseforge.com,curseforge,2026-10-03T00:10:52.167Z,m-curseforge-ip-revival-problem,/minecraft/search
306598721f4dd28b,itch.io,itchio,2026-10-03T00:44:40.310Z,m-itchio-pc-port-problem,/post/17472074
306609c24b851116,tiktok.com,tiktok,2026-10-02T23:09:01.016Z,m-tiktok-community-problem,/@[handle]/video/7687276610835254559
307c0ce99c94d374,gamebanana.com,gamebanana,2026-10-02T22:57:57.244Z,m-gamebanana-pc-port-request,/requests/58223
30a8299cef80b39b,mod.io,modio,2026-10-03T01:04:08.840Z,m-modio-fan-game-problem,/g/bonelab/m/fnaf-1-hw-map
30d3b22ea8cc10c5,youtube.com,youtube,2026-10-03T00:23:26.849Z,m-youtube-legal-alternative,/watch
30e623bfeee80881,theindiestone.com,other,2026-10-03T01:47:40.837Z,x-add-4,/forums/topic/567-lua-requests/page/2
30e73329e36efe60,curseforge.com,curseforge,2026-10-02T23:05:30.514Z,m-curseforge-community-howto,/wow
3106d264b692d151,youtube.com,youtube,2026-10-02T23:15:27.136Z,d-H3-2,/watch
31232f724dc2ea82,minecraftforum.net,other,2026-10-02T23:15:42.096Z,d-H4-1,/forums/mapping-and-modding-java-edition/minecraft-mods/modification-development/2127602-whats-involved-in-forward-porting-forge-mods
316442e472e0e7bd,tiktok.com,tiktok,2026-10-03T00:28:06.631Z,m-tiktok-legal-request,/@[handle]/video/7188868521978400046
316d75a959dfaa34,moddb.com,moddb,2026-10-02T22:57:36.849Z,m-moddb-community-recommendation,/mods/cheat-pack-victoria-2/news/updated-cheats
3173ad7660cc2af9,help.twitch.tv,twitch,2026-10-03T01:23:26.291Z,m-twitch-mod-creation-alternative,/[handle]/article/about-account-suspensions-dmca-suspensions-and-chat-bans
31945a9ccf12d710,five-nights-at-freddys-fanon.fandom.com,fandom,2026-10-03T00:34:37.098Z,m-fandom-fan-game-problem,/wiki/User_blog:TheFazDude/Fan_Game_Reviews_16:_Five_Nights_at_Chuck_E._Cheese%27s
3197f6d7c5d50080,[handle].itch.io,itchio,2026-10-03T00:48:55.714Z,m-itchio-community-alternative,/byte-desktop-pet
3223c5583411a963,curseforge.com,curseforge,2026-10-03T00:10:52.167Z,m-curseforge-ip-revival-problem,/minecraft/search
322417f4783fdced,resetera.com,resetera,2026-10-02T22:52:23.539Z,m-resetera-ip-revival-howto,/threads/evil-dead-burn-official-red-band-trailer-jul-10.1510906/page-2
3237245a1584efbe,steamcommunity.com,steam,2026-10-03T00:17:52.155Z,m-steam-community-howto,/app/1605220/discussions/0/592906450273193081
327889bd45a066ca,nexusmods.com,nexusmods,2026-10-03T00:54:24.894Z,m-nexusmods-mod-creation-alternative,/farfarwest/news/15612
3284bb61f3644ca9,moddb.com,moddb,2026-10-02T22:57:20.572Z,m-moddb-ip-revival-howto,/company/warner-bros-interactive-entertainment/games
3289328d59700853,reddit.com,reddit,2026-10-02T22:48:16.567Z,m-reddit-decomp-alternative,/r/ReverseEngineering/comments/1pfitkv/made_yet_another_apktool_gui_at_least_i_think_its
329cb053edb4c55b,reddit.com,reddit,2026-10-03T01:46:22.786Z,x-add-2,/r/dragonquest/comments/1r2dfyj/i_am_new_to_mods_but_had_only_heard_of_game
32d7f023b24991aa,tiktok.com,tiktok,2026-10-02T23:08:38.435Z,m-tiktok-rust-rebuild-problem,/discover/what-app-to-use-now-because-capcut-is-gone
32f30d4e2c2f5515,gbatemp.net,gbatemp,2026-10-03T00:48:30.860Z,m-gbatemp-mod-tools-howto,/threads/latest-mhgu-modding-tools.671254
331d8adc651d95ad,gbatemp.net,gbatemp,2026-10-02T22:53:07.100Z,m-gbatemp-rust-rebuild-howto,/threads/sys-hidplus-a-brand-new-sysmodule-that-allows-you-to-emulate-gamepads-over-the-network-for-parsec.576327/page-9
331efc62dcb82b60,github.com,github,2026-10-03T01:22:18.279Z,m-github-mod-tools-howto,/[handle]/Rivet
33306cc0c1f390dc,itch.io,itchio,2026-10-03T01:29:20.682Z,m-itchio-mod-creation-recommendation,/t/2726779/can-you-maybe-make-it-open-source-for-making-mods
3348711ad7f8c01a,curseforge.com,curseforge,2026-10-03T00:45:37.490Z,m-curseforge-legal-recommendation,/minecraft/modpacks/the-pog-dog-pack/relations/dependents
336a2d4791aa8d4a,resetera.com,resetera,2026-10-02T22:52:16.269Z,m-resetera-fan-game-problem,/threads/fan-game-mother-4-another-group-of-fans-trying-to-make-an-entry-in-a-series-that-doesnt-belong-to-them.520893
337a0b437b660d35,backloggd.com,other,2026-10-03T01:47:16.739Z,x-add-3,/u/[handle]/list/console-games-with-fan-made-pc-ports
337c7de01fd3f08a,reddit.com,reddit,2026-10-02T22:48:37.459Z,m-reddit-mod-tools-howto,/r/HumankindTheGame/comments/qsyea9/modding_tools_documentation_guides
3397eaf57c9d5a3a,[handle].itch.io,itchio,2026-10-02T23:04:04.644Z,m-itchio-learning-recommendation,/hangman
33a2b8622728a3ef,resetera.com,resetera,2026-10-03T01:12:48.016Z,m-resetera-fan-game-alternative,/threads/do-you-support-nintendo-cracking-down-on-fangames-and-people-uploading-their-music.117291
33b0a70d6ebf3013,github.com,github,2026-10-03T00:35:40.008Z,m-github-pc-port-howto,/[handle]/perfect_dark
33b94903ddbafb96,youtube.com,youtube,2026-10-02T23:07:14.419Z,m-youtube-pc-port-alternative,/watch
33f699e49559f118,reddit.com,reddit,2026-10-02T23:16:22.070Z,d-H6-1,/r/Games/comments/11wuif/is_modding_the_same_as_cheatinghacking_when_the
341dbea3a45a31ef,x.com,x,2026-10-03T01:03:25.356Z,m-x-ip-revival-problem,/[handle]/status/2089120245910786434
343ee4237adc5e47,tiktok.com,tiktok,2026-10-02T23:09:17.714Z,m-tiktok-legal-howto;m-tiktok-legal-request,/discover/how-to-write-a-cease-and-desist
3452b71b55ff161c,news.ycombinator.com,hackernews,2026-10-02T23:24:00.148Z,d-H2-3,/item
345e64c07f55e8fe,fo4horizon.fandom.com,fandom,2026-10-03T00:13:23.239Z,m-fandom-mod-install-problem,/wiki/Guide/Mod_Manager
348174effea68d28,reddit.com,reddit,2026-10-03T00:50:59.630Z,m-reddit-legal-howto,/r/legaladvice/comments/1umfioy/received_a_cease_and_desist_letter_from_downstair
3494c8f021fda0a4,forums.funcom.com,other,2026-10-02T23:15:46.107Z,d-H4-2,/t/mod-not-found/102868
34e1ec01831bed78,moddb.com,moddb,2026-10-02T22:56:57.288Z,m-moddb-pc-port-alternative,/mods/episode-secret-weapon
3509b312d1aa3048,users.rust-lang.org,rustforum,2026-10-03T01:02:34.297Z,m-rustforum-mod-creation-howto,/t/understanding-box/106875
3554a26b723daa04,github.com,github,2026-10-03T01:22:18.279Z,m-github-mod-tools-howto,/orgs/[handle]/packages
3558c36c800ad411,gbatemp.net,gbatemp,2026-10-03T00:12:24.102Z,m-gbatemp-mod-install-recommendation,/threads/how-to-apply-mods-on-steam-deck.632674
35900ff8bdb33b2c,blog.curseforge.com,curseforge,2026-10-03T01:02:10.329Z,m-curseforge-mod-install-recommendation,/how-to-install-minecraft-mods
35c2b1175ab3856c,nexusmods.com,nexusmods,2026-10-02T22:56:26.562Z,m-nexusmods-community-request,/callofcthulhuprisonerofice/news/14813
35c44101f89c006b,steamcommunity.com,steam,2026-10-02T23:06:08.873Z,m-steam-mod-tools-alternative,/sharedfiles/filedetails
35cd8d2f713b7af6,x.com,x,2026-10-03T01:26:25.063Z,m-x-mod-install-recommendation,/[handle]/status/2104672671913082951/photo/1
35d9bdcd8a47853d,tiktok.com,tiktok,2026-10-02T23:09:17.714Z,m-tiktok-legal-howto,/discover/how-to-do-cease-and-desist-how-to-serve
35f41c4a7306dec7,youtube.com,youtube,2026-10-02T23:20:28.246Z,m-youtube-community-howto;m-youtube-community-recommendation,/watch
3603f41d246ad305,quora.com,other,2026-10-02T23:17:39.022Z,d-H9-2,/Will-anything-thats-written-in-C-C-be-rewritten-in-Rust
3640e5c5a2f1e8f2,gamebanana.com,gamebanana,2026-10-03T01:22:41.843Z,m-gamebanana-fan-game-request,/requests/66282
364c6762cde8aa04,moddb.com,moddb,2026-10-02T22:57:16.289Z,m-moddb-fan-game-problem,/games/line-rider-vr-fan-game/watchers
365c9e8b90949f82,disboard.org,discord,2026-10-03T00:09:13.017Z,m-discord-community-recommendation,/servers/tag/hotline-miami
368bafa6c05200c9,[handle].itch.io,itchio,2026-10-03T00:44:40.310Z,m-itchio-pc-port-problem,/plants-vs-zombies-2-pc-port-1-8-0-0/comments
375a7487f9df42b8,mod.io,modio,2026-10-02T23:00:28.614Z,m-modio-mod-tools-problem,/g/shadow-gambit/r/character-selection
3778525fd9a1c138,reddit.com,reddit,2026-10-02T22:48:27.160Z,m-reddit-fan-game-recommendation,/r/fangameideas
378736ebf751332b,facebook.com,other,2026-10-03T01:47:40.837Z,x-add-4,/groups/23491514182/posts/10162145046784183
3789397141ce8f59,thunderstore.io,thunderstore,2026-10-02T23:01:39.357Z,m-thunderstore-rust-rebuild-request,/c/[handle]
3794c87990905860,disboard.org,discord,2026-10-02T22:50:08.726Z,m-discord-mod-creation-recommendation,/fr/servers/tag/epic-mickey
3797301fc80a5bf8,steamcommunity.com,steam,2026-10-03T01:22:28.432Z,m-steam-learning-problem,/sharedfiles/filedetails
379d6fd98f971ea8,forums.fatsharkgames.com,other,2026-10-02T23:19:19.872Z,d-H12-2,/t/mods-and-how-fatshark-should-handle-them-in-your-opinion-2/100838
37c5ef2d0577492c,tiktok.com,tiktok,2026-10-02T23:08:46.245Z,m-tiktok-ip-revival-alternative,/@[handle]/photo/7655084761962089758
37e1a77de8371772,gamebanana.com,gamebanana,2026-10-03T00:37:13.398Z,m-gamebanana-legal-request,/questions/97353
37f2a9caa5c29447,forums.nexusmods.com,nexusmods,2026-10-02T23:15:33.120Z,d-H3-3,/topic/7937773-ok-i-tried-it/page/2
380111746bca91af,reddit.com,reddit,2026-10-03T00:55:19.594Z,m-reddit-mod-creation-alternative,/r/AlternateHistory
3827b96b166850f5,moddb.com,moddb,2026-10-02T23:04:54.068Z,m-moddb-legal-problem,/news/ccp-has-shut-us-down
38669dcdfb25a079,steamcommunity.com,steam,2026-10-02T23:02:33.676Z,m-steam-decomp-problem;m-steam-decomp-request,/groups/CrowbarTool/discussions/1/3087772148448622770
3867674257ad8eab,news.ycombinator.com,hackernews,2026-10-03T00:12:40.640Z,m-hackernews-ip-revival-recommendation,/item
387440f6bdd78fcd,nexusmods.com,nexusmods,2026-10-03T00:28:59.305Z,m-nexusmods-legal-howto,/skyrimspecialedition/mods/93010
387d544a39747a90,mod.io,modio,2026-10-02T22:59:53.621Z,m-modio-mod-install-request,/g/corekeeper/r/how-to-play-with-mods
3898c02dd6bf5b25,wiki.gbatemp.net,gbatemp,2026-10-02T22:53:30.946Z,m-gbatemp-learning-problem,/wiki/NDS_Multiplayer_Games
389d0cabdd39ad98,moddb.com,moddb,2026-10-03T00:17:28.699Z,m-moddb-decomp-problem,/mods/fuel-refueled/forum/thread/world-geometry-generation
38b13a2f6e6b91a4,gamebanana.com,gamebanana,2026-10-02T23:04:58.074Z,m-gamebanana-decomp-howto;m-gamebanana-decomp-recommendation,/tuts/17798
38b351f361f4750c,instagram.com,other,2026-10-02T23:16:38.682Z,d-H7-1,/dylancease7
38b6c742bff46dbe,nexusmods.com,nexusmods,2026-10-02T22:56:14.004Z,m-nexusmods-mod-tools-howto,/riseofthetombraider/mods/94
38c67cf7863cbed5,youtube.com,youtube,2026-10-02T23:16:38.682Z,d-H7-1,/watch
38c7c31be2173d05,x.com,x,2026-10-02T22:49:47.240Z,m-x-mod-tools-recommendation,/[handle]/status/2066345698065322415
38f39a0ade137249,quantumbreak.fandom.com,fandom,2026-10-02T22:51:01.457Z,m-fandom-pc-port-problem,/wiki/Quantum_Break_(Windows_10)
38f8e3102d284b6f,reddit.com,reddit,2026-10-02T23:14:52.595Z,d-H1-3,/r/skyrimmods/comments/1mvlopr/nexus_mods_age_verification_for_uk_users
39152cf2065268e1,moddb.com,moddb,2026-10-03T00:31:28.842Z,m-moddb-mod-install-alternative,/addons/alice-knight-appearance-standalone
396e08b8c28f82d2,facebook.com,other,2026-10-02T23:24:04.008Z,d-H4-3,/groups/280408876429148
398aea3dd908d3bc,eteknix.com,other,2026-10-02T23:14:52.595Z,d-H1-3,/14-of-american-gamers-still-play-on-consoles-released-before-2000-survey-reveals
39b7688c69a54045,steamcommunity.com,steam,2026-10-02T23:02:39.453Z,m-steam-rust-rebuild-howto;m-steam-rust-rebuild-recommendation,/discussions/forum/10/766309862211873508
39d7cba750c9ae9b,users.rust-lang.org,rustforum,2026-10-03T00:32:21.145Z,m-rustforum-rust-rebuild-recommendation,/t/darpa-translating-all-c-to-rust-tractor/115242
39de2061d32de023,gamebanana.com,gamebanana,2026-10-02T22:58:19.411Z,m-gamebanana-fan-game-howto,/wips/100717
3a3a3c46e0460e0e,nexusmods.com,nexusmods,2026-10-03T00:54:24.894Z,m-nexusmods-mod-creation-alternative,/skyrim/mods/7412
3a40365b9bd24a4b,nexusmods.com,nexusmods,2026-10-02T23:18:56.014Z,d-H11-1,/replaced/news/12589
3a435e01b43c1084,gbatemp.net,gbatemp,2026-10-02T22:53:13.853Z,m-gbatemp-fan-game-alternative,/review/anbernic-rg35xx-plus.2423
3a4be07587df2c7e,dev.twitch.tv,twitch,2026-10-02T23:10:24.533Z,m-twitch-legal-recommendation;m-twitch-pc-port-request,/
3a6013da3ef40545,moddb.com,moddb,2026-10-02T22:57:25.036Z,m-moddb-mod-tools-alternative,/forum/thread/websites-about-mods-besides-moddb
3a71c6ed0ffeb7f2,gamebanana.com,gamebanana,2026-10-02T22:57:57.244Z,m-gamebanana-pc-port-request,/requests/96593
3a7ded4fe1bdff3e,gamebanana.com,gamebanana,2026-10-02T23:04:58.074Z,m-gamebanana-decomp-recommendation,/news/21792
3a89b3743b803b71,news.ycombinator.com,hackernews,2026-10-03T00:15:39.781Z,m-hackernews-fan-game-request;m-hackernews-pc-port-problem,/item
3a9ca81d3fbfcd62,reddit.com,reddit,2026-10-02T22:48:52.295Z,m-reddit-legal-recommendation,/r/legal/comments/1lgkbvo/need_to_draft_a_cease_and_desist
3a9f91cad12e5dcd,steamcommunity.com,steam,2026-10-02T23:06:05.333Z,m-steam-mod-creation-howto,/app/4358690
3adfb25f943c1244,curseforge.com,curseforge,2026-10-02T22:58:54.428Z,m-curseforge-community-howto;m-curseforge-mod-creation-request,/palworld
3af83b5011479406,reddit.com,reddit,2026-10-02T22:54:07.300Z,m-reddit-learning-alternative,/r/skyrimmods/comments/1oqz64y/im_about_to_start_modding_for_the_first_time
3b02433569e2ba93,resetera.com,resetera,2026-10-03T00:13:31.580Z,m-resetera-ip-revival-request,/threads/remember-when-sony-did-one-of-the-best-remasters-of-all-time-with-wipeout-omega-collection-then-did-nothing-else-with-the-franchise.815550/page-2
3b6697289ed5e2f2,stratpack.blog,other,2026-10-02T23:17:47.399Z,d-H9-3,/2022/01/15/defence-of-scripting-football-games
3b6ea095e94ab5c9,support.curseforge.com,curseforge,2026-10-03T01:02:10.329Z,m-curseforge-mod-install-recommendation,/support/solutions/articles/9000221982-the-sims-4-mods-getting-started
3b70a11231f1a716,gbatemp.net,gbatemp,2026-10-02T22:53:25.601Z,m-gbatemp-mod-tools-howto;m-gbatemp-mod-tools-recommendation,/threads/unofficial-modding-tools-for-cyberpunk-2077-released.578654
3b852a00f0c2d6bc,resetera.com,resetera,2026-10-02T22:54:46.030Z,m-resetera-pc-port-alternative,/threads/n64-recompiled-turn-any-n64-game-into-a-native-pc-port-donkey-kong-64-port-out-now.868044/page-8
3b883c78173d150a,reddit.com,reddit,2026-10-02T22:48:37.459Z,m-reddit-mod-tools-howto,/r/FalloutMods/comments/565gaz/f04_what_tools_are_needed_to_begin_modding
3b8a4c852803479d,tiktok.com,tiktok,2026-10-02T23:08:46.245Z,m-tiktok-ip-revival-alternative,/@[handle]/video/7446869926901533969
3ba66279e21f78ab,steamcommunity.com,steam,2026-10-03T01:22:28.432Z,m-steam-learning-problem,/app/262060/discussions/4/2791620699988693953
3bd4154fca9a8b0a,gamebanana.com,gamebanana,2026-10-02T22:57:46.333Z,m-gamebanana-mod-install-howto,/tuts/14355
3c0b24eec053274b,thehouseofthedead.fandom.com,fandom,2026-10-02T22:51:17.832Z,m-fandom-ip-revival-recommendation,/wiki/Category:Franchise
3c115e8288c5694f,moddb.com,moddb,2026-10-03T01:04:32.871Z,m-moddb-mod-tools-recommendation,/mods/dow2-modding-tools-game-fixes/downloads/copes-tools-1992
3c2a792a7adc54db,steamcommunity.com,steam,2026-10-03T00:12:53.192Z,m-steam-decomp-problem,/app/248170/discussions/0/838376971028344164
3c35804ac1a424d4,thunderstore.io,thunderstore,2026-10-02T23:01:39.357Z,m-thunderstore-rust-rebuild-request,/c/[handle]
3c3d9c59efb1e3ec,itch.io,itchio,2026-10-02T23:03:54.795Z,m-itchio-ip-revival-alternative,/games/accessibility-textless/free/in-development
3c4df52393e34011,betterprogramming.pub,other,2026-10-02T23:24:00.148Z,d-H2-3,/what-i-learned-after-2-1-2-years-of-programming-daily-b70f382b8a43
3c730d2e0e965b25,gamebanana.com,gamebanana,2026-10-02T22:57:57.244Z,m-gamebanana-pc-port-request,/requests/92218
3c833f27c7a5f363,x.com,x,2026-10-03T01:26:25.063Z,m-x-mod-install-recommendation,/[handle]/status/2090913204427985028
3cd2e7d677b1dcd7,forums.nexusmods.com,nexusmods,2026-10-02T22:55:48.257Z,m-nexusmods-mod-creation-problem,/topic/11294958-making-mods-run
3d129b68fe1658e9,reddit.com,reddit,2026-10-02T22:48:05.416Z,m-reddit-mod-creation-problem,/r/feedthebeast/comments/1utytu8/trying_to_start_making_mods_and_i_keep_getting
3d16633c14e333f1,moddb.com,moddb,2026-10-03T00:34:17.286Z,m-moddb-learning-problem,/members/[handle]/blogs/modding-tutorial-vol2-items-osps-and-more
3d18f1c1c9b405f0,disboard.org,discord,2026-10-02T22:50:37.984Z,m-discord-learning-howto,/server/1218645316157309079
3d351f3483b01f6c,steamcommunity.com,steam,2026-10-02T23:03:00.788Z,m-steam-learning-request,/sharedfiles/filedetails
3d3f998954ea62da,gist.github.com,github,2026-10-02T23:21:31.599Z,m-github-mod-creation-request,/[handle]/6d2bc3ca824fe2198b8979b070c4c943
3d4f81f95c234e61,steamcommunity.com,steam,2026-10-03T00:38:05.363Z,m-steam-ip-revival-request,/app/1493750/allnews
3d55a0b539c87fe9,forums.nexusmods.com,nexusmods,2026-10-02T22:55:48.257Z,m-nexusmods-mod-creation-problem,/topic/13535634-i-want-to-start-making-mods
3d6679d04b08c062,github.com,github,2026-10-03T00:15:59.702Z,m-github-learning-alternative,/[handle]/BBbuilder
3d6a1e763ace0f90,moddb.com,moddb,2026-10-03T00:34:17.286Z,m-moddb-learning-problem,/groups/men-of-war-game-forum/tutorials/frequently-asked-questions-about-men-of-war-modding
3dbeeff2a181ac6a,curseforge.com,curseforge,2026-10-02T22:59:00.557Z,m-curseforge-pc-port-howto;m-curseforge-pc-port-recommendation,/minecraft/modpacks/minecraft-ps1-pc-port/license
3dd6ebc2f14f8b49,gbatemp.net,gbatemp,2026-10-02T22:52:49.231Z,m-gbatemp-mod-install-alternative,/forums/the-edge-of-the-forum.8/page-679
3e0c1db56a685945,old.thunderstore.io,thunderstore,2026-10-03T00:32:32.093Z,m-thunderstore-mod-creation-alternative,/c/[handle]
3e107361b9726176,reddit.com,reddit,2026-10-03T01:22:51.697Z,m-reddit-pc-port-request,/r/Fallout4ModsPortMods/comments/1n9y96d/npcs_have_more_ammo_port_request_from_xbox_to_pc
3e1f73181792964f,reddit.com,reddit,2026-10-02T22:48:16.567Z,m-reddit-decomp-alternative,/r/ClaudeWorkflows/comments/1vlc9s0/workflow_streamline_media_generation_in_claude
3e257056c5aa3a8c,gamebanana.com,gamebanana,2026-10-02T22:58:46.173Z,m-gamebanana-legal-howto,/sprays/78293
3e31cd01a5211bf7,reddit.com,reddit,2026-10-03T00:59:03.821Z,m-reddit-decomp-recommendation,/r/gamedev/comments/ynwko0/how_do_you_decompile_game_exes_and_modify_them
3e5ee5732528027e,youtube.com,youtube,2026-10-03T00:28:46.928Z,m-youtube-mod-creation-request,/watch
3e69437790311f83,news.ycombinator.com,hackernews,2026-10-03T01:00:23.231Z,m-hackernews-mod-tools-problem,/item
3e79a72903dc18e5,tiktok.com,tiktok,2026-10-02T23:08:29.683Z,m-tiktok-pc-port-request,/@[handle]/video/7445860758312717610
3e81c4b7038461b8,youtube.com,youtube,2026-10-03T00:23:26.849Z,m-youtube-legal-alternative,/shorts/RPsgQQMmHQ0
3e93d9e5b3d54cee,forums.nexusmods.com,nexusmods,2026-10-03T01:28:26.735Z,m-nexusmods-community-problem,/forum/8892-discussion
3ee0de2f960e274b,wiki.gbatemp.net,gbatemp,2026-10-02T22:53:30.946Z,m-gbatemp-learning-problem,/wiki/List_of_3DS_homebrew_games
3f06cd504b081c32,steamcommunity.com,steam,2026-10-02T23:02:39.453Z,m-steam-rust-rebuild-howto;m-steam-rust-rebuild-recommendation,/discussions/forum/0/5940851423456467468
3f24394c4756e29d,gbatemp.net,gbatemp,2026-10-02T22:52:49.231Z,m-gbatemp-mod-install-alternative,/threads/switch-noob-paradise-ask-questions-here.488277/page-1380
3f250aa148da1028,old.thunderstore.io,thunderstore,2026-10-02T23:06:01.654Z,m-thunderstore-mod-tools-howto,/c/[handle]/p/Crafty_Glitches/HSRBaseChimerasLIB
3f4bc44bf4ba316f,gamebanana.com,gamebanana,2026-10-02T22:57:46.333Z,m-gamebanana-mod-install-howto,/questions/42258
3f56b3ad15dab3e4,news.ycombinator.com,hackernews,2026-10-02T23:12:37.959Z,m-hackernews-fan-game-howto,/item
3f734500a8b7b618,old.thunderstore.io,thunderstore,2026-10-02T23:06:01.654Z,m-thunderstore-mod-tools-howto,/c/[handle]/p/Wes0_0/ScrapAttack
3f98bd522e5067e3,users.rust-lang.org,rustforum,2026-10-03T00:32:21.145Z,m-rustforum-rust-rebuild-recommendation,/t/linux-and-rust-lang/46175
3fa2ab4efdf43276,x.com,x,2026-10-02T22:49:47.240Z,m-x-mod-tools-recommendation,/i/status/2078516547526561868
3fadfd00f8e73dcb,steamcommunity.com,steam,2026-10-02T23:03:00.788Z,m-steam-learning-request,/sharedfiles/filedetails
3fc80f8aee5ee755,bully.fandom.com,fandom,2026-10-03T00:53:43.655Z,m-fandom-community-recommendation,/f/u/[handle]
3fcc07794500e71c,github.com,github,2026-10-02T23:11:40.531Z,m-github-fan-game-alternative,/[handle]/ClassicUs
3fdcbb08eb3f2e54,steamcommunity.com,steam,2026-10-02T23:02:33.676Z,m-steam-decomp-request,/groups/CrowbarTool/discussions/1/1319962329030573203
3fe0d488af6877c0,curseforge.com,curseforge,2026-10-02T23:05:17.407Z,m-curseforge-rust-rebuild-howto,/minecraft/modpacks/biggess-pack-cat-edition/files/7110814
3fec75f8f1035dd1,reddit.com,reddit,2026-10-03T01:22:51.697Z,m-reddit-pc-port-request,/r/ps5skyrimmods/comments/1vw4ghh/port_request_i_am_learning_how_to_do_this_but
3ff6da4ff067604d,reddit.com,reddit,2026-10-02T22:48:46.744Z,m-reddit-community-request,/r/arkmodding
4030eea8c2353a2f,tiktok.com,tiktok,2026-10-03T00:13:09.566Z,m-tiktok-mod-creation-recommendation,/@[handle]/video/7557882163102747917
4048e3bd789ef931,ultimatepopculture.fandom.com,fandom,2026-10-02T22:51:05.600Z,m-fandom-decomp-howto;m-fandom-decomp-request,/wiki/Ship_of_Harkinian
4051490b00b0fa36,users.rust-lang.org,rustforum,2026-10-03T00:30:26.714Z,m-rustforum-community-recommendation,/t/where-to-discuss-a-crate/36955
405b7eb2b7639b93,wiki.gbatemp.net,gbatemp,2026-10-02T22:53:30.946Z,m-gbatemp-learning-problem,/wiki/List_of_Switch_homebrew_games
40aa1afae76d0604,steamcommunity.com,steam,2026-10-02T23:15:46.107Z,d-H4-2,/app/594570/discussions/0/1749022370109936652
40b16113c2bc38d6,thehouseofthedead.fandom.com,fandom,2026-10-02T22:51:17.832Z,m-fandom-ip-revival-recommendation,/wiki/The_House_of_the_Dead_(franchise)
40bfde5da7113bfd,reddit.com,reddit,2026-10-03T01:01:08.724Z,m-reddit-fan-game-howto,/r/godot/comments/1kmuf7k/what_do_i_need_to_know_regarding_making_a_fan_game
40e2d5b76a323e58,youtube.com,youtube,2026-10-02T23:07:42.537Z,m-youtube-mod-tools-alternative,/watch
410038fe07f679ea,nexusmods.com,nexusmods,2026-10-02T22:56:26.562Z,m-nexusmods-community-request,/marvelrivals/images/1012
412796f3fc43dfa9,gamebanana.com,gamebanana,2026-10-03T00:41:52.172Z,m-gamebanana-mod-creation-recommendation,/tuts/19925
412f63fe61f4f3a4,old.thunderstore.io,thunderstore,2026-10-03T00:58:21.153Z,m-thunderstore-mod-tools-request,/c/[handle]/p/Mee/BlueJayPlushie
4149d5e02c5c5ac4,users.rust-lang.org,rustforum,2026-10-02T23:14:16.409Z,m-rustforum-learning-howto;m-rustforum-learning-request,/t/learn-rust-the-dangerous-way-the-unsafe-first-tutorial/35806/23
415d120c9a56342a,reddit.com,reddit,2026-10-03T00:55:19.594Z,m-reddit-mod-creation-alternative,/r/Music/comments/1ajwg04/so_what_exactly_makes_alternative_music
41618b69a9c4c5a1,youtube.com,youtube,2026-10-02T23:16:22.070Z,d-H6-1,/watch
4165c9921be306e8,news.ycombinator.com,hackernews,2026-10-02T23:13:06.157Z,m-hackernews-learning-recommendation,/item
4190e5d011d90cda,steamcommunity.com,steam,2026-10-03T00:17:52.155Z,m-steam-community-howto,/app/2870840/discussions/0/4764332864594651482
41a2a057814e13da,steamcommunity.com,steam,2026-10-02T23:16:52.188Z,d-H8-1,/app/631510/discussions/0/1693795812296351096
41a71f37c353f321,tiktok.com,tiktok,2026-10-03T00:13:09.566Z,m-tiktok-mod-creation-recommendation,/@[handle]/video/7595368347789692190
41ea935e189c53f9,youtube.com,youtube,2026-10-02T23:07:42.537Z,m-youtube-mod-tools-alternative,/watch
420adcd31a16a2f0,github.com,github,2026-10-03T00:35:40.008Z,m-github-pc-port-howto,/topics/pc-ports
4224c40483f8b6ee,disboard.org,discord,2026-10-02T22:50:16.869Z,m-discord-decomp-howto,/server/1245665519739207680
4229f2ac64c361b2,en.wikipedia.org,other,2026-10-02T23:14:52.595Z,d-H1-3,/wiki/Nexus_Mods
4239a3b6085898a4,disboard.org,discord,2026-10-02T22:50:34.213Z,m-discord-mod-tools-problem,/servers/tag/gtaonline
425cbd27d545d26c,drntr.uhsap.in,other,2026-10-02T23:14:39.233Z,d-H1-1,/ntruhsresults
425e40fde06408df,youtube.com,youtube,2026-10-02T23:07:23.943Z,m-youtube-rust-rebuild-recommendation,/watch
4285a67c83186a5d,tiktok.com,tiktok,2026-10-02T23:09:01.016Z,m-tiktok-community-problem,/discover/qu%C3%A9-tan-segura-es-la-app-que-crea-canciones
4286ec0654eff5c0,gamebanana.com,gamebanana,2026-10-02T23:04:58.074Z,m-gamebanana-decomp-recommendation,/mods/385784
42ca8e033c5cd27a,tiktok.com,tiktok,2026-10-03T00:28:06.631Z,m-tiktok-legal-request,/discover/what-is-a-cease-and-desist-letter-mean
42da0a5fb6270e1f,gbatemp.net,gbatemp,2026-10-02T22:53:00.916Z,m-gbatemp-decomp-problem,/threads/sonic-mania-for-wii.619890/page-14
42faf0b4ad1855ec,disboard.org,discord,2026-10-02T22:50:03.620Z,m-discord-mod-install-request,/servers/tag/military
4305738ab1bafe09,github.com,github,2026-10-03T00:17:11.452Z,m-github-mod-install-recommendation,/[handle]/how-to-install-mods-in-rdr2
4308fa0c55a70c49,disboard.org,discord,2026-10-02T22:50:29.636Z,m-discord-ip-revival-recommendation,/servers/tag/rdr2
431044e5e785966f,reddit.com,reddit,2026-10-03T01:22:51.697Z,m-reddit-pc-port-request,/r/GIRLSundPANZER/comments/1rg5378/bandai_namco_to_request_a_pc_port_for_dream_tank
431a34a112c6916b,gbatemp.net,gbatemp,2026-10-02T22:52:49.231Z,m-gbatemp-mod-install-alternative,/threads/simple-signature-check-patcher.451138/page-7
431da0432f976f98,x.com,x,2026-10-02T22:49:47.240Z,m-x-mod-tools-recommendation,/[handle]/status/1937922777325178968
4343ec74a623ba86,mod.io,modio,2026-10-02T23:00:10.712Z,m-modio-decomp-howto,/g/gladio-mori/m/joint-strength-modifier
435126fbf1dc5f49,x.com,x,2026-10-03T01:26:25.063Z,m-x-mod-install-recommendation,/[handle]/status/1910293213271015464
43a3f3072736a455,users.rust-lang.org,rustforum,2026-10-02T23:14:16.409Z,m-rustforum-learning-howto,/t/idea-multi-line-pub-mod/133276
43bda45bb36908f0,resetera.com,resetera,2026-10-03T01:19:07.220Z,m-resetera-mod-creation-request,/threads/valve-lawyers-sent-out-emails-to-dota-2-custom-game-creators-asking-them-to-stop-all-monetization-by-august-17th.749869
43d211ddafac260c,ravenfield.fandom.com,fandom,2026-10-03T00:13:23.239Z,m-fandom-mod-install-problem,/wiki/Mods
43e373f46233c6cf,gamebanana.com,gamebanana,2026-10-03T00:41:52.172Z,m-gamebanana-mod-creation-recommendation,/blogs/21386
43e7da283938dc55,youtube.com,youtube,2026-10-03T01:27:58.412Z,m-youtube-fan-game-alternative,/watch
4411258f234a2ad5,tiktok.com,tiktok,2026-10-02T23:08:16.117Z,m-tiktok-mod-install-howto,/@[handle]/video/7648991712764857620
441fd69893bc3ed3,heldgames.com,other,2026-10-02T23:16:52.188Z,d-H8-1,/guides/fable-series-emulation-handheld
4425c45ef17ca538,link.twitch.tv,twitch,2026-10-03T01:23:26.291Z,m-twitch-mod-creation-alternative,/[handle]
44382fb28b4eb96d,levelup.gitconnected.com,other,2026-10-02T23:17:14.512Z,d-H9-1,/why-rust-is-the-future-of-backend-development-and-why-you-should-learn-it-now-a4da6bfa1aac
44527e1a378899fc,steamcommunity.com,steam,2026-10-02T23:02:17.720Z,m-steam-mod-install-problem,/sharedfiles/filedetails
445547d389356ae5,old.thunderstore.io,thunderstore,2026-10-02T23:02:11.190Z,m-thunderstore-legal-howto;m-thunderstore-legal-recommendation,/c/[handle]/p/gogogadgetjustice/BigRockHero
446937282e2a4764,youtube.com,youtube,2026-10-02T23:14:39.233Z,d-H1-1,/watch
447261e2d20165c4,reddit.com,reddit,2026-10-02T23:17:58.440Z,d-H10-1,/r/skyrimmods/comments/1114r2i/is_it_just_me_or_has_modding_skyrim_over_the
447df68608d96365,tiktok.com,tiktok,2026-10-03T00:13:09.566Z,m-tiktok-mod-creation-recommendation,/@[handle]/video/7505976045254806827
447eaa2c21a65ebf,tiktok.com,tiktok,2026-10-03T00:28:06.631Z,m-tiktok-legal-request,/@[handle]/video/7676951771830340886
449f5e494ae759d7,classic-battlefield-modding.fandom.com,fandom,2026-10-03T00:13:23.239Z,m-fandom-mod-install-problem,/wiki/Using_Click_Team_Installer_with_Battlefield_2/2142_Mods
44a16d50ab9e93cf,community.gamedev.tv,other,2026-10-02T23:24:00.148Z,d-H2-3,/t/where-are-you-from-whats-your-experience/114115
44a7914a11a5b459,twitch.tv,twitch,2026-10-02T23:20:56.928Z,m-twitch-fan-game-howto;m-twitch-fan-game-recommendation,/directory/category/roarks-attack-on-titan-fan-game
44cf78cc3fd5e243,youtube.com,youtube,2026-10-02T23:07:19.623Z,m-youtube-decomp-request,/watch
44ec4a8d37e0402f,resetera.com,resetera,2026-10-02T22:52:07.709Z,m-resetera-decomp-request,/threads/asses-in-fortnite.117995
45202444bcd4388f,users.rust-lang.org,rustforum,2026-10-03T00:40:55.483Z,m-rustforum-mod-tools-alternative,/t/im-trying-to-block-my-cli-app-from-exiting-so-people-have-enough-time-to-read-it/57488
45a5a9e648c0f3aa,youtube.com,youtube,2026-10-03T00:14:05.505Z,m-youtube-mod-install-alternative,/watch
45f57aca8f1e99a3,reddit.com,reddit,2026-10-02T22:48:27.160Z,m-reddit-fan-game-recommendation,/r/lisathepainfulrpg/comments/twa8mm/fan_game_recommendations
4604215dfb4ac578,reddit.com,reddit,2026-10-02T22:48:52.295Z,m-reddit-legal-recommendation,/r/DerechoGenial/comments/1rxjg1t/dberia_enviar_un_cese_y_desista
460e9f8483ff68d3,tiktok.com,tiktok,2026-10-02T23:08:20.321Z,m-tiktok-mod-creation-alternative,/discover/inzoi-installed-mods
461a9ffa1680f9db,the-fnaf-fan-game.fandom.com,fandom,2026-10-02T22:51:13.434Z,m-fandom-fan-game-request,/wiki/One_Night_with_a_Box
462aed626b87dd05,github.com,github,2026-10-03T00:17:11.452Z,m-github-mod-install-recommendation,/[handle]/how-to-install-mods-in-content-warning
4632442866a5d947,play.google.com,other,2026-10-02T23:24:04.008Z,d-H4-3,/store/apps/details
46538a9f33967c13,phpbb.com,other,2026-10-02T23:15:33.120Z,d-H3-3,/community/viewtopic.php
465e498d16d69df5,safety.twitch.tv,twitch,2026-10-02T23:09:32.462Z,m-twitch-mod-creation-problem,/[handle]/article/Filing-a-Report
46b095ddf86e763f,news.ycombinator.com,hackernews,2026-10-02T23:17:39.022Z,d-H9-2;m-hackernews-rust-rebuild-alternative;m-hackernews-rust-rebuild-problem,/item
46d07d86c2a36c48,disboard.org,discord,2026-10-03T00:32:49.039Z,m-discord-mod-creation-howto,/es/servers/tag/epic-mickey
46e3203d662a8e16,gbatemp.net,gbatemp,2026-10-02T22:54:50.331Z,m-gbatemp-mod-creation-request,/threads/minecraft-in-super-mario-galaxy-custom-level.579375
46eb9cf0e8cc87d0,mod.io,modio,2026-10-03T00:53:25.337Z,m-modio-mod-install-problem,/g/snowrunner/r/how-to-install-mods-snowrunner-guide
46ff69e24faf563f,gbatemp.net,gbatemp,2026-10-02T22:53:00.916Z,m-gbatemp-decomp-problem,/threads/majoras-mask-decompilation-project-reaches-100-completion.664380/page-3
4700607fc6023e2c,moddb.com,moddb,2026-10-03T00:34:17.286Z,m-moddb-learning-problem,/games/ashes-of-the-singularity/tutorials/ashes-of-the-singularity-modding-guide
47010b0dbe13f12a,gamebanana.com,gamebanana,2026-10-02T22:58:41.408Z,m-gamebanana-community-problem,/mods/454927
470798499bc296de,news.ycombinator.com,hackernews,2026-10-02T23:12:17.492Z,m-hackernews-mod-creation-alternative,/item
4725c4973d8d412e,twitch.tv,twitch,2026-10-02T23:20:56.928Z,m-twitch-fan-game-howto;m-twitch-fan-game-recommendation,/directory/category/dream-exe-a-markiplier-fan-game
4742bd53b9ab8523,nexusmods.com,nexusmods,2026-10-02T22:55:55.432Z,m-nexusmods-decomp-alternative,/gamblewithyourfriends/mods/3
47694e1c460d786e,disboard.org,discord,2026-10-03T01:06:13.587Z,m-discord-ip-revival-howto,/nl/servers/tag/rockstargames
47799ca4a2a7e65e,steamcommunity.com,steam,2026-10-02T23:02:44.970Z,m-steam-fan-game-problem,/app/404790/discussions/0/1755772078710534012
47ada036b8bce0ad,tiktok.com,tiktok,2026-10-02T23:08:56.807Z,m-tiktok-learning-recommendation,/@[handle]/video/7558254016497552671
47b641844c8c0ef4,nexusmods.com,nexusmods,2026-10-03T01:20:40.700Z,m-nexusmods-pc-port-request,/dishonored/mods/372
47bd7ff61e2109a6,steamcommunity.com,steam,2026-10-02T23:02:39.453Z,m-steam-rust-rebuild-howto;m-steam-rust-rebuild-recommendation,/app/975370/discussions/0/5568165891225331339
47c88f8ebfecc717,gamebanana.com,gamebanana,2026-10-03T00:56:53.756Z,m-gamebanana-pc-port-problem,/mods/609263
47ca631a58da6392,github.com,github,2026-10-03T00:35:40.008Z,m-github-pc-port-howto,/[handle]/awesome-unofficial-pc-ports
47e7923cc9bad13a,mod.io,modio,2026-10-03T00:53:25.337Z,m-modio-mod-install-problem,/g/timberborn/m/vertical-power-shafts
47f0d72de8230b96,reddit.com,reddit,2026-10-03T00:50:59.630Z,m-reddit-legal-howto,/r/AskALawyer/comments/1mxkw3a/are_cease_desist_letters_effective
480de3db70e592cb,gamebanana.com,gamebanana,2026-10-02T22:58:41.408Z,m-gamebanana-community-problem,/questions/84058
481d9a498d1aa2db,empyrion.fandom.com,fandom,2026-10-02T22:50:52.197Z,m-fandom-mod-install-request,/wiki/Game_API_InstallMods
481f19dbbe0a9729,github.com,github,2026-10-02T23:11:40.531Z,m-github-fan-game-alternative;m-github-fan-game-recommendation,/[handle]/StarWars-Episode-1-Racer-Fan-Game
48221ab47f754c43,users.rust-lang.org,rustforum,2026-10-02T23:23:05.785Z,m-rustforum-pc-port-problem,/t/trunk-not-downloading-wasm-bindgen/88316
483ed837e5a150e2,reddit.com,reddit,2026-10-02T22:48:52.295Z,m-reddit-legal-recommendation,/r/legaladvice/comments/11qi2du/got_a_cease_and_desist_to_stop_harassing_someone
484baac1c42f3d5b,steamcommunity.com,steam,2026-10-02T23:02:33.676Z,m-steam-decomp-request,/app/365360/discussions/3/2939119747689699352
485442d7a68e431d,gamebanana.com,gamebanana,2026-10-03T00:43:46.459Z,m-gamebanana-learning-howto,/questions/75828
486f017496805a47,nexusmods.com,nexusmods,2026-10-03T01:28:26.735Z,m-nexusmods-community-problem,/fallout3/mods/24149
48758010216fe47e,gbatemp.net,gbatemp,2026-10-02T22:52:49.231Z,m-gbatemp-mod-install-alternative,/threads/first-wii-mini-exploit-found.547901/page-7
48ea1d1a6a8d8ee6,steamcommunity.com,steam,2026-10-02T23:02:44.970Z,m-steam-fan-game-problem,/app/404790/discussions/0/1755772078710534012
490129b0503d6494,reddit.com,reddit,2026-10-02T22:54:07.300Z,m-reddit-learning-alternative,/r/gamedev/comments/104962f/should_i_start_modding_games_before_i_start
49146b6f1655972b,reddit.com,reddit,2026-10-02T22:48:16.567Z,m-reddit-decomp-alternative,/r/decomps/comments/1wmkq0b/whats_the_goto_single_player_sm64_port_not
491c7298e59187e3,resetera.com,resetera,2026-10-02T22:52:23.539Z,m-resetera-ip-revival-howto,/threads/which-dead-franchise-should-stay-dead.20891
492016cf175085d8,x.com,x,2026-10-02T22:49:38.290Z,m-x-fan-game-alternative,/[handle]/status/2095653813688442893
49322a3f65169248,forums.nexusmods.com,nexusmods,2026-10-02T22:55:48.257Z,m-nexusmods-mod-creation-problem,/topic/13466065-should-mod-authors-have-the-option-to-make-mods-for-money/page/2
49b539f062ca98fa,farcry.fandom.com,fandom,2026-10-02T22:51:30.918Z,m-fandom-community-alternative,/wiki/Far_Cry_4_Golden_Path_Mod
49be020327c4392d,[handle].itch.io,itchio,2026-10-03T00:33:54.714Z,m-itchio-ip-revival-recommendation,/one-potion-please/comments
49bfb7d95d4f88f2,gamebanana.com,gamebanana,2026-10-02T22:58:37.019Z,m-gamebanana-learning-howto;m-gamebanana-learning-recommendation,/tuts/17984
49c2e4ba14576eca,gbatemp.net,gbatemp,2026-10-02T22:52:56.869Z,m-gbatemp-pc-port-recommendation,/threads/what-n64-games-have-pc-port.645715
49dcd0dfa742d11a,disboard.org,discord,2026-10-02T22:50:16.869Z,m-discord-decomp-howto,/server/987085741131726848
49e43da4c386d149,reddit.com,reddit,2026-10-02T22:48:52.295Z,m-reddit-legal-recommendation,/r/smallbusiness/comments/uhr1q6/cease_and_desist_letter_for_libel
4a0c03228cee1aba,x.com,x,2026-10-03T01:03:25.356Z,m-x-ip-revival-problem,/[handle]/status/2063791861089870134
4a0ec2724222199e,mod.io,modio,2026-10-03T00:18:43.353Z,m-modio-mod-tools-alternative,/g/baldursgate3/m/ase-gnoll-harpy-hobgoblin-hag-djinni
4a2b42af6888d5c7,forums.nexusmods.com,nexusmods,2026-10-02T22:55:48.257Z,m-nexusmods-mod-creation-problem,/topic/9952158-modders-should-not-be-allowed-to-lock-bug-reportscommunity-feedback
4a444064c5961f26,disboard.org,discord,2026-10-02T22:50:08.726Z,m-discord-mod-creation-howto;m-discord-mod-creation-recommendation,/server/1294784827278622801
4a4f2be807ae97f8,youtube.com,youtube,2026-10-03T01:27:58.412Z,m-youtube-fan-game-alternative,/watch
4a4fb3d90e2af515,tiktok.com,tiktok,2026-10-03T01:20:33.146Z,m-tiktok-ip-revival-recommendation,/@[handle]/photo/7673646466967080206
4a5521938524349b,thunderstore.io,thunderstore,2026-10-03T00:32:32.093Z,m-thunderstore-mod-creation-alternative,/c/[handle]
4a5539415b1ace9a,github.com,github,2026-10-02T23:11:40.531Z,m-github-fan-game-alternative,/[handle]/awesome-touhou
4a5d736f07f06d08,steamcommunity.com,steam,2026-10-03T00:38:05.363Z,m-steam-ip-revival-request,/app/381210/discussions/5/759556695324368499
4a7b21357aaad5d0,steamcommunity.com,steam,2026-10-03T00:44:23.099Z,m-steam-rust-rebuild-howto,/app/975370/discussions/0/5568165891225331339
4aa1c915e503566d,users.rust-lang.org,rustforum,2026-10-03T01:07:20.306Z,m-rustforum-learning-request,/t/learn-rust-the-dangerous-way-the-unsafe-first-tutorial/35806
4ab96648887e6870,github.com,github,2026-10-03T01:22:18.279Z,m-github-mod-tools-howto,/[handle]/FS25-GE10-Scripts-Modding-Tools
4ac2a26b6457cd34,disboard.org,discord,2026-10-02T22:50:37.984Z,m-discord-learning-howto,/server/1364599500999491684
4ac6ae45fbf8bfd0,reddit.com,reddit,2026-10-03T01:46:22.786Z,x-add-2,/r/hoi4modding/comments/1vi1hkn/the_state_of_the_modding_community_in_2026
4ad62f47cc260e6d,mod.io,modio,2026-10-03T01:27:40.983Z,m-modio-legal-problem,/g/openxcom
4aef6956cd3f5434,itch.io,itchio,2026-10-02T23:03:54.795Z,m-itchio-ip-revival-alternative,/games-like/367723/robopanic
4afe839aee26264d,moddb.com,moddb,2026-10-02T22:57:25.036Z,m-moddb-mod-tools-alternative,/mods/ultimate-warno-mod-designer-developed-by-uhdk1ng-and-artistic-ai-bytes/images/ultimate-warno-mod-designer-logo-art
4b04d600798b91c5,reddit.com,reddit,2026-10-02T23:15:46.107Z,d-H4-2,/r/CreateMod/comments/1unyj9j/ive_run_out_of_ideas_for_create_mod_what_should_i
4b37c51a249b3a8d,nexusmods.com,nexusmods,2026-10-02T22:56:14.004Z,m-nexusmods-mod-tools-howto,/diveordie/news/12484
4b9f2dc6e97c3dbb,forums.nexusmods.com,nexusmods,2026-10-03T01:20:40.700Z,m-nexusmods-pc-port-request,/forum/8874-mod-ideas/page/167
4bd1f400f4c6990b,github.com,github,2026-10-03T00:20:38.273Z,m-github-legal-recommendation,/[handle]/austinhuang0131/issues/2
4c0b188cd0f2ca25,disboard.org,discord,2026-10-02T22:50:16.869Z,m-discord-decomp-howto;m-discord-learning-howto,/server/1111818163844300870
4c1023f6ee6efbbb,the-fnaf-fan-game.fandom.com,fandom,2026-10-02T22:51:13.434Z,m-fandom-fan-game-request,/wiki/List_of_Fan_Games
4c1cc1093a25ab01,resetera.com,resetera,2026-10-02T22:52:16.269Z,m-resetera-fan-game-problem,/threads/super-bunnyhop-valves-fan-game-problem.31873
4c3b5c14f21e13df,mod.io,modio,2026-10-02T23:00:32.765Z,m-modio-learning-howto,/g/foundation/r/how-to-mod-in-foundation
4c4a5cac7f66fa39,steamcommunity.com,steam,2026-10-02T23:15:33.120Z,d-H3-3,/app/275850/discussions/0/3476233614750130179
4c528da4ec700ffc,steamcommunity.com,steam,2026-10-02T23:06:18.072Z,m-steam-legal-problem,/app/392160/discussions/0/3104642254786379473
4c81950ff43b84c4,news.ycombinator.com,hackernews,2026-10-02T23:12:12.869Z,m-hackernews-mod-install-howto,/item
4c85ec189789ae50,resetera.com,resetera,2026-10-02T22:52:16.269Z,m-resetera-fan-game-problem,/threads/youtube-channel-star-wars-comics-announces-star-wars-1313-fan-game-doesnt-understand-copyright-law.86314
4c8ed213f0fff8b7,old.thunderstore.io,thunderstore,2026-10-03T00:58:21.153Z,m-thunderstore-mod-tools-request,/c/[handle]/p/Depression_Nest/Depression_Nest
4cac7b29c0aff7b6,schedule-i-mods.fandom.com,fandom,2026-10-02T22:51:30.918Z,m-fandom-community-alternative,/wiki/The_differences_between_IL2Cpp_and_Mono
4cb377a23b2c27f8,conanexiles.fandom.com,fandom,2026-10-02T22:50:52.197Z,m-fandom-mod-install-request,/wiki/Modding
4cc857318f64c75f,twitch.tv,twitch,2026-10-02T23:09:21.325Z,m-twitch-mod-install-recommendation,/videos/1727326445
4d15664ae98b7aa5,modding.wiki,other,2026-10-02T23:15:27.136Z,d-H3-2,/en/nexusmods/collections/about
4d4122d5d8aaaeee,github.com,github,2026-10-02T23:11:31.908Z,m-github-rust-rebuild-howto,/[handle]/urlx
4d47eead476e47cb,users.rust-lang.org,rustforum,2026-10-02T23:14:16.409Z,m-rustforum-learning-howto,/t/structure-and-access-mods-in-sub-folders/49837
4d4ccdbf3d135563,disboard.org,discord,2026-10-02T22:50:29.636Z,m-discord-ip-revival-recommendation,/nl/servers/tag/red-dead-online
4d6084c7a357c07b,resetera.com,resetera,2026-10-02T22:52:07.709Z,m-resetera-decomp-request,/threads/vita-2000-in-2021.415551
4d7113c62a3644fe,gbatemp.net,gbatemp,2026-10-02T22:53:25.601Z,m-gbatemp-mod-tools-howto;m-gbatemp-mod-tools-recommendation,/threads/modding-nsmb.529392
4d714c05366e0103,moddb.com,moddb,2026-10-03T00:31:28.842Z,m-moddb-mod-install-alternative,/mods/stalker-anomaly/addons/dltx-required-dltx-minimod-pack
4d766e7d9b5ff815,tiktok.com,tiktok,2026-10-02T23:08:38.435Z,m-tiktok-rust-rebuild-problem,/discover/claude-code-and-openclaw
4d88753690b782cc,communitycommons.org,other,2026-10-03T01:46:12.495Z,x-add-1,/entities/b5e98e53-bd30-442d-ba88-6ea07f8fad38
4d9d71e5eb750e9d,support.reddithelp.com,other,2026-10-03T01:46:22.786Z,x-add-2,/hc/en-us/articles/40509560490260-Your-Playbook-for-Modding-a-Hidden-Gem
4db1663d80f6b811,facebook.com,other,2026-10-02T23:17:58.440Z,d-H10-1,/groups/580908516182285/posts/2066839200922535
4dccf422dbf1b6e8,curseforge.com,curseforge,2026-10-02T22:59:00.557Z,m-curseforge-pc-port-howto;m-curseforge-pc-port-recommendation,/minecraft/modpacks/minecraft-ps1-pc-port/files/6236413
4e32e3f19adb156a,forum.dcs.world,other,2026-10-02T23:24:11.003Z,d-H5-2,/topic/27184-learned-to-mod-f4-views-manually-what-about-other-views
4e35c524e6a18724,nexusmods.com,nexusmods,2026-10-02T22:56:20.016Z,m-nexusmods-learning-alternative,/fallout4/mods/68805
4e380c013ac55722,youtube.com,youtube,2026-10-02T23:07:23.943Z,m-youtube-rust-rebuild-recommendation,/@[handle]/videos
4e4b6dfbc2e564b6,mod.io,modio,2026-10-02T22:59:53.621Z,m-modio-mod-install-request,/g/blade-and-sorcery/m/nexus-mod-manager
4e4c3d6e19c15abc,news.ycombinator.com,hackernews,2026-10-02T23:13:06.157Z,m-hackernews-learning-recommendation,/item
4e5dbbc6b9874a87,tconfig.fandom.com,fandom,2026-10-02T22:51:05.600Z,m-fandom-decomp-howto;m-fandom-decomp-request,/wiki/How_to_Decompile_Terraria
4e63e88cb4025ea9,reddit.com,reddit,2026-10-03T01:01:08.724Z,m-reddit-fan-game-howto,/r/gamedev/comments/1b97kax/impact_of_making_a_fan_game
4e64ae1183dde802,gamebanana.com,gamebanana,2026-10-03T00:37:13.398Z,m-gamebanana-legal-request,/mods/429366
4e6773533d7f3a9d,support.curseforge.com,curseforge,2026-10-03T01:02:10.329Z,m-curseforge-mod-install-recommendation,/support/solutions/articles/9000232983-how-to-install-ark-survival-ascended-mods-in-game
4e9789c7d8db3236,scholar.smu.edu,other,2026-10-03T01:46:12.495Z,x-add-1,/datasciencereview/vol6/iss1/2
4ea92c763639770c,thunderstore.io,thunderstore,2026-10-02T23:19:06.701Z,d-H11-3,/c/[handle]
4ebcb0d067a827a2,disboard.org,discord,2026-10-02T22:50:16.869Z,m-discord-decomp-howto,/server/1095003415597289565
4f147a86d22bf06f,github.com,github,2026-10-03T00:15:59.702Z,m-github-learning-alternative,/[handle]/FactorioModScripts
4f1a6611ffdc5bfe,youtube.com,youtube,2026-10-02T23:20:28.246Z,m-youtube-community-howto;m-youtube-community-recommendation,/watch
4f1ceebfde497b22,mod.io,modio,2026-10-03T00:53:25.337Z,m-modio-mod-install-problem,/g/shapez/m/si-compatibility
4f3fa0a7488d74c9,youtube.com,youtube,2026-10-02T23:07:34.056Z,m-youtube-ip-revival-howto,/watch
4f5090377e522140,twitch.tv,twitch,2026-10-02T23:20:56.928Z,m-twitch-fan-game-howto;m-twitch-fan-game-recommendation,/directory/category/the-13th-doll-a-fan-game-of-the-7th-guest
4f5818a627401157,github.com,github,2026-10-02T23:11:50.679Z,m-github-mod-tools-recommendation,/[handle]
4f604e6f5c04db94,youtube.com,youtube,2026-10-03T00:23:26.849Z,m-youtube-legal-alternative,/watch
4f8c1f0cdaad52c7,users.rust-lang.org,rustforum,2026-10-03T00:30:26.714Z,m-rustforum-community-recommendation,/t/game-development-in-rust-current-state/66438
4fcceaa0333c1725,disboard.org,discord,2026-10-02T22:50:29.636Z,m-discord-ip-revival-recommendation,/servers/tag/rdr2
4fd3d477d8786953,reddit.com,reddit,2026-10-02T22:48:21.137Z,d-H9-2;m-reddit-rust-rebuild-problem;m-reddit-rust-rebuild-request,/r/rust/comments/1457x29/what_are_the_scenarios_where_rewrite_it_in_rust
4fe80a395bdbea77,itch.io,itchio,2026-10-03T01:18:15.924Z,m-itchio-rust-rebuild-alternative,/games/ai-graphics/free/tag-top-down
4ff065ebe79ab5fd,reddit.com,reddit,2026-10-02T23:16:48.158Z,d-H7-3,/r/boxoffice/comments/1jjso97/some_people_will_often_say_nobody_asked_for_this
4ff3c5ff604bbbdd,wiki.gbatemp.net,gbatemp,2026-10-02T22:53:30.946Z,m-gbatemp-learning-problem,/wiki/List_of_Switch_custom_firmwares
4ff612753cbe9031,reddit.com,reddit,2026-10-02T22:48:27.160Z,m-reddit-fan-game-recommendation,/r/fivenightsatfreddys/comments/1dsdwae/what_fnaf_fan_game_do_you_believe_is_the_best
4ffeab0688149f4c,youtube.com,youtube,2026-10-03T01:02:39.939Z,m-youtube-pc-port-recommendation,/watch
50051d374683d85c,tiktok.com,tiktok,2026-10-03T00:28:06.631Z,m-tiktok-legal-request,/discover/how-to-serve-a-cease-and-desist-letter-for-harrasmemt
501d7125870e7956,wiki.frictionalgames.com,other,2026-10-02T23:15:42.096Z,d-H4-1,/page/Making_a_Mod_-_Best_Practices
503d2c704e295caf,erp.aktu.ac.in,other,2026-10-02T23:14:39.233Z,d-H1-1,/webpages/oneview/oneview.aspx
506d09e9aa9cbf6a,disboard.org,discord,2026-10-02T22:50:37.984Z,m-discord-learning-howto,/server/916149649700708423
508be8983a3c9e5d,iea.org,other,2026-10-02T23:15:02.949Z,d-H2-2,/data-and-statistics/data-product/monthly-oil-data-service-mods-full-service
50be7e937dd3d5c3,gamebanana.com,gamebanana,2026-10-02T22:58:41.408Z,m-gamebanana-community-problem,/questions/37530
50d5733623742b8d,news.ycombinator.com,hackernews,2026-10-03T01:00:23.231Z,m-hackernews-mod-tools-problem,/item
50dab71f9974b3a8,grimdawn.fandom.com,fandom,2026-10-03T00:42:47.444Z,m-fandom-learning-request,/wiki/Modding
50e12ea5db31fbd9,steamcommunity.com,steam,2026-10-02T23:02:27.328Z,m-steam-pc-port-alternative,/app/206250/discussions/0/135514287303281063
50eb8155b2bee0fd,resetera.com,resetera,2026-10-03T01:19:07.220Z,m-resetera-mod-creation-request,/threads/steam-deck-valve-handheld-gaming-pc-revealed.457465/page-234
50eda5b2362c34c5,mod.io,modio,2026-10-03T01:27:40.983Z,m-modio-legal-problem,/g/besiege
510d798a3a17a5e6,resetera.com,resetera,2026-10-03T00:13:31.580Z,m-resetera-ip-revival-request,/threads/you-can-bring-one-dead-franchise-of-your-choosing-back-to-life-but-at-the-cost-of-killing-another-one.122760/page-3
511ec2393297e154,github.com,github,2026-10-02T23:11:45.671Z,m-github-ip-revival-problem;m-github-ip-revival-request,/[handle]/BacklogReaper
5120d22d6db869ca,moddb.com,moddb,2026-10-02T22:57:31.946Z,m-moddb-learning-request,/mods/mikes-battlefront-2-mods-maps-collection/downloads/xxx-the-mystery-map
5126ea5fbcd0c1ca,disboard.org,discord,2026-10-02T22:50:16.869Z,m-discord-decomp-howto,/server/711399628859244615
512afd8d2c6e005f,disboard.org,discord,2026-10-02T22:50:20.874Z,m-discord-rust-rebuild-alternative,/pt-pt/servers/tag/pokemon-roleplay
512c00437d94d390,quora.com,other,2026-10-02T23:14:57.039Z,d-H2-1,/What-types-of-hobbies-or-outside-interests-do-you-have-as-a-software-developer-and-does-it-help-with-coding
514a59e343bedc70,users.rust-lang.org,rustforum,2026-10-02T23:17:39.022Z,d-H9-2,/t/will-rust-replace-c-and-c/40749
516157ada26e854f,steamcommunity.com,steam,2026-10-02T23:02:39.453Z,m-steam-rust-rebuild-recommendation,/discussions/forum/0/5940851423456467468
5175e39cc6add610,gamebanana.com,gamebanana,2026-10-02T22:58:37.019Z,m-gamebanana-learning-recommendation,/tuts/19598
5196a42441bc5ba5,resetera.com,resetera,2026-10-02T22:52:16.269Z,m-resetera-fan-game-problem,/threads/nintendos-monster-catching-patent-rejected-over-pokemon-fan-game.1581007/page-2
519dd3038330b0c2,curious-expedition.fandom.com,fandom,2026-10-03T00:42:47.444Z,m-fandom-learning-request,/wiki/Modding:Tutorial_Character
51bd86d0eb121c50,users.rust-lang.org,rustforum,2026-10-03T00:40:55.483Z,m-rustforum-mod-tools-alternative,/t/rust-alternatives-to-go-modules/79561
51c6a321be634588,gamebanana.com,gamebanana,2026-10-03T00:51:53.594Z,m-gamebanana-mod-tools-problem,/tools/14912
51f2d5020fa71b5a,youtube.com,youtube,2026-10-02T23:07:47.458Z,m-youtube-learning-request,/watch
520cad508eebde09,reddit.com,reddit,2026-10-02T22:48:31.516Z,m-reddit-ip-revival-problem,/r/unpopularopinion/comments/1dhnw0i/let_people_just_enjoy_the_franchises_they_like
527153c61b528af8,curseforge.com,curseforge,2026-10-03T00:20:16.124Z,m-curseforge-community-request,/minecraft/mc-mods/crash-assistant/files/7089902
527b30b6b15777e2,steamcommunity.com,steam,2026-10-02T23:06:18.072Z,m-steam-legal-problem,/app/489830/discussions/0/3759976880000942891
528c9e0c7cf2a05f,gamebanana.com,gamebanana,2026-10-02T22:58:14.526Z,m-gamebanana-rust-rebuild-alternative;m-gamebanana-rust-rebuild-problem,/tools/6660
52c2ff5c307ca6da,reddit.com,reddit,2026-10-03T00:50:59.630Z,m-reddit-legal-howto,/r/legaladvicecanada/comments/1s9zwww/received_cease_and_desist_unsure_how_to_proceed
52c7083f579ce37c,gbatemp.net,gbatemp,2026-10-03T00:46:07.638Z,m-gbatemp-mod-creation-problem,/threads/minor-wii64-problem.219776
52c876aa1231162d,github.com,github,2026-10-03T00:35:40.008Z,m-github-pc-port-howto,/topics/pc-port
52cbf7cdbe66d446,moddb.com,moddb,2026-10-02T22:57:20.572Z,m-moddb-ip-revival-howto,/games/back-4-blood/articles/add
52f776fd101abcc3,youtube.com,youtube,2026-10-03T01:27:58.412Z,m-youtube-fan-game-alternative,/watch
530319def7989683,youtube.com,youtube,2026-10-02T23:24:11.003Z,d-H5-2,/watch
5303dae9e7afdc5c,moddb.com,moddb,2026-10-02T22:57:20.572Z,m-moddb-ip-revival-howto,/games/back-4-blood/reviews
5304d4df981b70b2,reddit.com,reddit,2026-10-02T22:48:21.137Z,m-reddit-rust-rebuild-request,/r/programming/comments/1tcuebe/rewrite_bun_in_rust_has_been_merged
530a4b6003de0581,linkedin.com,other,2026-10-02T23:17:14.512Z,d-H9-1,/posts/nicolascole_i-charge-6000hour-as-a-writing-coach-activity-7413233584041398272-p7IM
53363dba0b6cf712,resetera.com,resetera,2026-10-02T22:52:27.259Z,m-resetera-mod-tools-alternative,/threads/any-pc-with-windows-11-can-become-a-next-gen-xbox-or-steam-machine-now.1515499/page-3
533be9a3ad36a116,indiapostgdsonline.gov.in,other,2026-10-02T23:24:07.292Z,d-H5-1,/aviator/snake-game-with-mods-how-to-install-and-enable-mod-features
53507d19b19c5e04,moddb.com,moddb,2026-10-03T00:34:17.286Z,m-moddb-learning-problem,/tutorials/creating-a-mod2
53bd88fcdbce8865,gamebanana.com,gamebanana,2026-10-03T00:37:18.946Z,m-gamebanana-community-alternative,/blogs/22033
53c5c505092ee3c6,sm64-conspiracies.fandom.com,fandom,2026-10-02T22:51:05.600Z,m-fandom-decomp-howto;m-fandom-decomp-request,/wiki/Super_Mario_64/PC_Port
53c9fe0af33eb23c,[handle].itch.io,itchio,2026-10-03T00:48:55.714Z,m-itchio-community-alternative,/byte-desktop-pet/comments
53e46d4b695acebf,sharpfuneralhomes.com,other,2026-10-02T23:14:43.306Z,d-H1-2,/obituaries/dale-modders
53fc68ca579eb659,news.ycombinator.com,hackernews,2026-10-02T23:12:12.869Z,m-hackernews-mod-install-howto,/item
5408da87c0b51192,tiktok.com,tiktok,2026-10-03T01:17:19.035Z,m-tiktok-pc-port-problem,/discover/tomodachi-emulator-keep-crashing
542cb438ca4a614a,reddit.com,reddit,2026-10-02T23:15:42.096Z,d-H4-1,/r/themoddingofisaac/comments/n6kn4c/no_modding_skills
543d431a738499da,steamcommunity.com,steam,2026-10-02T23:03:00.788Z,m-steam-learning-request,/sharedfiles/filedetails
5446e80ce3ebec7d,moddb.com,moddb,2026-10-02T22:57:16.289Z,m-moddb-fan-game-problem,/games/line-rider-vr-fan-game
5458d9f777f146f6,facebook.com,other,2026-10-02T23:15:33.120Z,d-H3-3,/groups/isaacrebirth/posts/1108229492632826
54688ecde62b3535,steamcommunity.com,steam,2026-10-02T23:02:33.676Z,m-steam-decomp-request,/app/1902490/discussions/0/3184614124792221341
54726ad760149d81,reddit.com,reddit,2026-10-03T01:22:51.697Z,m-reddit-pc-port-request,/r/explainlikeimfive/comments/1t9s5a/eli5_what_are_ports_ex_tcp_port
547bde157f6a63de,help.twitch.tv,twitch,2026-10-03T01:23:26.291Z,m-twitch-mod-creation-alternative,/[handle]/article/channel-points-guide
54a51dfa1041f93f,old.thunderstore.io,thunderstore,2026-10-02T23:01:24.550Z,m-thunderstore-mod-creation-problem,/c/[handle]/p/warpalicious/Blackforest_Pack_1/v/1.0.2
54c356dc952f625a,reddit.com,reddit,2026-10-02T22:48:12.783Z,m-reddit-pc-port-howto,/r/NoStupidQuestions/comments/1f5pzqj/what_is_the_difference_between_a_decompilation
54c9b1c657694feb,mod.io,modio,2026-10-03T00:53:25.337Z,m-modio-mod-install-problem,/g/timberborn/m/mod-manager
556ddb9b982f0cde,reddit.com,reddit,2026-10-03T00:50:59.630Z,m-reddit-legal-howto,/r/AusLegal/comments/1fgdml1/cease_and_desist_what_to_do
558c49a5e464cada,news.ycombinator.com,hackernews,2026-10-03T00:11:15.293Z,m-hackernews-mod-creation-recommendation,/item
55b5636ae1310bb5,youtube.com,youtube,2026-10-03T00:14:05.505Z,m-youtube-mod-install-alternative,/watch
55bdf6ed9a8e6632,moddb.com,moddb,2026-10-02T23:04:54.068Z,m-moddb-legal-problem,/games/xcom-2/news/xcom-2-fan-expansion-modders-receive-cease-and-desist-from-take-two
55e03b489319b2a8,gamebanana.com,gamebanana,2026-10-02T22:57:50.122Z,m-gamebanana-mod-creation-alternative,/threads/225728
55e13bcc68a674b8,moddb.com,moddb,2026-10-02T22:56:48.496Z,m-moddb-mod-creation-howto,/members/[handle]
5607d996ee528c29,x.com,x,2026-10-02T23:24:11.003Z,d-H5-2,/[handle]/status/2082683022256795762
56091a927a064e13,moddb.com,moddb,2026-10-02T22:56:57.288Z,m-moddb-pc-port-alternative,/members/[handle]/comments
5610b0de694a4235,forums.nexusmods.com,nexusmods,2026-10-03T00:28:59.305Z,m-nexusmods-legal-howto,/topic/13501488-publisher-approved-paid-modding-policy/page/19
563c348aa8359bd8,forum.kingdomcomerpg.com,other,2026-10-02T23:15:33.120Z,d-H3-3,/t/trouble-getting-mods-to-work/67373
566acba87b2dbd65,forums.nexusmods.com,nexusmods,2026-10-02T22:56:14.004Z,m-nexusmods-mod-tools-howto,/topic/8739423-modding-tools-and-tutorial
56908b4f200d07da,instagram.com,other,2026-10-02T23:14:43.306Z,d-H1-2,/modder_sludge
5691ad034c4b4d2e,tiktok.com,tiktok,2026-10-02T23:09:01.016Z,m-tiktok-community-problem,/@[handle]/video/7576017965531925816
56930939f0b3e13b,steamcommunity.com,steam,2026-10-03T00:12:53.192Z,m-steam-decomp-problem,/groups/CrowbarTool/discussions/2/3388420865128328781
56bc4a58a7afbd70,cedars-sinai.org,other,2026-10-02T23:14:43.306Z,d-H1-2,/provider/maryalice-modders-524156.html
56fa1f511092dcd3,docs.mod.io,modio,2026-10-03T01:27:40.983Z,m-modio-legal-problem,/
5712adca15ca46af,nexusmods.com,nexusmods,2026-10-02T22:55:55.432Z,m-nexusmods-decomp-alternative,/scavprototype/mods/438
57237bc46e5749cb,news.ycombinator.com,hackernews,2026-10-02T23:21:53.667Z,m-hackernews-pc-port-request,/item
57265002e7661266,gbatemp.net,gbatemp,2026-10-03T00:29:35.621Z,m-gbatemp-community-request,/threads/do-nsp-forwarders-break-your-homebrew.680933
574df0f2adacffca,news.ycombinator.com,hackernews,2026-10-02T23:12:37.959Z,m-hackernews-fan-game-howto,/item
5774ed37331cc767,curseforge.com,curseforge,2026-10-02T22:58:49.898Z,m-curseforge-mod-install-alternative,/minecraft/texture-packs/new-things
5783724acb1cb9ce,tiktok.com,tiktok,2026-10-03T00:17:59.445Z,m-tiktok-community-alternative,/discover/x-modding-invite-discord
578fb496ae063693,moddb.com,moddb,2026-10-02T22:56:57.288Z,m-moddb-pc-port-alternative,/members/[handle]/addons
579bfcf9f562677f,github.com,github,2026-10-03T00:15:59.702Z,m-github-learning-alternative,/[handle]/7th-Heaven/issues/19
57d0455ee6938c91,moddb.com,moddb,2026-10-02T22:57:16.289Z,m-moddb-fan-game-problem,/games/sonic-nebulous/reviews
57f77f77501d7ad4,github.com,github,2026-10-03T01:22:18.279Z,m-github-mod-tools-howto,/[handle]/Playnite/issues/458
580a101d15f17757,x.com,x,2026-10-02T22:49:05.696Z,m-x-mod-creation-request,/[handle]/with_replies
58149154d23a0df5,news.ycombinator.com,hackernews,2026-10-03T00:12:40.640Z,m-hackernews-ip-revival-recommendation,/item
586480d5110d7c81,reddit.com,reddit,2026-10-02T22:48:27.160Z,m-reddit-fan-game-recommendation,/r/patientgamers/comments/18oap48/whats_a_series_with_fan_games_better_than
5889e20924a2f5f2,gamebanana.com,gamebanana,2026-10-02T22:58:46.173Z,m-gamebanana-legal-howto,/mods/657805
5891fbd9fa835341,reddit.com,reddit,2026-10-02T22:48:16.567Z,m-reddit-decomp-alternative,/r/Spyro/comments/1vqwmbd/just_completed_the_decomp_version_of_spyro_1
58ab9fb9ecfacf9b,resetera.com,resetera,2026-10-02T22:51:40.209Z,m-resetera-mod-install-problem,/threads/pc-gamers-do-you-enjoy-tinkering-with-your-games.1329535/page-3
58dca9b1e7ecddb7,users.rust-lang.org,rustforum,2026-10-03T01:07:20.306Z,m-rustforum-learning-request,/t/guidance-on-module-setup/58295
58f60906e8911b7c,old.thunderstore.io,thunderstore,2026-10-03T00:58:21.153Z,m-thunderstore-mod-tools-request,/c/[handle]/p/Crafty_Glitches/HSRCardboardcutouts/v/1.1.1
58f91ad6c218008a,news.ycombinator.com,hackernews,2026-10-03T01:00:23.231Z,m-hackernews-mod-tools-problem,/item
5909cc8bd519bc58,moddb.com,moddb,2026-10-02T22:57:20.572Z,m-moddb-ip-revival-howto,/games/back-4-blood/images/image-4
590c6b1059f90948,youtube.com,youtube,2026-10-02T23:07:47.458Z,m-youtube-learning-request,/watch
59282d574325a071,disboard.org,discord,2026-10-02T22:50:03.620Z,m-discord-mod-install-request,/pt-pt/servers/tag/arma3
59775dc9ab98bd68,news.ycombinator.com,hackernews,2026-10-02T23:12:12.869Z,m-hackernews-mod-creation-alternative;m-hackernews-mod-install-howto,/item
59aa7ff77558472c,gamebanana.com,gamebanana,2026-10-02T22:57:46.333Z,m-gamebanana-mod-install-howto,/threads/215808
59bb57d8297415e1,nexusmods.com,nexusmods,2026-10-02T22:55:55.432Z,m-nexusmods-decomp-alternative,/tokyoghoulrecalltoexist/news/15460
59e8cefefdba5166,meetups.twitch.tv,twitch,2026-10-03T01:23:26.291Z,m-twitch-mod-creation-alternative,/[handle]/details/twitch-brisbane-presents-brisbane-community-meetups-3-twitchmas
59f38e12ba8270b6,resetera.com,resetera,2026-10-02T22:52:27.259Z,m-resetera-mod-tools-alternative,/threads/blizzard-sues-turtle-wow-popular-wow-private-server-for-copyright-infringement.1284762/page-4
5a0c995a3ca7dfa8,disboard.org,discord,2026-10-02T22:50:03.620Z,m-discord-mod-install-request,/servers/tag/among-us
5a199b8dd820e09b,curseforge.com,curseforge,2026-10-03T00:10:52.167Z,m-curseforge-ip-revival-problem,/minecraft/texture-packs/blood-n-particle-resourcepack
5a2cd1ff33ceea72,steamcommunity.com,steam,2026-10-02T23:02:44.970Z,m-steam-fan-game-problem,/app/2527500/discussions/0/570415028155651716
5a4518706e1b9045,x.com,x,2026-10-02T22:49:28.971Z,m-x-rust-rebuild-howto,/i/trending/2104716848478699795
5a4fee1c57de27c6,tiktok.com,tiktok,2026-10-03T00:17:59.445Z,m-tiktok-community-alternative,/discover/444-discord-for-ac-mods
5a76a82001a13aa8,tiktok.com,tiktok,2026-10-02T23:09:01.016Z,m-tiktok-community-problem,/@[handle]/video/7683190852621061407
5a7a1840d2db456f,linkedin.com,other,2026-10-02T23:24:00.148Z,d-H2-3,/posts/sitarama-penumetsa-6a9b6b2_this-breaks-every-rule-i-grew-up-withand-activity-7352507011894267905-PBN1
5a7fcc899b654255,moddb.com,moddb,2026-10-02T22:57:16.289Z,m-moddb-fan-game-problem,/games/sonic-lost-adventure-havok-harbor
5a8e7c27dd7814e2,users.rust-lang.org,rustforum,2026-10-03T01:02:34.297Z,m-rustforum-mod-creation-howto,/t/const-block-expressions/112951
5a97b43f41743c17,itch.io,itchio,2026-10-03T01:29:20.682Z,m-itchio-mod-creation-recommendation,/t/5534067/if-i-want-to-make-my-own-ghosts
5aa8a3ea9c96f59b,github.com,github,2026-10-02T23:11:31.908Z,m-github-rust-rebuild-howto,/[handle]/eslint/discussions/20621
5ab07b599b4ca9e5,tiktok.com,tiktok,2026-10-02T23:08:46.245Z,m-tiktok-ip-revival-alternative,/@[handle]/video/7660979798629469470
5abb3e0675201195,resetera.com,resetera,2026-10-03T01:12:48.016Z,m-resetera-fan-game-alternative,/threads/sure-remakes-are-cool-%E2%80%98n-all%E2%80%A6-but-what-games-do-you-think-would-benefit-from-a-demake.1422376
5ac125cce5630730,gamebanana.com,gamebanana,2026-10-03T00:24:05.867Z,m-gamebanana-ip-revival-recommendation,/mods/26928
5ac63be2abba4e6d,youtube.com,youtube,2026-10-03T01:04:50.227Z,m-youtube-community-howto,/watch
5adaf68778a7d67c,tiktok.com,tiktok,2026-10-03T00:33:49.061Z,m-tiktok-fan-game-request,/@[handle]/video/7687921567505992968
5ade6c33fbdcbab8,curseforge.com,curseforge,2026-10-02T22:58:54.428Z,m-curseforge-mod-creation-request,/wow/addons/deathlog
5ae1c839b76185d5,old.thunderstore.io,thunderstore,2026-10-02T23:02:01.972Z,m-thunderstore-learning-alternative,/c/[handle]/p/OblvionAXiS/RainstormRefinery/v/1.1.0
5ae893adedeb0431,twitch.tv,twitch,2026-10-02T23:20:56.928Z,m-twitch-fan-game-howto;m-twitch-fan-game-recommendation,/directory/category/the-fan-game-back-to-the-future-part-iii-timeline-of-monkey-island
5b06b3d8f4fb42e7,gamebanana.com,gamebanana,2026-10-03T01:05:17.592Z,m-gamebanana-mod-install-request,/questions/23637
5b0a216a51504216,forums.nexusmods.com,nexusmods,2026-10-03T00:28:59.305Z,m-nexusmods-legal-howto,/topic/10266448-edit-magazines/page/2
5b33dbde62ee6d14,disboard.org,discord,2026-10-02T22:50:29.636Z,m-discord-ip-revival-howto;m-discord-ip-revival-recommendation,/servers/tag/the-walking-dead-game
5b3bffc64aee5500,moddb.com,moddb,2026-10-02T22:57:36.849Z,m-moddb-community-recommendation,/groups/sage-2d-3d-fans
5b3e1e9eec52afdd,disboard.org,discord,2026-10-02T22:50:25.822Z,m-discord-fan-game-request,/it/servers/tag/doors
5b69a28077da1b49,old.thunderstore.io,thunderstore,2026-10-02T23:06:01.654Z,m-thunderstore-mod-tools-howto,/c/[handle]
5b7ce2840c4deeb1,youtube.com,youtube,2026-10-02T23:07:19.623Z,m-youtube-decomp-request,/watch
5b87c8b3d65fad91,gamedev.stackexchange.com,other,2026-10-02T23:16:28.024Z,d-H6-2,/questions/81533/do-total-conversion-mods-require-absolutely-no-programming-or-scripting-skills
5b8df6c911529919,gbatemp.net,gbatemp,2026-10-03T00:41:59.434Z,m-gbatemp-fan-game-recommendation,/threads/mega-man-2-5d-fan-game-has-been-released.459525/page-3
5bb4c8940774e7bc,youtube.com,youtube,2026-10-02T23:07:08.611Z,m-youtube-mod-creation-howto,/watch
5bb64febea7f54bc,forums.beamdog.com,other,2026-10-02T23:16:11.627Z,d-H5-3,/discussion/42158/where-can-i-learn-how-to-create-my-own-mods-for-the-faerun-series-ee-editions
5bd4eaee38c3b018,steamcommunity.com,steam,2026-10-03T00:12:53.192Z,m-steam-decomp-problem,/app/546230/discussions/0/762934390303098280
5be1234b2e0180eb,ancient-dungeon-vr.fandom.com,fandom,2026-10-03T00:38:13.718Z,m-fandom-mod-creation-howto,/wiki/Intro_to_Making_Mods
5bec0a1fa903a557,youtube.com,youtube,2026-10-02T23:07:23.943Z,m-youtube-rust-rebuild-recommendation,/watch
5bf310a6c3d42426,twitch.tv,twitch,2026-10-02T23:10:08.324Z,m-twitch-mod-tools-howto,/videos/399193141
5bfe885569f4f1be,mario.fandom.com,fandom,2026-10-02T23:16:52.188Z,d-H8-1,/f/p/4400000000000280836
5c0974ba76d096cb,nexusmods.com,nexusmods,2026-10-02T22:56:14.004Z,m-nexusmods-mod-tools-howto,/shadowofthetombraider/mods/185
5c0ea16d4e25804b,tiktok.com,tiktok,2026-10-02T23:08:46.245Z,m-tiktok-ip-revival-alternative,/@[handle]/photo/7661772457589755166
5c121cca2f0a29cd,youtube.com,youtube,2026-10-02T23:15:27.136Z,d-H3-2,/watch
5c19821dd1059e51,users.rust-lang.org,rustforum,2026-10-03T01:02:34.297Z,m-rustforum-mod-creation-howto,/t/high-accuracy-timer/29019
5c1e1c40f5c9b6c3,gbatemp.net,gbatemp,2026-10-02T22:52:56.869Z,m-gbatemp-pc-port-recommendation,/threads/whats-the-best-fork-of-the-mario-64-pc-port.645985
5c2672aa7064015b,gbatemp.net,gbatemp,2026-10-03T00:41:59.434Z,m-gbatemp-fan-game-recommendation,/threads/fan-made-game-banjo-kazooie-mumbomania-now-available-to-play-in-dreams.677729
5c5d213bd9819d34,x.com,x,2026-10-03T01:26:25.063Z,m-x-mod-install-recommendation,/[handle]/status/2097130682325549279
5c7e2240761195d2,skills.github.com,github,2026-10-02T23:11:14.721Z,m-github-community-howto;m-github-learning-problem;m-github-mod-tools-recommendation;m-github-pc-port-recommendation;m-github-rust-rebuild-request,/
5cb827627db43781,github.com,github,2026-10-02T23:11:40.531Z,m-github-fan-game-alternative,/[handle]/GRID
5cc99ff02b61571b,wiki.gbatemp.net,gbatemp,2026-10-02T22:53:30.946Z,m-gbatemp-learning-problem,/wiki/Wii_VC_Injections_Compatibility_List
5cd746ec0817be20,crusaderkingsiii.fandom.com,fandom,2026-10-02T22:54:39.697Z,m-fandom-mod-tools-problem,/zh/wiki/Modding_tools
5cf0e7ed2b910127,x.com,x,2026-10-02T22:49:28.971Z,m-x-rust-rebuild-howto,/[handle]/status/2104633108092092880
5cf180c36de86cb4,tiktok.com,tiktok,2026-10-03T00:17:59.445Z,m-tiktok-community-alternative,/discover/discord-alternative-option
5d2434519fde1053,curseforge.com,curseforge,2026-10-03T01:29:03.927Z,m-curseforge-fan-game-recommendation,/members/[handle]/projects
5d6063ea3aea5a8a,x.com,x,2026-10-03T01:03:25.356Z,m-x-ip-revival-problem,/[handle]/status/2099912161275330699
5d61203780aa2d39,news.ycombinator.com,hackernews,2026-10-02T23:12:28.548Z,m-hackernews-decomp-recommendation,/item
5d769076ec70f6ac,[handle].itch.io,itchio,2026-10-02T23:03:26.033Z,m-itchio-mod-install-howto,/dorfromantik-mods/community
5d76b1fb8045d7f7,tiktok.com,tiktok,2026-10-03T00:33:49.061Z,m-tiktok-fan-game-request,/@[handle]/photo/7666752920146414869
5d77695a308906b7,steamcommunity.com,steam,2026-10-03T00:38:05.363Z,m-steam-ip-revival-request,/app/1466860/discussions/0/4357790501747131047
5da17bb1022ed863,tiktok.com,tiktok,2026-10-02T23:09:01.016Z,m-tiktok-community-problem,/discover/how-do-i-add-speed-boost-to-my-gorilla-tag-mod-menu
5daadcb214f1c7f9,reddit.com,reddit,2026-10-02T22:48:46.744Z,m-reddit-community-request,/r/starfieldmods/comments/18i1qix/which_discord_is_the_official_modding_discord
5dbcc73b340a8393,curseforge.com,curseforge,2026-10-03T00:45:37.490Z,m-curseforge-legal-recommendation,/ark-survival-ascended/mods/moros-livyatan
5dc6d9196231d7f7,resetera.com,resetera,2026-10-03T01:19:07.220Z,m-resetera-mod-creation-request,/threads/what-to-expect-from-yakuza-0-and-kiwami-on-pc.50200
5dd1500fb16c8d37,nexusmods.com,nexusmods,2026-10-02T22:56:20.016Z,m-nexusmods-learning-alternative,/witcher3/mods/2395
5ddac7ccd0dc0419,disboard.org,discord,2026-10-03T01:19:55.457Z,m-discord-fan-game-problem,/servers/tag/dreamcast
5de056aa339d24c9,gbatemp.net,gbatemp,2026-10-02T22:53:13.853Z,m-gbatemp-fan-game-alternative,/threads/fan-remakes-super-mario-land-in-new-super-mario-bros-style-as-a-snes-homebrew-game.553024/page-4
5e01c4e93a1ff2fb,x.com,x,2026-10-02T22:49:47.240Z,m-x-mod-tools-recommendation,/[handle]/status/2011090917772689649
5e1253bf23cb3214,gamebanana.com,gamebanana,2026-10-02T22:57:46.333Z,m-gamebanana-mod-install-howto,/tuts/12008
5e1386e76216da96,itch.io,itchio,2026-10-03T00:44:40.310Z,m-itchio-pc-port-problem,/post/11127667
5e15bee504d48d83,gamebanana.com,gamebanana,2026-10-03T00:24:05.867Z,m-gamebanana-ip-revival-recommendation,/sounds/84106
5e21d8bed7f8803f,disboard.org,discord,2026-10-02T22:50:34.213Z,m-discord-mod-tools-problem,/es/servers/tag/tomb-raider
5e62bae5783773cd,minecraft.fandom.com,fandom,2026-10-03T00:13:23.239Z,m-fandom-mod-install-problem,/wiki/Talk:Mods/Installing_mods_using_ModLoader
5e88862cd9a85c16,youtube.com,youtube,2026-10-02T23:07:34.056Z,m-youtube-ip-revival-howto,/watch
5e9b637315c2afa4,resetera.com,resetera,2026-10-02T22:52:23.539Z,m-resetera-ip-revival-howto,/threads/the-moment-you-knew-a-franchise-you-liked-was-dead-for-real.1328614/page-2
5ea158473d089335,boards.4chan.org,other,2026-10-02T23:16:57.568Z,d-H8-2,/vr/thread/12798761/fpga-general
5eb59eb9f9e2842b,disboard.org,discord,2026-10-03T00:32:49.039Z,m-discord-mod-creation-howto,/servers/tag/modding
5efded757a822d1a,old.thunderstore.io,thunderstore,2026-10-02T23:01:34.239Z,m-thunderstore-decomp-alternative,/c/[handle]/p/tootsalot/Tootsalots_Valhalla_Overhaul/v/1.4.7
5eff53984903376e,quora.com,other,2026-10-02T23:24:00.148Z,d-H2-3,/I-have-10-years-of-programming-experience-but-when-I-look-back-I-did-not-develop-a-successful-application-Is-programming-right-for-me
5f3aad9811c08afc,moddb.com,moddb,2026-10-02T22:57:25.036Z,m-moddb-mod-tools-alternative,/engines/essence-engine/downloads
5f5846af614fd477,reddit.com,reddit,2026-10-02T22:48:12.783Z,m-reddit-pc-port-howto,/r/emulation/comments/12nfdac/list_of_unofficial_console_pc_ports_with_tutorial
5f7ecda8853a469e,news.ycombinator.com,hackernews,2026-10-02T23:13:20.016Z,m-hackernews-legal-howto,/item
5ff8c9e7253ed4a0,gamebanana.com,gamebanana,2026-10-02T23:05:04.156Z,m-gamebanana-mod-tools-request,/tools/20442
605db422b25b0f5f,forums.terraria.org,other,2026-10-02T23:24:11.003Z,d-H5-2,/index.php
60836854e663b4b3,curseforge.com,curseforge,2026-10-02T23:05:17.407Z,m-curseforge-rust-rebuild-howto;m-curseforge-rust-rebuild-request,/minecraft/mc-mods/hot-iron
60888a23da50629b,tiktok.com,tiktok,2026-10-02T23:08:29.683Z,m-tiktok-pc-port-request,/@[handle]/video/7647613419008429334
6089c4e26a55b7cf,steamcommunity.com,steam,2026-10-03T00:12:53.192Z,m-steam-decomp-problem,/app/824070/discussions/0/586181093023118523
6093942e12d99418,loc.gov,other,2026-10-02T23:15:02.949Z,d-H2-2,/standards/mods
60ac01f651504e60,github.com,github,2026-10-03T00:43:27.182Z,m-github-rust-rebuild-request,/[handle]
60b2f027b8343968,reddit.com,reddit,2026-10-02T22:54:07.300Z,m-reddit-learning-alternative,/r/GPURepair/comments/1m37lfz/looking_for_modsmats_alternative
60b8003a2c9663cb,resetera.com,resetera,2026-10-03T01:12:48.016Z,m-resetera-fan-game-alternative,/threads/is-there-any-game-like-reccetear.772055
60c2e2df9e8eefb8,[handle].itch.io,itchio,2026-10-03T01:18:15.924Z,m-itchio-rust-rebuild-alternative,/konnektoren-game
60dc10577e7afa62,gbatemp.net,gbatemp,2026-10-02T22:53:25.601Z,m-gbatemp-mod-tools-howto;m-gbatemp-mod-tools-recommendation,/threads/age-of-calamity-modding-rnd.577536
610ba3722dc8b6bf,nexusmods.com,nexusmods,2026-10-02T22:55:44.499Z,m-nexusmods-mod-install-recommendation,/monsterhunterwilds/videos/8
61138f3685dafd0a,gamebanana.com,gamebanana,2026-10-02T23:04:58.074Z,m-gamebanana-decomp-recommendation,/questions/25721
615769cde32264cf,mod.io,modio,2026-10-02T22:59:59.285Z,m-modio-mod-creation-recommendation;m-modio-mod-tools-problem,/g/drg/r/drg-basic-modding-guide
615fed4ac94b1cbd,support.curseforge.com,curseforge,2026-10-02T22:59:34.093Z,m-curseforge-mod-tools-howto;m-curseforge-mod-tools-recommendation,/support/solutions/articles/9000198451-how-to-install-and-play-among-us-mods
6161e99e3f7c15a3,youtube.com,youtube,2026-10-02T23:07:23.943Z,m-youtube-rust-rebuild-recommendation,/watch
61772754c5bc1a45,disboard.org,discord,2026-10-02T22:50:29.636Z,m-discord-ip-revival-recommendation,/servers/tag/rdr2
6193585898742f13,youtube.com,youtube,2026-10-02T23:07:34.056Z,m-youtube-ip-revival-howto,/watch
619d9bd626700a61,twitch.tv,twitch,2026-10-02T23:10:24.533Z,m-twitch-legal-recommendation,/[handle]
61ad8c4c0cffdfd9,old.thunderstore.io,thunderstore,2026-10-02T23:01:24.550Z,m-thunderstore-mod-creation-problem,/c/[handle]/p/Desperationfighter/MetalHands
61f7d37e51f766b4,users.rust-lang.org,rustforum,2026-10-03T00:30:26.714Z,m-rustforum-community-recommendation,/t/this-month-in-rust-gamedev/45520
6215a58ce56081b9,curseforge.com,curseforge,2026-10-02T22:59:34.093Z,m-curseforge-mod-tools-howto;m-curseforge-mod-tools-recommendation,/stardewvalley/search
6238ed0634aefd62,disboard.org,discord,2026-10-03T00:09:13.017Z,m-discord-community-recommendation,/servers/tag/life-is-strange
624262920625de55,resetera.com,resetera,2026-10-03T00:43:07.412Z,m-resetera-decomp-problem,/threads/given-how-much-ai-accelerated-the-reverse-engineering-process-for-emulation-decompilation-do-you-think-nintendo-sony-will-take-action-again.1647274
625943c9057f0f0b,news.ycombinator.com,hackernews,2026-10-03T01:00:32.173Z,m-hackernews-pc-port-problem,/item
6263a77389d3117f,steamcommunity.com,steam,2026-10-02T23:18:50.369Z,d-H10-3,/app/294100/discussions/0/3720566578368910571
626a0c8f4d4a55b8,gbatemp.net,gbatemp,2026-10-02T22:53:00.916Z,m-gbatemp-decomp-problem,/threads/silent-hill-decompilation-nx-switch-port.682867
627377e651493b8c,pokemontowerdefensetwo.fandom.com,fandom,2026-10-02T22:51:30.918Z,m-fandom-community-alternative,/f
62a626ef6e5886aa,steamcommunity.com,steam,2026-10-03T00:26:33.023Z,m-steam-pc-port-recommendation,/app/201870/discussions/0/882961070491623683
62b68a140baad4fc,readonlymemo.com,other,2026-10-03T01:47:16.739Z,x-add-3,/decompilation-projects-and-n64-recompiled-list
62bc17821d0aa2a5,mod.io,modio,2026-10-02T22:59:53.621Z,m-modio-mod-install-request,/g/bonelab/m/mod-o-mat
62c3ffea69413f56,gamebanana.com,gamebanana,2026-10-02T22:58:37.019Z,m-gamebanana-learning-recommendation,/tuts/13741
62f2885f54d00267,github.com,github,2026-10-03T00:49:09.424Z,m-github-fan-game-recommendation,/[handle]/Bomberman
630282a265d75825,curseforge.com,curseforge,2026-10-02T22:59:00.557Z,m-curseforge-pc-port-howto;m-curseforge-pc-port-recommendation,/minecraft/modpacks/minecraft-ps1-pc-port/gallery
630bfa0b280e2aeb,x.com,x,2026-10-02T22:54:11.354Z,m-x-mod-install-alternative,/[handle]
630fb601df07df52,users.rust-lang.org,rustforum,2026-10-03T00:32:21.145Z,m-rustforum-rust-rebuild-recommendation,/t/rust-as-a-replacement-for/54043
63190aa9cdc314c9,users.rust-lang.org,rustforum,2026-10-03T01:02:34.297Z,m-rustforum-mod-creation-howto,/t/installation-issue/108944
6362e404af70fb68,tiktok.com,tiktok,2026-10-03T00:59:33.868Z,m-tiktok-rust-rebuild-alternative,/discover/capcut-alternative-apps-for-pc
636e6eb2f89181b4,youtube.com,youtube,2026-10-03T00:46:19.670Z,m-youtube-learning-problem,/watch
637d2108000a5f13,github.com,github,2026-10-03T00:20:38.273Z,m-github-legal-recommendation,/[handle]/claude-for-legal/blob/main/ip-legal/skills/cease-desist/SKILL.md
6386d70848535449,steamcommunity.com,steam,2026-10-02T23:19:19.872Z,d-H12-2,/app/1117350/reviews
6398c2117ce4cc74,resetera.com,resetera,2026-10-02T22:52:44.842Z,m-resetera-legal-problem,/threads/sandfall-interactive-lawyers-ask-comic-author-to-stop-selling-%E2%80%9Cacad%C3%A9mie-clair-obscur%E2%80%9D.1456132/page-2
63a987d1199af426,twitch.tv,twitch,2026-10-02T23:09:39.895Z,m-twitch-pc-port-howto,/directory/category/sonic-pc-port-remake
63bc92c5732b10dc,moddb.com,moddb,2026-10-03T00:31:28.842Z,m-moddb-mod-install-alternative,/mods/alternative-idle-animation-replacer/downloads/idle-animation-1
63c465824ea8e3ef,moddb.com,moddb,2026-10-02T22:57:25.036Z,m-moddb-mod-tools-alternative,/mods/hoae-modding-tools-unofficial-fixes
63db548adbf58d5c,users.rust-lang.org,rustforum,2026-10-02T23:23:05.785Z,m-rustforum-pc-port-problem,/t/strange-crash-in-std-process-command-on-windows-7/10834
63fa069e623ebb21,forums.warframe.com,other,2026-10-02T23:16:22.070Z,d-H6-1,/topic/1101068-forma-and-over-polarizing-warframes
640bee040ce0c1b2,old.thunderstore.io,thunderstore,2026-10-02T23:06:01.654Z,m-thunderstore-mod-tools-howto,/c/[handle]
640dc11860674646,curseforge.com,curseforge,2026-10-03T01:29:03.927Z,m-curseforge-fan-game-recommendation,/members/[handle]
64120b8984daa5ec,discussions.unity.com,other,2026-10-02T23:19:19.872Z,d-H12-2,/t/personal-experience-and-feedback-on-unitys-official-discord-server-moderation-is-too-strict/1666780
644079fb421fbccf,budgetlightforum.com,other,2026-10-02T23:24:11.003Z,d-H5-2,/t/trustfire-x100-mod-xp-l-and-driver-upgrade/43301
648e6cb452a36a95,disboard.org,discord,2026-10-02T22:50:13.211Z,m-discord-pc-port-problem,/sv/servers/tag/sonic.exe-rp
64a5611e7e94d797,disboard.org,discord,2026-10-02T22:50:29.636Z,m-discord-ip-revival-howto;m-discord-ip-revival-recommendation,/es/servers/tag/the-walking-dead-game
64a790e40900dcfb,tiktok.com,tiktok,2026-10-03T00:33:49.061Z,m-tiktok-fan-game-request,/@[handle]/video/7691174276455468320
64b604a7dbb55bc7,forums.nexusmods.com,nexusmods,2026-10-03T00:28:59.305Z,m-nexusmods-legal-howto,/topic/952451-seems-peoples-mod-work-are-being-stolen-sold
64ef9e9d3602efaa,disboard.org,discord,2026-10-02T22:50:03.620Z,m-discord-mod-install-request,/es/servers/tag/obs
6511285bbd36cda9,gamebanana.com,gamebanana,2026-10-02T22:58:37.019Z,m-gamebanana-learning-howto;m-gamebanana-learning-recommendation,/mods/538623
6512498ae1c905f5,resetera.com,resetera,2026-10-02T22:52:27.259Z,m-resetera-mod-tools-alternative,/threads/cities-skylines-2-gameplay-trailer-october-24-2023.728850/page-13
651a8649c25048f4,blog.curseforge.com,curseforge,2026-10-02T22:58:49.898Z,m-curseforge-mod-install-alternative,/best-minecraft-performance-mods
658037f73955463b,spinpasta.fandom.com,fandom,2026-10-02T22:54:31.097Z,m-fandom-rust-rebuild-alternative,/wiki/Thomas_And_The_Jet_Engine_-_Alternate_Ending
65821f56072ef25c,github.com,github,2026-10-02T23:21:21.988Z,m-github-mod-install-alternative,/[handle]/mod_installer
65cc7042742a07da,gbatemp.net,gbatemp,2026-10-03T00:12:24.102Z,m-gbatemp-mod-install-recommendation,/threads/simplemodmanager-a-mod-manager-for-your-switch.548658/page-3
65cf81afce43d184,gamebanana.com,gamebanana,2026-10-02T22:58:46.173Z,m-gamebanana-legal-howto;m-gamebanana-legal-request,/mods/624837
660397d9c7f7fd3d,safety.twitch.tv,twitch,2026-10-03T01:23:26.291Z,m-twitch-mod-creation-alternative,/[handle]/article/Community-Guidelines
66070391bf63eb76,youtube.com,youtube,2026-10-02T23:20:15.154Z,m-youtube-mod-install-problem,/watch
6609757468a7d421,github.com,github,2026-10-03T00:35:40.008Z,m-github-pc-port-howto,/[handle]/ACGC-PC-Port
664f36f2820cbeba,horror.fandom.com,fandom,2026-10-02T22:51:17.832Z,m-fandom-ip-revival-recommendation,/wiki/Evil_Dead_(franchise)
665a746d645b4c29,disboard.org,discord,2026-10-02T22:50:08.726Z,m-discord-mod-creation-recommendation,/servers/tag/dragon-ball-xenoverse-2
665f438da35741e5,github.com,github,2026-10-03T00:17:11.452Z,m-github-mod-install-recommendation,/[handle]/how-to-install-mods-in-fallout-4-for-pc
666286ae1c9a1e77,moddb.com,moddb,2026-10-02T22:57:31.946Z,m-moddb-learning-request,/games/mechcommander-gold/news/mc1mcg-darkest-hours-beginners-guide
666c7a3c79b18609,youtube.com,youtube,2026-10-02T23:07:08.611Z,m-youtube-mod-creation-howto,/watch
668b3f0181f61c4a,moddb.com,moddb,2026-10-02T23:04:54.068Z,m-moddb-legal-problem,/news/xcom-2-fan-expansion-modders-receive-cease-and-desist-from-take-two
66a0584d8d58bd89,the-fnaf-fan-game.fandom.com,fandom,2026-10-02T22:51:13.434Z,m-fandom-fan-game-request,/wiki/Blog:Recent_posts
66af54b94a4aa5c3,youtube.com,youtube,2026-10-03T01:02:39.939Z,m-youtube-pc-port-recommendation,/playlist
66d239cd8cc18123,github.com,github,2026-10-02T23:21:36.180Z,m-github-learning-problem,/[handle]
66f76743cb512af0,x.com,x,2026-10-02T22:49:47.240Z,m-x-mod-tools-recommendation,/[handle]/status/1653867151692890112
672cd5322a4de148,thunderstore.io,thunderstore,2026-10-02T23:02:07.037Z,m-thunderstore-community-request,/c/[handle]
675037f0fbd5656f,steamcommunity.com,steam,2026-10-02T23:03:00.788Z,m-steam-learning-request,/sharedfiles/filedetails
6754de4c1a4522fd,blog.curseforge.com,curseforge,2026-10-02T22:59:34.093Z,m-curseforge-mod-tools-howto;m-curseforge-mod-tools-recommendation,/how-to-create-subnautica-2-mods
67723019d619d414,gamebanana.com,gamebanana,2026-10-03T00:51:53.594Z,m-gamebanana-mod-tools-problem,/tools/20575
677327727490f055,old.thunderstore.io,thunderstore,2026-10-03T00:32:32.093Z,m-thunderstore-mod-creation-alternative,/package/JavAngle/TheHouse/2.0.5
6785f8abbe3d8ad2,steamcommunity.com,steam,2026-10-03T00:17:52.155Z,m-steam-community-howto,/app/261550/discussions/0/3041605810458585080
67bb70a093a298a2,gbatemp.net,gbatemp,2026-10-02T23:16:57.568Z,d-H8-2,/threads/why-hasnt-nintendo-ported-any-of-their-first-party-games-to-pc.570848
67ca758c56340e99,gamebanana.com,gamebanana,2026-10-03T01:22:41.843Z,m-gamebanana-fan-game-request,/requests/78420
67ddbc89d0d43f74,resetera.com,resetera,2026-10-03T01:19:07.220Z,m-resetera-mod-creation-request,/threads/eurogamer-nexus-mods-will-no-longer-allow-authors-to-delete-mod-files.451648/page-2
680caf83f5de26be,gamebanana.com,gamebanana,2026-10-03T00:37:18.946Z,m-gamebanana-community-alternative,/tools/6546
6813a78fe59d48ee,steamcommunity.com,steam,2026-10-03T01:22:28.432Z,m-steam-learning-problem,/sharedfiles/filedetails
681759960787a150,civilization-v-customisation.fandom.com,fandom,2026-10-03T01:16:04.593Z,m-fandom-mod-tools-alternative,/wiki/Modding_Guides
6826acbc90602a0c,disboard.org,discord,2026-10-02T22:50:25.822Z,m-discord-fan-game-request,/es/servers/tag/have-fun
684180dfb45922cd,steamcommunity.com,steam,2026-10-02T23:02:27.328Z,m-steam-pc-port-alternative,/app/224300/discussions/0/1489992080507418012
68e91a687bb37420,curseforge.com,curseforge,2026-10-02T22:59:39.574Z,m-curseforge-learning-problem,/minecraft/mc-mods/thaumic-potatoes
691987361da984c3,steamcommunity.com,steam,2026-10-02T23:02:39.453Z,m-steam-rust-rebuild-howto;m-steam-rust-rebuild-recommendation,/app/221410/discussions/0/568162597763988169
692d0cb0c6696811,gamebanana.com,gamebanana,2026-10-03T01:05:17.592Z,m-gamebanana-mod-install-request,/questions/30975
694a05db319b1398,news.ycombinator.com,hackernews,2026-10-02T23:12:37.959Z,m-hackernews-fan-game-howto,/item
695fde77c4c9837b,gamebanana.com,gamebanana,2026-10-03T01:22:41.843Z,m-gamebanana-fan-game-request,/requests/45828
6992b9f1d021807e,x.com,x,2026-10-02T22:49:54.739Z,m-x-community-howto,/[handle]/status/2034391707547255024
69951b3ab7e8d4eb,resetera.com,resetera,2026-10-03T00:59:56.620Z,m-resetera-mod-install-alternative,/threads/starfield-ot-ground-control-to-major-todd.758722/page-305
69a091209592342f,resetera.com,resetera,2026-10-02T22:51:40.209Z,m-resetera-mod-install-alternative;m-resetera-mod-install-problem;m-resetera-mod-tools-alternative,/threads/discussion-thread-modding-skyrim-in-2019-and-beyond.98216
69b0cf352d611657,watchmojo.com,other,2026-10-02T23:16:48.158Z,d-H7-3,/articles/30-reboots-remakes-that-nobody-asked-for
69b6d8225ca9ca69,news.ycombinator.com,hackernews,2026-10-03T00:12:40.640Z,m-hackernews-ip-revival-recommendation,/item
69b6e279c19b7454,news.ycombinator.com,hackernews,2026-10-02T23:21:53.667Z,m-hackernews-pc-port-request,/item
69ef96b51feeb3a1,users.rust-lang.org,rustforum,2026-10-03T01:02:34.297Z,m-rustforum-mod-creation-howto,/t/quick-question-static-str/35940
69f9739e11ef4f3c,reddit.com,reddit,2026-10-02T22:48:52.295Z,m-reddit-legal-recommendation,/r/legaladvice/comments/e9qlye/received_a_cease_and_desist_letter
69fe4f9be167b529,curseforge.com,curseforge,2026-10-02T22:58:54.428Z,m-curseforge-mod-creation-request,/wow/addons/auctionator
69ffa5ef0cd316fc,github.com,github,2026-10-02T23:21:21.988Z,m-github-mod-install-alternative,/[handle]/r2modmanPlus
6a1abdea18ca800d,old.thunderstore.io,thunderstore,2026-10-02T23:06:01.654Z,m-thunderstore-mod-tools-howto,/c/[handle]/p/Toombe/ProjectApple
6a37a9907a200b1f,reddit.com,reddit,2026-10-02T23:16:11.627Z,d-H5-3,/r/projectzomboid/comments/129i3jz/why_is_there_almost_no_information_out_there_on
6a3cf66490834704,hypnosis-mic.fandom.com,fandom,2026-10-02T22:54:31.097Z,m-fandom-rust-rebuild-alternative,"/wiki/If_We_Hesitate,_We_Rust_and_Lose_Pride._Because_Of_Our_Lost_Pride,_We_Keep_The_Fire_Burning"
6a4fe2b960f4fd73,reddit.com,reddit,2026-10-02T22:48:12.783Z,m-reddit-pc-port-howto,/r/SteamDeck/comments/1kcystv/pc_ports_decompilations_recompilations_fan_games
6a5c15972f8fb7af,[handle].itch.io,itchio,2026-10-03T01:18:15.924Z,m-itchio-rust-rebuild-alternative,/klattsch/devlog/1580425/klattsch-engine-is-free-software-put-it-in-your-game
6a8e47894c41843d,old.thunderstore.io,thunderstore,2026-10-02T23:05:49.611Z,m-thunderstore-pc-port-howto,/c/[handle]/p/ApacheThunder/TheGarbageCollector/v/1.4.3
6a984c28c58bc5c6,moddb.com,moddb,2026-10-02T23:04:54.068Z,m-moddb-legal-problem,/mods/quake-ii-call-of-the-void/features/from-a-copyright-notice-to-an-official-bethesda-release-the-story-behind-qdoom
6aaed14c24be9b63,gamebanana.com,gamebanana,2026-10-03T00:24:05.867Z,m-gamebanana-ip-revival-recommendation,/mods/634492
6ac8027648a42fb8,mod.io,modio,2026-10-02T22:59:59.285Z,m-modio-mod-creation-recommendation,/g/bonelab/r/fixes-and-tips-for-making-mods
6ad76dcf5fecf419,users.rust-lang.org,rustforum,2026-10-02T23:23:05.785Z,m-rustforum-pc-port-problem,/t/is-there-an-adapter-from-x11-to-windows/77372
6aebe1aaa5dddb25,gbatemp.net,gbatemp,2026-10-02T22:53:13.853Z,m-gbatemp-fan-game-alternative,/threads/mega-man-x-regenesis-nintendo-switch-port.684160
6aef544175073c75,moddb.com,moddb,2026-10-02T22:57:25.036Z,m-moddb-mod-tools-alternative,/mods/ultimate-warno-mod-designer-developed-by-uhdk1ng-and-artistic-ai-bytes/images/ui-for-ultimate-warno-mod-designer-v220260822-alpha-version
6b069efd1291108c,forums.nexusmods.com,nexusmods,2026-10-03T01:28:26.735Z,m-nexusmods-community-problem,/topic/6284146-dai-tools-mod-manager-an-error-occurred-while-getting-the-project-list/page/2
6b9eaf8e49de7501,news.ycombinator.com,hackernews,2026-10-02T23:12:37.959Z,m-hackernews-fan-game-howto,/item
6ba08112132cdbc3,youtube.com,youtube,2026-10-03T00:23:26.849Z,m-youtube-legal-alternative,/watch
6bb0b0c8e1c0bff6,gbatemp.net,gbatemp,2026-10-03T01:02:05.636Z,m-gbatemp-learning-alternative,/threads/does-gbatemp-have-a-rival-forum.355250/page-2
6bd81d1ab40fbe5e,gbatemp.net,gbatemp,2026-10-02T22:54:50.331Z,m-gbatemp-mod-creation-request,/threads/help-with-making-mods-for-saints-row-iv.603448
6bd896caae27305d,gamebanana.com,gamebanana,2026-10-03T00:37:18.946Z,m-gamebanana-community-alternative,/games/5866
6bea72a8fc453c25,itch.io,itchio,2026-10-03T01:18:15.924Z,m-itchio-rust-rebuild-alternative,/games/newest/ai-graphics/free/tag-fantasy
6bed5242545c7b15,youtube.com,youtube,2026-10-03T00:46:19.670Z,m-youtube-learning-problem,/watch
6c0ae44694fe9822,tiktok.com,tiktok,2026-10-02T23:08:56.807Z,m-tiktok-learning-recommendation,/@[handle]/video/7685930342057790728
6c0defcfb3ee26b2,facebook.com,other,2026-10-02T23:18:56.014Z,d-H11-1,/OpenCriticGames/posts/nexus-mods-is-going-to-have-a-new-owner-for-the-first-time-since-it-went-live-24/1043613401226060
6c12a596dc06af1c,curseforge.com,curseforge,2026-10-03T00:20:16.124Z,m-curseforge-community-request,/minecraft/mc-mods/crash-assistant/files/7055265
6c23beecd3061bac,github.com,github,2026-10-03T00:20:38.273Z,m-github-legal-recommendation,/[handle]/litert-torch/issues/1047
6c2c0af5f5b35efd,mod.io,modio,2026-10-02T23:00:28.614Z,m-modio-mod-tools-problem,/g/drg/m/pingtotext
6c4bdf51c084d87b,dev.twitch.tv,twitch,2026-10-03T01:23:09.256Z,m-twitch-pc-port-request,/[handle]/authentication/getting-tokens-oauth
6c548276283e2935,thunderstore.io,thunderstore,2026-10-02T23:05:49.611Z,m-thunderstore-pc-port-howto,/c/[handle]
6c6bae78e0456dcd,moddb.com,moddb,2026-10-03T00:10:30.766Z,m-moddb-mod-creation-request,/groups/2003-mod-of-the-year-awards/members
6cd30604e30dae28,legendmod.fandom.com,fandom,2026-10-02T22:54:39.697Z,m-fandom-mod-tools-problem,/wiki/Modding
6cfa6c879b4c432e,steamcommunity.com,steam,2026-10-02T23:02:17.720Z,m-steam-mod-install-problem,/sharedfiles/filedetails
6d22bfad7ee6b214,steamcommunity.com,steam,2026-10-02T23:03:05.268Z,m-steam-community-recommendation,/app/1118200/discussions/0/3390672107126635597
6d28dd6336cb2cb6,x.com,x,2026-10-02T22:54:11.354Z,m-x-mod-install-alternative,/[handle]/status/1805858648050004150
6d325ff238184fc7,thunderstore.io,thunderstore,2026-10-02T23:05:49.611Z,m-thunderstore-pc-port-howto,/c/[handle]
6d369de7f2c1be63,curseforge.com,curseforge,2026-10-03T00:45:37.490Z,m-curseforge-legal-recommendation,/minecraft/modpacks/the-pog-dog-pack/files/3750685
6d3b5fd024367671,reddit.com,reddit,2026-10-02T23:15:02.949Z,d-H2-2,/r/BG3Builds/comments/1kzh7o0/difficulty_mods_what_are_your_favourites_and_why
6d8afaa8c46d2368,disboard.org,discord,2026-10-02T22:50:08.726Z,m-discord-mod-creation-howto;m-discord-mod-creation-recommendation,/pl/servers/tag/friend-making
6d8c8eea6a08fbf6,gbatemp.net,gbatemp,2026-10-03T00:46:07.638Z,m-gbatemp-mod-creation-problem,/threads/problem-loading-in-donkey-kong-country-returns.615781
6d99f68371fb6f3e,tiktok.com,tiktok,2026-10-02T23:08:46.245Z,m-tiktok-ip-revival-alternative,/@[handle]/photo/7638305810212261140
6dbe2936e3708a48,nexusmods.com,nexusmods,2026-10-02T23:14:52.595Z,d-H1-3,/rustysretirement/news/12539
6e1f4b3a8868e390,steamcommunity.com,steam,2026-10-02T23:02:17.720Z,m-steam-mod-install-problem,/discussions/forum/1/737034666592341320
6e328375f2b35edd,tiktok.com,tiktok,2026-10-03T01:17:19.035Z,m-tiktok-pc-port-problem,/@[handle]/video/7636150352387116309
6e5bc4c0118888ee,forums.factorio.com,other,2026-10-03T01:47:40.837Z,x-add-4,/viewforum.php
6e5d31a8f51169b5,gbatemp.net,gbatemp,2026-10-03T00:29:35.621Z,m-gbatemp-community-request,/threads/fe3h-unlock-gender-class-mod.547170/page-2
6e6f11b2f59ca6c1,gbatemp.net,gbatemp,2026-10-03T00:12:24.102Z,m-gbatemp-mod-install-recommendation,/threads/kotor-ii-mods.614035
6e7531d06b1d880d,x.com,x,2026-10-02T22:49:51.381Z,m-x-learning-problem,/[handle]
6e7e3350e811da31,steamcommunity.com,steam,2026-10-03T00:38:05.363Z,m-steam-ip-revival-request,/app/1466860/discussions/0/4357790501747131047
6eb04499fa1056a6,twitch.tv,twitch,2026-10-03T00:22:08.541Z,m-twitch-fan-game-howto,/directory/category/friday-the-13th-rpg-a-fan-game
6edda1cc6752456b,youtube.com,youtube,2026-10-03T00:14:05.505Z,m-youtube-mod-install-alternative,/watch
6eebddc157de7249,result.uniraj.ac.in,other,2026-10-02T23:14:39.233Z,d-H1-1,/
6eec82e760647cb4,moddb.com,moddb,2026-10-03T01:20:10.755Z,m-moddb-legal-alternative,/members/[handle]/blogs/why-we-flipped-out-over-paid-mods
6f0b79927c21be3c,github.com,github,2026-10-03T00:20:38.273Z,m-github-legal-recommendation,/[handle]/equipt/blob/main/plugins/equipt-business/skills/cease-and-desist/SKILL.md
6f2729ee736a670e,[handle].itch.io,itchio,2026-10-03T00:33:54.714Z,m-itchio-ip-revival-recommendation,/evil-is-back/comments
6f6370ddcaba928b,forum.kingdomcomerpg.com,other,2026-10-02T23:18:50.369Z,d-H10-3,/t/is-game-still-too-easy-after-the-first-half-or-so/56008
6f7fc0a7c0d55498,greasyfork.org,other,2026-10-02T23:15:27.136Z,d-H3-2,/en/scripts/483337-nexus-download-collection
6f961534659bac97,moddb.com,moddb,2026-10-02T22:56:48.496Z,m-moddb-mod-creation-howto;m-moddb-mod-creation-request,/tutorials/game-development-tools
6fbb1d3ee903acee,businessinsider.com,other,2026-10-02T23:16:48.158Z,d-H7-3,/movie-sequels-most-least-necessary
6fcfc0a1053c3048,github.com,github,2026-10-02T23:16:57.568Z,d-H8-2,/[handle]/xboxrecomp
6fe0f1ccf694f6ca,curseforge.com,curseforge,2026-10-03T01:29:03.927Z,m-curseforge-fan-game-recommendation,/minecraft/modpacks/popshow-week-nights
6fea6eb46c2a6ad0,gamebanana.com,gamebanana,2026-10-02T23:05:04.156Z,m-gamebanana-mod-tools-request,/tools/6036
6feb5b926103bbea,disboard.org,discord,2026-10-03T01:11:52.834Z,m-discord-learning-request,/servers/tag/mods
7047d3cb34af50b8,artsekey.tumblr.com,other,2026-10-02T23:24:11.003Z,d-H5-2,/post/818527284138049536/learned-to-mod-paralives-today-this-is-the-first
7048c97409d21d36,securitylab.github.com,github,2026-10-02T23:11:14.721Z,m-github-pc-port-recommendation,/
706d7b767f61f915,nexusmods.com,nexusmods,2026-10-03T00:16:18.856Z,m-nexusmods-fan-game-howto,/swammysattackontitanfangame/news/15108
706f3bb57089e48b,watchmojo.com,other,2026-10-02T23:16:48.158Z,d-H7-3,/amp/en-gb/video/top-10-reboots-and-remakes-that-nobody-asked-for
709d97db59f35c3b,mod.io,modio,2026-10-03T00:53:25.337Z,m-modio-mod-install-problem,/g/timberborn/r/how-to-install-mods
70b571370372725f,tiktok.com,tiktok,2026-10-03T00:13:09.566Z,m-tiktok-mod-creation-recommendation,/@[handle]/video/7594227403359014199
711c8bc184dcd6bc,mod.io,modio,2026-10-02T23:00:28.614Z,m-modio-mod-tools-problem,/g/baldursgate3/r/ase-modding-7-race-mods-for-console
7124e8d34c4ec484,gbatemp.net,gbatemp,2026-10-03T00:41:59.434Z,m-gbatemp-fan-game-recommendation,/threads/mega-man-maker-announced-fan-game-launching-this-week.477015/page-2
712fc313ae0b1dad,youtube.com,youtube,2026-10-02T23:07:19.623Z,m-youtube-decomp-request,/watch
7131f0347996d7e0,unturnedmods.fandom.com,fandom,2026-10-03T00:53:43.655Z,m-fandom-community-recommendation,/wiki/Random_Vehicles
713ac31047c7b3b8,steamcommunity.com,steam,2026-10-02T23:03:05.268Z,m-steam-community-recommendation,/app/22380/discussions/0/3809534059885565528
714a239adc33b10f,github.com,github,2026-10-02T23:15:19.922Z,d-H3-1,/[handle]/Nexus-Mod-Manager
71555f753de95034,forums.nexusmods.com,nexusmods,2026-10-03T00:28:59.305Z,m-nexusmods-legal-howto,/topic/6078603-my-in-depth-opinion-about-the-creation-club-as-a-long-time-mod-maker
71d4bce41d7f7533,lain.fandom.com,fandom,2026-10-03T00:52:57.894Z,m-fandom-decomp-request,/wiki/Serial_Experiments_Lain_(game)
71d6a53c44f1c9f1,twitch.tv,twitch,2026-10-03T00:10:58.137Z,m-twitch-learning-recommendation,/videos/46195542
71d897fe72106821,gbatemp.net,gbatemp,2026-10-02T22:54:58.946Z,m-gbatemp-ip-revival-request,/review/star-wars-squadrons.1557
71de082acdcc5245,facebook.com,other,2026-10-02T23:16:48.158Z,d-H7-3,/UnhealthySWObsession/posts/reboots-reunions-and-revivals-nobody-asked-for-in-2024-link-in-comments/1092341900011892
71e47b6fa6dd91e0,gamebanana.com,gamebanana,2026-10-02T22:57:50.122Z,m-gamebanana-mod-creation-alternative,/mods/593362
71ec2423c070b570,open-love.org,other,2026-10-03T01:46:12.495Z,x-add-1,/blog/2025-community-survey-report
721660c7d20f46aa,curseforge.com,curseforge,2026-10-02T22:59:34.093Z,m-curseforge-mod-tools-recommendation,/hytale/mods/myewtweaks
7218f599a94ba939,reddit.com,reddit,2026-10-03T01:01:08.724Z,m-reddit-fan-game-howto,/r/touhou/comments/1kjwrqd/whatre_your_steps_to_making_your_first_fan_game
72194123eae417c7,facebook.com,other,2026-10-02T23:17:14.512Z,d-H9-1,/groups/132728896890594/posts/3433576366805814
724172c3c6f3c65a,help.twitch.tv,twitch,2026-10-02T23:10:20.258Z,m-twitch-community-request,/[handle]/article/shared-chat
724337726f871190,youtube.com,youtube,2026-10-02T23:07:47.458Z,m-youtube-learning-request,/watch
72699cc8fcff1fb7,gamebanana.com,gamebanana,2026-10-02T22:58:37.019Z,m-gamebanana-learning-howto;m-gamebanana-learning-recommendation,/tuts/16080
72821583ef166989,resetera.com,resetera,2026-10-02T22:52:38.427Z,m-resetera-community-howto;m-resetera-community-recommendation,/threads/someone-has-reportedly-found-a-secret-door-on-nier-automata-and-nobody-knows-how-to-access-it-the-secret-has-been-revealed.611877/page-17
72a8af7c5a63a4ad,github.com,github,2026-10-03T00:35:40.008Z,m-github-pc-port-howto,/topics/pc-port
72cebdd5199f3908,reddit.com,reddit,2026-10-02T22:48:37.459Z,m-reddit-mod-tools-howto,/r/projectzomboid/comments/18x6mcf/where_are_the_modding_tools
72d7fa6e07172da5,youtube.com,youtube,2026-10-02T23:07:08.611Z,m-youtube-mod-creation-howto,/watch
72de6e0ce98fac83,continued-exe.fandom.com,fandom,2026-10-02T22:54:31.097Z,m-fandom-rust-rebuild-alternative,/wiki/NOONEISWATCHING
73017bc10e2f15b1,tiktok.com,tiktok,2026-10-03T00:59:33.868Z,m-tiktok-rust-rebuild-alternative,/discover/editor-open-source
7316ce6dc67e4f3c,curseforge.com,curseforge,2026-10-02T22:59:39.574Z,m-curseforge-learning-problem,/minecraft/mc-mods/animationapi
7318530dd3edbb3d,x.com,x,2026-10-03T01:26:25.063Z,m-x-mod-install-recommendation,/[handle]/status/1878064318195060809
732b196b79d102f2,github.com,github,2026-10-02T23:11:22.657Z,m-github-decomp-problem,/[handle]/ghidra/issues/7997
73504864d05ede4a,youtube.com,youtube,2026-10-02T23:07:23.943Z,m-youtube-rust-rebuild-recommendation,/watch
735715b06acc4d35,gbatemp.net,gbatemp,2026-10-02T22:53:00.916Z,m-gbatemp-decomp-problem,/threads/i-found-animal-crossings-runtime-environment.485933
73641a1f95a8c662,link.twitch.tv,twitch,2026-10-03T01:23:09.256Z,m-twitch-pc-port-request,/[handle]
73659c5c8786b958,curseforge.com,curseforge,2026-10-02T23:05:30.514Z,m-curseforge-community-howto,/sims4/mods/snbank
7378f27bf172e7ab,thunderstore.io,thunderstore,2026-10-02T23:01:39.357Z,m-thunderstore-rust-rebuild-request,/c/[handle]
737fa78cdc08d6a9,curseforge.com,curseforge,2026-10-02T22:58:54.428Z,m-curseforge-community-howto;m-curseforge-mod-creation-request,/minecraft/modpacks/rlcraft
738116113baf3e19,youtube.com,youtube,2026-10-02T23:07:23.943Z,m-youtube-rust-rebuild-recommendation,/shorts/nu4HoPalzEg
73a38fdf7874c01b,twitch.tv,twitch,2026-10-02T23:09:39.895Z,m-twitch-pc-port-howto,/[handle]/clip/CautiousCuriousDelicataNotLikeThis-QhYShCQaDJ1ZmgNi
73b21aff591cdf38,moddb.com,moddb,2026-10-02T22:57:16.289Z,m-moddb-fan-game-problem,/games/guedinaot/downloads/guedins-aot-fan-game-00102-win32
73c651182b8ba820,old.thunderstore.io,thunderstore,2026-10-02T23:06:01.654Z,m-thunderstore-mod-tools-howto,/c/[handle]/p/Crafty_Glitches/MHAFigurinesMod
73c9d7603f45ee03,news.ycombinator.com,hackernews,2026-10-03T00:59:10.149Z,m-hackernews-rust-rebuild-alternative,/item
73e9bd0356dc6bd0,news.ycombinator.com,hackernews,2026-10-02T23:12:28.548Z,m-hackernews-decomp-recommendation,/item
73f679a8d80191bd,disboard.org,discord,2026-10-02T22:50:37.984Z,m-discord-learning-howto,/server/1477064848646078667
73f88c5db619cb07,users.rust-lang.org,rustforum,2026-10-03T01:02:34.297Z,m-rustforum-mod-creation-howto,/t/futuresunordered/39461
73f8d29c65639a8d,users.rust-lang.org,rustforum,2026-10-03T00:40:55.483Z,m-rustforum-mod-tools-alternative,/t/protocol-buffers-in-rust-what-to-use-and-how-to-use-it/88647
73fc9279856c8c00,youtube.com,youtube,2026-10-02T23:07:19.623Z,m-youtube-decomp-request,/watch
7416a32be6ba2ad1,disboard.org,discord,2026-10-02T22:50:25.822Z,m-discord-fan-game-problem;m-discord-fan-game-request,/servers/tag/the-freak-circus
7436f4a4b8bcd56c,youtube.com,youtube,2026-10-03T00:28:46.928Z,m-youtube-mod-creation-request,/watch
74599a10839330ce,mod.io,modio,2026-10-03T01:27:40.983Z,m-modio-legal-problem,/g/bus21
7471f43dec9b7522,curseforge.com,curseforge,2026-10-03T00:56:57.622Z,m-curseforge-rust-rebuild-request,/minecraft/mc-mods/hbm-nuclear-tech-mod-community-edition
74887bc66f5e4ea8,gbatemp.net,gbatemp,2026-10-02T22:52:49.231Z,m-gbatemp-mod-install-alternative,/threads/switch-noob-paradise-ask-questions-here.488277/post-9248715
748f6309eb86300c,steamcommunity.com,steam,2026-10-02T23:06:05.333Z,m-steam-mod-creation-howto,/app/48010
74a0c5ad785805b0,steamcommunity.com,steam,2026-10-02T23:06:18.072Z,m-steam-legal-problem,/discussions/forum/0/1697169163410141328
74a6615904a2865d,moddb.com,moddb,2026-10-03T01:04:32.871Z,m-moddb-mod-tools-recommendation,/mods/hoae-modding-tools-unofficial-fixes/reviews
74be854a359d4f71,undertale.fandom.com,fandom,2026-10-02T22:51:05.600Z,m-fandom-decomp-howto,/f/p/2651819830411754214
74c081a8f1d0b92d,reddit.com,reddit,2026-10-03T01:22:51.697Z,m-reddit-pc-port-request,/r/developers/comments/1ujqd6k/request_to_port_a_game
74edfcd4a12f04d8,old.thunderstore.io,thunderstore,2026-10-03T00:32:32.093Z,m-thunderstore-mod-creation-alternative,/c/[handle]/p/HungryMuttis/Tweaks
7514bfb5344c60ff,steamcommunity.com,steam,2026-10-03T00:38:05.363Z,m-steam-ip-revival-request,/app/1174180/discussions/search
751523412f80ced2,forums.nexusmods.com,nexusmods,2026-10-03T01:10:51.617Z,m-nexusmods-mod-install-howto,/topic/6354701-how-do-you-install-mods-manually
7518d29687893f4e,youtube.com,youtube,2026-10-02T23:07:14.419Z,m-youtube-pc-port-alternative,/watch
754eb1e11798a30f,x.com,x,2026-10-02T22:49:54.739Z,m-x-community-howto,/[handle]/status/1409900761996169222
756935079c9cb62a,gbatemp.net,gbatemp,2026-10-02T22:52:56.869Z,m-gbatemp-pc-port-recommendation,/threads/full-list-of-n64-recompilation-switch-ports.681836
756dbd58a4aacc1a,github.com,github,2026-10-02T23:21:31.599Z,m-github-mod-creation-request,/[handle]/modding-guide/blob/main/hier0nimus-tutorials/02-making-new-specialists/readme.md
758e9760a3cfb719,github.com,github,2026-10-03T00:15:59.702Z,m-github-learning-alternative,/[handle]/GI-Model-Importer/blob/main/Guides/TextureModdingTutorial.md
75a505130d0ae62d,[handle].github.io,other,2026-10-02T23:16:11.627Z,d-H5-3,/
75c74f01bf6d8931,github.com,github,2026-10-02T23:11:22.657Z,m-github-decomp-problem,/[handle]/bicep/issues/12197
75d0fa860e3ec4bb,youtube.com,youtube,2026-10-02T23:20:28.246Z,m-youtube-community-howto;m-youtube-community-recommendation,/watch
75f5aba034346e3b,steamcommunity.com,steam,2026-10-03T00:17:52.155Z,m-steam-community-howto,/app/2291060/discussions/0/4849904427678493353
75f94f91e4abfdff,moddb.com,moddb,2026-10-02T22:56:48.496Z,m-moddb-mod-creation-howto,/groups/2003-mod-of-the-year-awards/features/mods-of-2003
762f9cadbb1ae309,five-nights-at-freddys-fanon.fandom.com,fandom,2026-10-02T22:51:13.434Z,m-fandom-fan-game-request,/wiki/User_blog:TheFazDude/Fan_Game_Reviews_1:_Five_Nights_at_Candy%27s_3
76540e718144a9b1,news.ycombinator.com,hackernews,2026-10-02T23:13:20.016Z,m-hackernews-legal-howto,/item
766e46171b589201,gbatemp.net,gbatemp,2026-10-02T22:53:25.601Z,m-gbatemp-mod-tools-howto;m-gbatemp-mod-tools-recommendation,/threads/must-have-modding-tools-aka-the-best-micro-soldering-iron.252911
76b806dc7da1ce8f,news.ycombinator.com,hackernews,2026-10-03T01:00:23.231Z,m-hackernews-mod-tools-problem,/item
76b84926c24ab207,gamebanana.com,gamebanana,2026-10-02T22:57:50.122Z,m-gamebanana-mod-creation-alternative,/tuts/13379
770ecea2f6b7d395,news.ycombinator.com,hackernews,2026-10-02T23:21:53.667Z,m-hackernews-pc-port-request,/item
77321a4459475040,youtube.com,youtube,2026-10-03T00:14:05.505Z,m-youtube-mod-install-alternative,/watch
774a96c80c02fc9f,tiktok.com,tiktok,2026-10-03T00:33:49.061Z,m-tiktok-fan-game-request,/@[handle]/video/7654619460938124564
77749c601c136c01,news.ycombinator.com,hackernews,2026-10-02T23:12:17.492Z,m-hackernews-mod-creation-alternative,/item
777c24f0869fc4fd,moddb.com,moddb,2026-10-02T22:57:31.946Z,m-moddb-learning-request,/games/half-life/tutorials/where-is-poppy-setting-up-a-goldsrc-mod
779df5940a6e9e58,itch.io,itchio,2026-10-03T01:29:20.682Z,m-itchio-mod-creation-recommendation,/post/133418
77b236b527f10b16,reddit.com,reddit,2026-10-02T22:48:12.783Z,m-reddit-pc-port-howto,/r/truegaming/comments/3azczs/what_exactly_is_a_modern_pc_port_and_why_does_it
77e05d691799c5c9,nexusmods.com,nexusmods,2026-10-03T00:16:18.856Z,m-nexusmods-fan-game-howto,/swammysattackontitanfangame/news/categories/0
77f1d950e8669372,nexusmods.com,nexusmods,2026-10-03T01:28:26.735Z,m-nexusmods-community-problem,/coralisland/mods/27
78047a234fe31644,thunderstore.io,thunderstore,2026-10-02T23:01:24.550Z,m-thunderstore-mod-creation-problem,/c/[handle]/p/BepInEx/BepInExPack/dependants
785138b8b1bb86d1,steamcommunity.com,steam,2026-10-02T23:06:05.333Z,m-steam-mod-creation-howto,/app/3340230
789d2969fa2ef7c3,moddb.com,moddb,2026-10-02T22:57:31.946Z,m-moddb-learning-request,/members/[handle]/comments
78a7b0662cb8d731,[handle].itch.io,itchio,2026-10-03T00:44:40.310Z,m-itchio-pc-port-problem,/arcus/devlog/192980/update-v103-released-black-screen-bug-fix-and-more
78aa56fbedabd816,tiktok.com,tiktok,2026-10-03T00:13:09.566Z,m-tiktok-mod-creation-recommendation,/@[handle]/video/7611983806609771789
78afb0146577d492,gbatemp.net,gbatemp,2026-10-02T22:54:50.331Z,m-gbatemp-mod-creation-problem;m-gbatemp-mod-creation-request,/threads/mod-to-fix-co-op-2-player-mode-in-donkey-kong-country-returns-hd.665974
78b08faa6761aedf,moddb.com,moddb,2026-10-03T00:17:28.699Z,m-moddb-decomp-problem,/games/half-life-2-episode-two/tutorials/switching-animations-between-models
78c891548da98903,gamebanana.com,gamebanana,2026-10-03T00:37:18.946Z,m-gamebanana-community-alternative,/games/23582
78ca59e517f50992,gbatemp.net,gbatemp,2026-10-02T22:53:00.916Z,m-gbatemp-decomp-problem,/threads/sonic-mania-commit-builds-android.619905/page-10
790f9677c57c85ef,nexusmods.com,nexusmods,2026-10-03T00:54:24.894Z,m-nexusmods-mod-creation-alternative,/fallout4/mods/46559
792ae0ad5be4bd01,itch.io,itchio,2026-10-02T23:03:26.033Z,m-itchio-mod-install-howto,/t/6185401/how-to-add-mods-pc-verson
793713fd81818830,curseforge.com,curseforge,2026-10-03T00:27:11.366Z,m-curseforge-mod-creation-problem,/palworld/lua-code-mods/automatically-skip-patch-notes
793755fbd8b80497,disboard.org,discord,2026-10-03T01:19:55.457Z,m-discord-fan-game-problem,/servers/tag/game
7943d19de2f827a9,tiktok.com,tiktok,2026-10-02T23:08:20.321Z,m-tiktok-mod-creation-alternative,/discover/claude-ai-codingminecraft
797c64c2511d3730,onlineresults.unipune.ac.in,other,2026-10-02T23:14:39.233Z,d-H1-1,/result/dashboard/default
79816cbdbc79d773,youtube.com,youtube,2026-10-02T23:07:42.537Z,m-youtube-mod-tools-alternative,/watch
7982df0edadf83cc,forums.nexusmods.com,nexusmods,2026-10-02T22:55:44.499Z,m-nexusmods-mod-install-recommendation,/topic/2521569-which-mods-should-i-install-first
79cabc2d70087e0d,reddit.com,reddit,2026-10-02T22:48:52.295Z,m-reddit-legal-recommendation,/r/legaladvice/comments/l7bshx/massachusetts_cease_and_desist_for_negative
79e6e25285a3fc66,gamebanana.com,gamebanana,2026-10-02T22:57:50.122Z,m-gamebanana-mod-creation-alternative,/mods/470503
79ee2a9b59863bbe,spaceengineers.fandom.com,fandom,2026-10-02T22:50:52.197Z,m-fandom-mod-install-request,/wiki/Mods
79f24f5bb84a3928,[handle].itch.io,itchio,2026-10-02T23:03:32.825Z,m-itchio-mod-creation-alternative,/
7a0f3102e3242a81,resetera.com,resetera,2026-10-03T01:05:43.435Z,m-resetera-learning-problem,/threads/warframe-something-finally-clicked.1398457
7a368129614ec769,mod.io,modio,2026-10-03T00:18:43.353Z,m-modio-mod-tools-alternative,/g/baldursgate3/m/pl-strange-tiefling
7a49408b88a988c6,thunderstore.io,thunderstore,2026-10-02T23:01:39.357Z,m-thunderstore-rust-rebuild-request,/c/[handle]
7a519226f0537791,gamebanana.com,gamebanana,2026-10-03T00:24:05.867Z,m-gamebanana-ip-revival-recommendation,/mods/92620
7a719d24528f8487,old.thunderstore.io,thunderstore,2026-10-03T00:32:32.093Z,m-thunderstore-mod-creation-alternative,/c/[handle]/p/ThreeBoredAssets/Wii_Company
7a9e32f57fef63f1,news.ycombinator.com,hackernews,2026-10-02T23:13:06.157Z,m-hackernews-learning-recommendation,/item
7acb15f7a6f38e38,the-long-dark-modding.fandom.com,fandom,2026-10-02T22:50:52.197Z,m-fandom-mod-install-request,/wiki/How_to_Install_Mods
7aebade2574df212,gbatemp.net,gbatemp,2026-10-02T22:53:07.100Z,m-gbatemp-rust-rebuild-howto,/threads/wii-system-menu-extractor-normalizer.679204
7af1839c13af8e7a,rustacean-station.org,other,2026-10-02T23:17:14.512Z,d-H9-1,/transcript/jake-yoshua-stjepan
7b1f37564aa75bef,gamebanana.com,gamebanana,2026-10-03T01:05:17.592Z,m-gamebanana-mod-install-request,/questions/45566
7b34aa22bef6c9cd,reddit.com,reddit,2026-10-03T01:46:22.786Z,x-add-2,/r/gaming/comments/1q1a52t/games_with_mod_communities_that_are_outside_of
7b3e79fc9f8bfb10,gbatemp.net,gbatemp,2026-10-03T01:02:05.636Z,m-gbatemp-learning-alternative,/threads/simple-guide-to-install-cios-on-vwii-backup-nand-and-keys.339890/page-28
7b60cffd46fa8064,resetera.com,resetera,2026-10-03T01:12:48.016Z,m-resetera-fan-game-alternative,/threads/best-recommended-fan-games-not-romhacks.418065
7b834ef29d4c7652,totally-accurate-battle-simulator.fandom.com,fandom,2026-10-03T00:53:43.655Z,m-fandom-community-recommendation,/f/u/[handle]
7bc09c2e04a6d567,twitch.tv,twitch,2026-10-03T00:33:09.546Z,m-twitch-legal-howto,/[handle]/clip/IntelligentStormyNarwhalTheRinger
7bd628da99d27d09,tiktok.com,tiktok,2026-10-03T01:20:33.146Z,m-tiktok-ip-revival-recommendation,/@[handle]/video/7665451247947762974
7bf202df98a0cd92,youtube.com,youtube,2026-10-03T01:02:39.939Z,m-youtube-pc-port-recommendation,/watch
7c05440dd07cfe13,forums.nexusmods.com,nexusmods,2026-10-02T22:56:14.004Z,m-nexusmods-mod-tools-howto,/topic/6317416-basic-modding-tools-resources
7c07c5e07522819d,moddb.com,moddb,2026-10-02T22:57:20.572Z,m-moddb-ip-revival-howto;m-moddb-ip-revival-request,/members/[handle]
7c33ae9b31b760e1,reddit.com,reddit,2026-10-03T00:59:03.821Z,m-reddit-decomp-recommendation,/r/SSBM/comments/1qgqm1d/the_melee_decompilation_project_has_reached_50
7c3f858d99515d60,moddb.com,moddb,2026-10-02T22:56:57.288Z,m-moddb-pc-port-alternative,/forum/thread/g-police-conversion
7c64e4a9c55a11df,unicorn-dev.medium.com,other,2026-10-02T23:17:14.512Z,d-H9-1,/whats-c-like-in-gamedev-6c045940b91c
7c687b7a875ef069,mod.io,modio,2026-10-02T23:00:32.765Z,m-modio-learning-howto,/g/desperados/m/modding-tutorial-2-custom-regroup-to-end-mission
7c898d4c556da16d,steamcommunity.com,steam,2026-10-03T01:22:28.432Z,m-steam-learning-problem,/sharedfiles/filedetails
7c94db1b41dab100,gbatemp.net,gbatemp,2026-10-02T22:54:58.946Z,m-gbatemp-ip-revival-request,/threads/cheat-codes-ams-and-sx-os-add-and-request.520293/page-1145
7ca715c7e8052c41,moddb.com,moddb,2026-10-02T22:56:48.496Z,m-moddb-mod-creation-howto,/addons/fmm-fraggers-main-menus
7cd251485e5ac24f,gbatemp.net,gbatemp,2026-10-02T22:54:58.946Z,m-gbatemp-ip-revival-request,/review/yakuza-like-a-dragon.1606
7ce513eca1b6375b,reddit.com,reddit,2026-10-02T22:48:05.416Z,m-reddit-mod-creation-problem,/r/oblivionmods/comments/qinknn/help_plz_making_mods_work_downloaded_or_own_made
7cea06e6ad5a5f4e,disboard.org,discord,2026-10-03T01:11:52.834Z,m-discord-learning-request,/servers/tag/mod/2
7cfa0cc59abe463f,news.ycombinator.com,hackernews,2026-10-02T23:13:20.016Z,m-hackernews-legal-howto,/item
7d09b594750ca8a4,gamebanana.com,gamebanana,2026-10-02T22:58:24.537Z,m-gamebanana-ip-revival-alternative;m-gamebanana-ip-revival-recommendation,/mods/571758
7d241b8abe860e22,freddy-fazbears-pizza.fandom.com,fandom,2026-10-02T22:51:13.434Z,m-fandom-fan-game-request,/f/p/2462542962098273687/r/4400000000002893293
7d2527ced3409576,moddb.com,moddb,2026-10-02T22:57:16.289Z,m-moddb-fan-game-problem,/downloads/guedins-aot-fan-game-0120-win64
7d2ff42fad026677,moddb.com,moddb,2026-10-02T22:57:16.289Z,m-moddb-fan-game-problem,/games/guedinaot/images/trost-map-update
7d57353bcde61c8a,old.thunderstore.io,thunderstore,2026-10-02T23:05:49.611Z,m-thunderstore-pc-port-howto,/c/[handle]/p/RyanEngineering/GlassPanel/v/1.8.0
7d889a073094f652,news.ycombinator.com,hackernews,2026-10-02T23:21:59.045Z,m-hackernews-rust-rebuild-alternative;m-hackernews-rust-rebuild-problem,/item
7d98b459db42dcdd,instagram.com,other,2026-10-02T23:14:57.039Z,d-H2-1,/reel/DdUejuLIXi5
7da09d9e2ca6e316,facebook.com,other,2026-10-02T23:16:11.627Z,d-H5-3,/groups/7daystodie/posts/24602010309494435
7dbe7cc242bbeba6,steamcommunity.com,steam,2026-10-02T23:03:00.788Z,m-steam-learning-request,/app/233860/discussions/3/3826415752034235710
7decf45490edccbf,news.ycombinator.com,hackernews,2026-10-03T01:00:23.231Z,m-hackernews-mod-tools-problem,/item
7df27fab6f08bcd0,five-nights-at-freddys-fanon.fandom.com,fandom,2026-10-03T00:34:37.098Z,m-fandom-fan-game-problem,/wiki/User_blog:TheFazDude/Fan_Game_Reviews_6:_One_Night_at_Flumpty%27s_2
7e02b7112797ce66,reddit.com,reddit,2026-10-02T22:48:05.416Z,m-reddit-mod-creation-problem,/r/gamedev/comments/1sp1j7e/making_mods_in_genres_youre_unexperienced_in_to
7e22f815682d31d8,tiktok.com,tiktok,2026-10-03T00:59:33.868Z,m-tiktok-rust-rebuild-alternative,/discover/unfold-capcut-alternatives
7e2d141cb81a8c92,gamebanana.com,gamebanana,2026-10-03T01:05:17.592Z,m-gamebanana-mod-install-request,/tuts/13585
7e317789ab3a11c7,curseforge.com,curseforge,2026-10-03T00:10:52.167Z,m-curseforge-ip-revival-problem,/minecraft-bedrock/search
7e5611632aeb70f3,disboard.org,discord,2026-10-02T22:50:29.636Z,m-discord-ip-revival-howto;m-discord-ip-revival-recommendation,/servers/tag/rdr
7e646dba360578be,blog.curseforge.com,curseforge,2026-10-02T22:59:34.093Z,m-curseforge-mod-tools-howto;m-curseforge-mod-tools-recommendation,/author/moostyles
7e7cb754c94edcde,gbatemp.net,gbatemp,2026-10-02T22:54:50.331Z,m-gbatemp-mod-creation-request,/threads/can-we-unlock-the-missing-music-on-gta-trilogy.671292
7e88bb2d2765b4b3,nexusmods.com,nexusmods,2026-10-02T22:55:44.499Z,m-nexusmods-mod-install-howto;m-nexusmods-mod-install-recommendation,/schedule1/videos/16
7e9406a0b1d15e22,reddit.com,reddit,2026-10-02T23:16:28.024Z,d-H6-2,/r/EU5/comments/1f1d8q5/hold_on_people_should_stop_announcing_total
7ef4249190afd690,tiktok.com,tiktok,2026-10-03T00:13:09.566Z,m-tiktok-mod-creation-recommendation,/@[handle]/video/7681750460251852062
7efd169115fd2f61,resetera.com,resetera,2026-10-03T00:43:07.412Z,m-resetera-decomp-problem,/threads/n64-recompiled-turn-any-n64-game-into-a-native-pc-port-donkey-kong-64-port-out-now.868044/page-12
7f0017369a437a4f,github.com,github,2026-10-03T00:20:38.273Z,m-github-legal-recommendation,/[handle]/Cyberplace/blob/main/LegalThreats/Cease%20and%20Desist%20Order%20-%20Felix%20Juhl
7f0eecb029ef5310,github.com,github,2026-10-02T23:11:31.908Z,m-github-rust-rebuild-howto,/[handle]/roadmap/discussions/1108
7f1909c78bdb56fe,reddit.com,reddit,2026-10-02T23:24:07.292Z,d-H5-1,/r/BugFables/comments/nvevd8/now_that_modding_is_easy_i_can_begin_work_on_this
7f3166652f1ec9e6,steamcommunity.com,steam,2026-10-02T23:02:44.970Z,m-steam-fan-game-problem,/app/622650/discussions/0/1484358860936728029
7f349a1edd30c09c,x.com,x,2026-10-02T22:49:05.696Z,m-x-mod-creation-request,/[handle]/status/1390598307802669061
7f71ad48178e70a5,steamcommunity.com,steam,2026-10-02T23:02:33.676Z,m-steam-decomp-request,/id/[handle]/recommended/567380
7f735844962a0c41,resetera.com,resetera,2026-10-02T22:52:30.692Z,m-resetera-learning-problem;m-resetera-learning-request,/threads/mega-man-11-ot-the-gears-of-fate-turn-for-us-all.71986/page-29
7fab97fd890e6606,moddb.com,moddb,2026-10-03T01:04:32.871Z,m-moddb-mod-tools-recommendation,/downloads/starcraft-modding-tools
7fdb5849870d61b7,x.com,x,2026-10-02T23:15:02.949Z,d-H2-2,/[handle]
8023e0a178e06644,reddit.com,reddit,2026-10-02T22:48:37.459Z,m-reddit-mod-tools-howto,/r/skyrimmods/comments/rq7a9r/essential_modding_tools_that_every_newbie_mod
80317d00ea17a6b7,gamebanana.com,gamebanana,2026-10-03T00:56:53.756Z,m-gamebanana-pc-port-problem,/mods/608197
80415dd181798f07,gamebanana.com,gamebanana,2026-10-02T22:58:19.411Z,m-gamebanana-fan-game-howto,/questions/74513
805a66dc9e1760f4,forums.nexusmods.com,nexusmods,2026-10-02T22:55:44.499Z,m-nexusmods-mod-install-recommendation,/topic/8629278-best-way-to-install-mods
80b2a6670740482f,moddb.com,moddb,2026-10-02T22:57:25.036Z,m-moddb-mod-tools-alternative,/games/ace-combat-5/features/ace-combat-5-modding-tools-and-tutorials-index
80b508ac6bcf288e,[handle].itch.io,itchio,2026-10-03T00:33:54.714Z,m-itchio-ip-revival-recommendation,/one-potion-please/comments
80c511fdb7fdbbc0,gamebanana.com,gamebanana,2026-10-02T22:58:46.173Z,m-gamebanana-legal-howto,/mods/576068
80c79c9e72aab6e5,en.wikipedia.org,other,2026-10-02T23:14:43.306Z,d-H1-2,/wiki/Modding
80c9e714615e1f05,moddb.com,moddb,2026-10-02T22:56:48.496Z,m-moddb-mod-creation-howto,/tags/making-mods
80d675b51d722f23,reddit.com,reddit,2026-10-03T01:46:22.786Z,x-add-2,/r/skyrimmods/comments/1oetodb/i_havent_played_modded_skyrim_in_almost_4_years
80d9834bfced6532,disboard.org,discord,2026-10-02T22:50:37.984Z,m-discord-learning-howto,/server/1218265944514760864
815ddce2dcc2b930,gamebanana.com,gamebanana,2026-10-03T00:24:05.867Z,m-gamebanana-ip-revival-recommendation,/news/19698
81a4d7fc9460fdb6,mod.io,modio,2026-10-02T23:00:28.614Z,m-modio-mod-tools-problem,/g/baldursgate3/m/music-perform-fixer
81dea701815fe3d1,curseforge.com,curseforge,2026-10-03T01:29:03.927Z,m-curseforge-fan-game-recommendation,/minecraft/worlds/five-nights-at-freddy-custom-game/files/all
82031989c0e91bb9,reddit.com,reddit,2026-10-03T00:23:16.376Z,m-reddit-ip-revival-alternative,/r/EvilDead/comments/1vhjobj/evil_dead_franchise_sucks_imho
820fc6821231b4b7,tiktok.com,tiktok,2026-10-02T23:09:01.016Z,m-tiktok-community-problem,/@[handle]/video/7444668772159556910
8216aaad56f40614,twitch.tv,twitch,2026-10-02T23:09:21.325Z,m-twitch-mod-install-recommendation,/[handle]/clip/KindSavagePoxKippa-FS6BdK6ZTn_s9dCW
82309567b3d63db4,resetera.com,resetera,2026-10-02T22:52:23.539Z,m-resetera-ip-revival-howto,/threads/do-you-think-donkey-kong-country-is-a-dead-franchise.1635286/page-3
823d2c51c202d57f,disboard.org,discord,2026-10-03T01:06:13.587Z,m-discord-ip-revival-howto,/servers/tag/rdr2
8249e09ab89384ff,github.com,github,2026-10-02T23:11:31.908Z,m-github-rust-rebuild-howto,/[handle]/bun/issues/30897
825948ed2a5f4e4c,youtube.com,youtube,2026-10-03T00:46:19.670Z,m-youtube-learning-problem,/watch
827e9e7ad2f95cb6,youtube.com,youtube,2026-10-03T00:46:19.670Z,m-youtube-learning-problem,/watch
8298170a8591f337,wiki.gbatemp.net,gbatemp,2026-10-02T22:53:30.946Z,m-gbatemp-learning-problem,/wiki/List_of_3DS_homebrew
8298fce32529f798,disboard.org,discord,2026-10-03T01:19:55.457Z,m-discord-fan-game-problem,/servers/tag/fan-game
82a0cb96638798e1,github.com,github,2026-10-02T23:11:31.908Z,m-github-rust-rebuild-howto,/[handle]/the-algorithm/issues/63
82ae34a2287ee228,youtube.com,youtube,2026-10-03T00:28:46.928Z,m-youtube-mod-creation-request,/watch
82e5416e0633f02f,gamebanana.com,gamebanana,2026-10-03T00:41:52.172Z,m-gamebanana-mod-creation-recommendation,/collections/95195
82e5fa69f3130acc,curseforge.com,curseforge,2026-10-03T00:27:11.366Z,m-curseforge-mod-creation-problem,/minecraft/mc-mods/the-stiched-man-alpha/relations
8313d91854f7b7fa,gbatemp.net,gbatemp,2026-10-02T22:53:25.601Z,m-gbatemp-mod-tools-howto;m-gbatemp-mod-tools-recommendation,/threads/discussion-smash-wiiu-modding-and-help-center.419366/page-65
83277fc84ac841e3,quora.com,other,2026-10-02T23:16:34.239Z,d-H6-3,/Does-completing-a-video-game-while-using-codes-or-mods-count-as-beating-the-game
83303e6a098a34e9,conanexiles.fandom.com,fandom,2026-10-03T00:42:47.444Z,m-fandom-learning-request,/wiki/Rcon_Modding_Tutorial
833fb54206de331e,x.com,x,2026-10-03T01:26:25.063Z,m-x-mod-install-recommendation,/[handle]/status/2090781033746628723
835e760b90b3975f,twitch.tv,twitch,2026-10-02T23:10:24.533Z,m-twitch-legal-recommendation,/[handle]
8377a234e7e4510a,forums.nexusmods.com,nexusmods,2026-10-02T22:55:48.257Z,m-nexusmods-mod-creation-alternative;m-nexusmods-mod-creation-problem,/topic/13466065-should-mod-authors-have-the-option-to-make-mods-for-money
838e1a1b9b38e9cf,steamcommunity.com,steam,2026-10-03T00:12:53.192Z,m-steam-decomp-problem,/groups/CrowbarTool/discussions/search
8399fa4278073ca9,github.com,github,2026-10-03T01:22:18.279Z,m-github-mod-tools-howto,/topics/7d2d-translator
83ad06699e53b9c0,itch.io,itchio,2026-10-03T00:12:04.113Z,m-itchio-learning-howto,/t/4017012/interested-in-modding-but-dont-know-where-to-start
83b574cb549327a8,facebook.com,other,2026-10-02T23:19:19.872Z,d-H12-2,/OfficialMagicOnline/posts/think-you-know-magic-put-your-knowledge-to-the-test-in-our-discord-magic-trivia-/1002459336089811
83c59192ad79a228,resetera.com,resetera,2026-10-02T22:52:38.427Z,m-resetera-community-howto;m-resetera-community-recommendation,/threads/re2-3r-vr-mod-in-the-works-also-support-for-re7-re8-dmc5-and-mh-r.512259
83d638b1ad334965,curseforge.com,curseforge,2026-10-03T01:29:03.927Z,m-curseforge-fan-game-recommendation,/minecraft/worlds/laser-game-world/relations
83e36d176a85b2d0,forums.nexusmods.com,nexusmods,2026-10-03T01:10:51.617Z,m-nexusmods-mod-install-howto,/topic/8511158-how-do-we-install-mods-into-the-game
83eae1059690a21b,news.ycombinator.com,hackernews,2026-10-03T00:15:39.781Z,m-hackernews-fan-game-request;m-hackernews-pc-port-problem,/item
83ed70392ddda0ec,[handle].itch.io,itchio,2026-10-03T01:16:55.706Z,m-itchio-mod-install-request,/votv/community
83f334ad3234a9a8,youtube.com,youtube,2026-10-02T23:20:28.246Z,m-youtube-community-howto;m-youtube-community-recommendation,/watch
83fd90f319b26668,moddb.com,moddb,2026-10-02T22:56:57.288Z,m-moddb-pc-port-alternative,/tags/ivmp
840f705470d2bb98,ultimatepopculture.fandom.com,fandom,2026-10-03T01:16:04.593Z,m-fandom-mod-tools-alternative,/wiki/Video_game_modding
8431a21ebb67d631,steamcommunity.com,steam,2026-10-02T23:03:05.268Z,m-steam-community-recommendation,/app/22380/discussions/0/3809534059885565528
84455eb7695cad01,results.org,other,2026-10-02T23:14:39.233Z,d-H1-1,/
845e42849476ecd3,github.com,github,2026-10-03T00:17:11.452Z,m-github-mod-install-recommendation,/[handle]/how-to-install-mods-in-the-witcher-3-for-pc
8464974e0ef166db,news.ycombinator.com,hackernews,2026-10-02T23:13:06.157Z,m-hackernews-learning-recommendation,/item
846a42792536abde,tiktok.com,tiktok,2026-10-02T23:08:38.435Z,m-tiktok-rust-rebuild-problem,/discover/how-to-fix-the-alt-glitch-in-rust
847c510e5bdd9699,news.ycombinator.com,hackernews,2026-10-03T00:15:39.781Z,m-hackernews-fan-game-request;m-hackernews-pc-port-problem,/item
847c722d9dc63472,nexusmods.com,nexusmods,2026-10-02T22:56:20.016Z,m-nexusmods-learning-alternative,/baldursgate3/mods/2084
848c02ac3ba6d404,steamcommunity.com,steam,2026-10-02T23:02:27.328Z,m-steam-pc-port-alternative,/sharedfiles/filedetails
8498c4417d644fa4,reddit.com,reddit,2026-10-02T22:48:37.459Z,m-reddit-mod-tools-howto,/r/CompanyOfHeroes/wiki/moddingtools
84a21b1c25e92312,tiktok.com,tiktok,2026-10-02T23:09:01.016Z,m-tiktok-community-problem,/discover/vaseline-vs-baserin
84a82b0fa6a912db,forums.nexusmods.com,nexusmods,2026-10-03T01:20:40.700Z,m-nexusmods-pc-port-request,/topic/6140443-nioh-got-a-pc-port
84aa04e69242770b,gamebanana.com,gamebanana,2026-10-03T00:51:53.594Z,m-gamebanana-mod-tools-problem,/tools/17467
84b101e74b4d4c1f,resetera.com,resetera,2026-10-02T22:51:40.209Z,m-resetera-mod-install-problem,/threads/skyrim-se-why-has-it-taken-me-so-long-to-get-into-this-game.365414/page-2
84c84759ab9ac13e,disboard.org,discord,2026-10-03T01:20:57.824Z,m-discord-mod-tools-alternative,/es/servers/tag/client
84ea0711ec7f9558,curseforge.com,curseforge,2026-10-03T01:29:03.927Z,m-curseforge-fan-game-recommendation,/minecraft/data-packs/cobblemario-dp
84ecdacd7b3bfc9e,x.com,x,2026-10-02T22:49:59.548Z,m-x-legal-alternative,/[handle]/status/2083136025434718468
84f5b0a323555231,x.com,x,2026-10-02T22:49:47.240Z,m-x-mod-tools-recommendation,/[handle]/status/2087562059609174444
850d373522f706f3,itch.io,itchio,2026-10-02T23:06:21.396Z,m-itchio-pc-port-request,/t/6845274/can-you-make-a-pc-port
8518b6191de73bae,twitch.tv,twitch,2026-10-02T23:10:08.324Z,m-twitch-mod-tools-howto,/videos/399193141
85699c17414a4183,news.ycombinator.com,hackernews,2026-10-03T00:15:39.781Z,m-hackernews-fan-game-request;m-hackernews-pc-port-problem,/item
85747532d6ee7294,steamcommunity.com,steam,2026-10-02T23:02:27.328Z,m-steam-pc-port-alternative,/discussions/forum/0/1700542332325253558
8578a20f096fc335,disboard.org,discord,2026-10-02T22:50:13.211Z,m-discord-pc-port-problem,/servers/tag/sonic.exe-rp
857c17f7b225df79,[handle].itch.io,itchio,2026-10-03T00:44:40.310Z,m-itchio-pc-port-problem,/meet-the-girls
8580bbe436c18782,resetera.com,resetera,2026-10-02T22:52:23.539Z,m-resetera-ip-revival-howto,/threads/what-dead-franchise-remaster-are-you-dying-for.65473/page-2
85b5bb9d0abbc413,forums.nexusmods.com,nexusmods,2026-10-03T00:54:24.894Z,m-nexusmods-mod-creation-alternative,/topic/6641846-le-set-up-for-making-mods
85c382e10ef9e044,steamcommunity.com,steam,2026-10-02T23:06:18.072Z,m-steam-legal-problem,/app/1898920/discussions/0/3364776031342816676
85ddf98fc0b3cc25,steamcommunity.com,steam,2026-10-02T23:02:39.453Z,m-steam-rust-rebuild-howto;m-steam-rust-rebuild-recommendation,/app/975370/discussions/0/5568165891225331339
85decf4852c9e1bf,x.com,x,2026-10-03T01:03:25.356Z,m-x-ip-revival-problem,/[handle]/status/2098369311781822693
85f76aec50586c54,innovationgraph.github.com,github,2026-10-02T23:11:14.721Z,m-github-community-howto;m-github-learning-problem;m-github-mod-tools-recommendation;m-github-pc-port-recommendation;m-github-rust-rebuild-request,/
864f70b9a0b41604,safety.twitch.tv,twitch,2026-10-02T23:09:48.923Z,m-twitch-rust-rebuild-request,/[handle]/article/Prohibited-Games
8655531be34d60ef,facebook.com,other,2026-10-02T23:14:57.039Z,d-H2-1,/groups/289641074742086/posts/2660692694303567
865f28b94bfd247f,gbatemp.net,gbatemp,2026-10-03T01:21:07.554Z,m-gbatemp-ip-revival-problem,/review/world-war-z-aftermath-edition.1954
868de8a84a3c76d4,curseforge.com,curseforge,2026-10-02T22:59:00.557Z,m-curseforge-pc-port-howto;m-curseforge-pc-port-recommendation,/minecraft/modpacks/minecraft-ps1-pc-port/files/5702490
869fb7a96578d467,reddit.com,reddit,2026-10-03T00:28:38.376Z,m-reddit-mod-install-howto,/r/skyrimmods/wiki/begin2
86a989a0805b3116,reddit.com,reddit,2026-10-02T22:54:07.300Z,m-reddit-learning-alternative,/r/unturned/comments/145pzep/can_someone_make_a_complete_updated_modeling_and
86b9ae1825cfa835,x.com,x,2026-10-02T22:49:38.290Z,m-x-fan-game-alternative,/[handle]/status/1597624559267553281
86bdac000d49223d,reddit.com,reddit,2026-10-02T23:17:47.399Z,d-H9-3,/r/NoStupidQuestions/comments/g4mb2v/what_programming_language_should_i_use_to_develop
86cd0d2fbdbbfc71,dfu-modding.fandom.com,fandom,2026-10-03T00:38:13.718Z,m-fandom-mod-creation-howto,/wiki/Making_Mods
86cfbda694da7f38,forum.paradoxplaza.com,other,2026-10-02T23:15:42.096Z,d-H4-1,/forum/threads/after-subscribing-my-mod-is-not-enabled-in-the-game-even-though-it-is-enabled-in-the-launcher.1490554
86d652d20a2ececb,gamebanana.com,gamebanana,2026-10-03T00:20:26.829Z,m-gamebanana-rust-rebuild-alternative,/tools/6601
86e02e3116102dbb,reddit.com,reddit,2026-10-03T01:46:22.786Z,x-add-2,/r/modnews/comments/1qdv04d/register_for_the_first_mod_events_of
87203537198080a6,youtube.com,youtube,2026-10-03T00:14:05.505Z,m-youtube-mod-install-alternative,/watch
873975aace6e9c66,steamcommunity.com,steam,2026-10-03T00:44:23.099Z,m-steam-rust-rebuild-howto,/app/975370/discussions/0/5568165891225331339
8752b5cb5ea6acce,hugonoms2018.fandom.com,fandom,2026-10-02T22:54:31.097Z,m-fandom-rust-rebuild-alternative,/wiki/War_of_the_Worlds:_Retaliation
875631d4857988ef,nexusmods.com,nexusmods,2026-10-03T00:16:18.856Z,m-nexusmods-fan-game-howto,/swammysattackontitanfangame/mods/1
875ccfc60034ddcc,forums.nexusmods.com,nexusmods,2026-10-02T22:55:48.257Z,m-nexusmods-mod-creation-problem,/topic/1013410-geck-loading-up-any-and-all-data-in-data-folder
876252da0d51098d,steamcommunity.com,steam,2026-10-02T23:03:00.788Z,m-steam-learning-request,/app/365360/discussions/3/3163209975798478644
8768b38fa04008c1,nexusmods.com,nexusmods,2026-10-02T22:56:26.562Z,m-nexusmods-community-request,/hitman3/images/170
8774bfe597394136,reddit.com,reddit,2026-10-02T22:48:12.783Z,m-reddit-pc-port-howto,/r/explainlikeimfive/comments/32oa5w/eli5_whats_the_difference_between_a_port_of_the
8780a8628e3cc7da,itch.io,itchio,2026-10-02T23:03:54.795Z,m-itchio-ip-revival-alternative,/games-like/2798196/the-red-hood
8785f9935580a103,youtube.com,youtube,2026-10-03T00:46:19.670Z,m-youtube-learning-problem,/watch
8788532f434bbcdf,gamebanana.com,gamebanana,2026-10-02T22:58:19.411Z,m-gamebanana-fan-game-howto,/questions/4042
879c9e5c07402887,youtube.com,youtube,2026-10-03T01:27:58.412Z,m-youtube-fan-game-alternative,/watch
87a5d2379f1ab7f1,curseforge.com,curseforge,2026-10-02T22:59:00.557Z,m-curseforge-pc-port-howto;m-curseforge-pc-port-recommendation,/minecraft/modpacks/minecraft-ps1-pc-port/files/5681840
87d6547a8a79eae7,korben.info,other,2026-10-03T01:47:16.739Z,x-add-3,/en/10-recomp-projects-that-pull-your-old-games-out-of-their-console.html
87e7e537970bdfc0,forums.nexusmods.com,nexusmods,2026-10-03T01:20:40.700Z,m-nexusmods-pc-port-request,/topic/13530823-mod-request-legacy-of-kain-soul-reaver-12-remastered-camera-fov-mod
887d70260f905a80,github.com,github,2026-10-03T00:15:59.702Z,m-github-learning-alternative,/[handle]/Positive-Grid-Spark-40-modding
888e78842d575952,gamedev.stackexchange.com,other,2026-10-02T23:16:34.239Z,d-H6-3,/questions/212880/i-want-people-to-mod-my-game
88931e62fa8fd98a,github.com,github,2026-10-02T23:11:14.721Z,m-github-community-howto;m-github-learning-problem;m-github-mod-tools-recommendation;m-github-pc-port-recommendation,/[handle]
88adb4383d96dd94,curseforge.com,curseforge,2026-10-03T00:20:16.124Z,m-curseforge-community-request,/minecraft/mc-mods/crash-assistant/files/7134923
88b5f04b6f7e596e,youtube.com,youtube,2026-10-02T23:07:08.611Z,m-youtube-mod-creation-howto,/watch
88b62863c516191b,itch.io,itchio,2026-10-03T00:12:04.113Z,m-itchio-learning-howto,/post/11767209
8940e4f2d2de9b35,github.com,github,2026-10-02T23:21:21.988Z,m-github-mod-install-alternative,/[handle]/how-to-install-mods-in-risk-of-rain-2
894b1acaf359d429,[handle].itch.io,itchio,2026-10-02T23:03:26.033Z,m-itchio-mod-install-howto,/toziuha-night-order-of-the-alchemists/devlog/881835/toziuha-night-how-install-mods
8959127bdcfb8875,disboard.org,discord,2026-10-02T22:50:37.984Z,m-discord-learning-howto,/server/1463151443908362324
899e560fbeb908d5,gbatemp.net,gbatemp,2026-10-02T22:52:49.231Z,m-gbatemp-mod-install-alternative,/threads/hakchi2-nes-mini-very-simple-pimp-tool.456256/page-401
89ad90a10209edf9,youtube.com,youtube,2026-10-03T00:46:19.670Z,m-youtube-learning-problem,/watch
89b32e0645813aca,moddb.com,moddb,2026-10-02T22:57:25.036Z,m-moddb-mod-tools-alternative,/tags/slipstream
89bbf6f4d2ff489f,forums.nexusmods.com,nexusmods,2026-10-02T23:24:04.008Z,d-H4-3;x-add-4,/forum/8896-mod-ideas
89bc48d7bdfaaa2b,curseforge.com,curseforge,2026-10-03T00:45:37.490Z,m-curseforge-legal-recommendation,/minecraft/modpacks/valkyrie-survival
89c58583247a653b,gamebanana.com,gamebanana,2026-10-02T22:58:19.411Z,m-gamebanana-fan-game-howto,/questions/102603
8a3b69d6576bf3cb,gbatemp.net,gbatemp,2026-10-03T00:12:24.102Z,m-gbatemp-mod-install-recommendation,/threads/how-to-install-mods.642475
8a3d04b2264f4fd7,reddit.com,reddit,2026-10-03T00:50:40.512Z,m-reddit-learning-recommendation,/r/gamedev/comments/1syy25h/how_to_learn_game_modding_a_beginnerfriendly
8a4c6f86d6f9cd1d,gamebanana.com,gamebanana,2026-10-02T22:57:57.244Z,m-gamebanana-pc-port-request,/requests/97302
8a67f822d14ae4c1,mod.io,modio,2026-10-03T01:27:40.983Z,m-modio-legal-problem,/g/virtualskate
8a759ccbbc3886f5,steamcommunity.com,steam,2026-10-02T23:16:34.239Z,d-H6-3,/app/108600/discussions/0/3057366506608201865
8a7bfc66d2135fb8,staxel.fandom.com,fandom,2026-10-02T22:54:39.697Z,m-fandom-mod-tools-problem,/wiki/Modding
8a953a1b3d42ef81,gist.github.com,github,2026-10-02T23:21:31.599Z,m-github-mod-creation-request,/[handle]/6d2bc3ca824fe2198b8979b070c4c943
8ac2db4c86a6f148,reddit.com,reddit,2026-10-02T22:48:46.744Z,m-reddit-community-request,/r/skyrimmods/wiki/revisions/guides_and_resources
8ae50e7b228ff843,news.ycombinator.com,hackernews,2026-10-02T23:12:42.358Z,m-hackernews-ip-revival-alternative;m-hackernews-ip-revival-recommendation,/item
8b051d5fd6a1288b,steamcommunity.com,steam,2026-10-02T23:02:44.970Z,m-steam-fan-game-problem,/app/239820/discussions/0/1738841319812944364
8b3da4927c763991,ego.fandom.com,fandom,2026-10-02T22:54:39.697Z,m-fandom-mod-tools-problem,/wiki/Automation_Tools
8b43ac69be82bbc0,reddit.com,reddit,2026-10-03T00:23:16.376Z,m-reddit-ip-revival-alternative,/r/playstation/comments/1voexzw/which_dead_playstation_franchise_no_new_games
8b4d1af85ba53858,gamebanana.com,gamebanana,2026-10-02T22:58:46.173Z,m-gamebanana-legal-howto,/mods/255360
8b7375e4926508f0,reddit.com,reddit,2026-10-02T22:48:27.160Z,m-reddit-fan-game-recommendation,/r/retrogaming/comments/1duacaq/whats_your_favorite_fan_made_retro_game_creation
8b7754af571d3dc7,link.twitch.tv,twitch,2026-10-02T23:10:24.533Z,m-twitch-legal-recommendation,/[handle]
8b8f6cddae6b7f71,resetera.com,resetera,2026-10-02T23:16:52.188Z,d-H8-1,/threads/ceo-of-emulation-studio-reveals-harsh-truth-about-selling-retro-games.1357438
8baaab38c69b7943,users.rust-lang.org,rustforum,2026-10-02T23:14:24.540Z,m-rustforum-community-alternative;m-rustforum-community-recommendation,/t/the-beta-rust-lang-org-pr-debacle/22778
8bb4d53089b67a7d,steamcommunity.com,steam,2026-10-02T23:06:08.873Z,m-steam-mod-tools-alternative,/app/289200/discussions/0/596285654384530780
8bcbd26899cb9386,[handle].itch.io,itchio,2026-10-02T23:03:26.033Z,m-itchio-mod-install-howto,/burial
8bcedd50991f8ed4,itch.io,itchio,2026-10-02T23:03:54.795Z,m-itchio-ip-revival-alternative,/games/free/genre-simulation/tag-no--ai
8bf73577b63e5b63,reddit.com,reddit,2026-10-03T00:59:03.821Z,m-reddit-decomp-recommendation,/r/emulation/comments/1j2vtrk/list_of_decompsrecomps_software
8bf917fd8aa32cb6,news.ycombinator.com,hackernews,2026-10-03T00:12:40.640Z,m-hackernews-ip-revival-recommendation,/item
8bfbbadba888e111,news.ycombinator.com,hackernews,2026-10-02T23:19:12.358Z,d-H12-1,/item
8c0d4d03966b4610,moddb.com,moddb,2026-10-03T00:31:28.842Z,m-moddb-mod-install-alternative,/mods/tia-hero-pvp-mod
8c16f66142ff2469,users.rust-lang.org,rustforum,2026-10-03T01:02:34.297Z,m-rustforum-mod-creation-howto,/t/concatenate-const-strings/51712
8c26898e4e8d767b,tiktok.com,tiktok,2026-10-03T00:33:49.061Z,m-tiktok-fan-game-request,/@[handle]/video/7642322310740888850
8c3e5a61a2ac56bf,news.ycombinator.com,hackernews,2026-10-02T23:19:12.358Z,d-H12-1,/item
8c59c4b976dfad59,gbatemp.net,gbatemp,2026-10-03T00:29:35.621Z,m-gbatemp-community-request,/threads/help-modding-nier-automata-pc-mod-on-switch.620316
8c6c65672eee0492,farcry.fandom.com,fandom,2026-10-02T22:51:30.918Z,m-fandom-community-alternative,/wiki/Far_Cry_5_Resistance_Mod
8c912d431a8849ca,instagram.com,other,2026-10-02T23:16:57.568Z,d-H8-2,/reel/DYzdP7Upbj-
8cfd047199f51d62,the-fnaf-fan-game.fandom.com,fandom,2026-10-03T00:34:37.098Z,m-fandom-fan-game-problem,/wiki/Parallel
8d08dfbd2e6c4607,curseforge.com,curseforge,2026-10-03T00:56:57.622Z,m-curseforge-rust-rebuild-request,/wow/addons/nauticusclassic-road-block
8d0b6e064c47248c,moddb.com,moddb,2026-10-03T01:04:32.871Z,m-moddb-mod-tools-recommendation,/mods/dow2-modding-tools-game-fixes
8d4ac46f255909ab,steamcommunity.com,steam,2026-10-02T23:18:56.014Z,d-H11-1,/app/377160/discussions/0/802331141613983657
8d8043ed4def81ed,resetera.com,resetera,2026-10-02T22:52:38.427Z,m-resetera-community-howto;m-resetera-community-recommendation,/threads/have-you-ever-been-a-mod-on-a-forum-discord-curious-what-you%E2%80%99re-experiences-were-like.1203336
8d87eab7eeeccaaf,resetera.com,resetera,2026-10-02T22:52:23.539Z,m-resetera-ip-revival-howto,/threads/dead-franchises-games-you-feel-missed-the-time-where-they-could-have-come-back.944172
8d96588185caa67b,thunderstore.io,thunderstore,2026-10-02T23:05:49.611Z,m-thunderstore-pc-port-howto,/c/[handle]
8d9b23c6d6e838ca,mod.io,modio,2026-10-02T22:59:53.621Z,m-modio-mod-install-request,/g/insurgencysandstorm/r/how-to-set-up-a-steam-dedicated-server-with-mods
8da74d3f5fa7ef26,moddb.com,moddb,2026-10-02T22:57:36.849Z,m-moddb-community-recommendation,/mods/der-terror-des-reiches/downloads/add
8dc7003a9b898d58,gamebanana.com,gamebanana,2026-10-02T22:58:46.173Z,m-gamebanana-legal-howto;m-gamebanana-legal-request,/mods/589148
8df0daa36bbf84bd,blog.curseforge.com,curseforge,2026-10-02T22:58:49.898Z,m-curseforge-mod-install-alternative;m-curseforge-mod-install-recommendation,/top-25-most-popular-minecraft-mods-on-curseforge
8e0885d47e9ff9cc,reddit.com,reddit,2026-10-03T00:50:40.512Z,m-reddit-learning-recommendation,/r/oblivionmods/comments/1v8fdxd/an_actual_good_modding_tutorial
8e11a9a6d221788b,gbatemp.net,gbatemp,2026-10-02T22:53:07.100Z,m-gbatemp-rust-rebuild-howto,/threads/is-possible-to-create-a-game-for-nintendo-ds.624984
8e18770acbcd868f,moddb.com,moddb,2026-10-03T01:04:32.871Z,m-moddb-mod-tools-recommendation,/tags/modding-tools
8e2bfa8199b57f9a,forums.nexusmods.com,nexusmods,2026-10-02T23:15:27.136Z,d-H3-2,/topic/13543206-mod-collection-not-1-click
8e37333720ce5281,forums.nexusmods.com,nexusmods,2026-10-02T23:18:50.369Z,d-H10-3,/topic/682434-game-is-too-easy
8e409c0e1b08428e,moddb.com,moddb,2026-10-02T22:56:57.288Z,m-moddb-pc-port-alternative,/games/half-life/addons/extended-hl1-high-definition-pack-full
8e4cd8982591740c,disboard.org,discord,2026-10-02T22:50:25.822Z,m-discord-fan-game-request,/servers/tag/voice-acting
8e5bfff55ede031e,news.ycombinator.com,hackernews,2026-10-02T23:14:57.039Z,d-H2-1,/item
8e6721f86d56ba77,mod.io,modio,2026-10-02T23:00:32.765Z,m-modio-learning-howto,/g/foundation/r
8e6777e4767b63f2,[handle].itch.io,itchio,2026-10-03T00:33:54.714Z,m-itchio-ip-revival-recommendation,/one-potion-please/comments
8e83251a5ea489f4,gamebanana.com,gamebanana,2026-10-03T00:37:18.946Z,m-gamebanana-community-alternative,/threads/208188
8e8683d75ea6e710,steamcommunity.com,steam,2026-10-02T23:02:39.453Z,m-steam-rust-rebuild-recommendation,/app/1030300/discussions/0/595159120097901578
8e89588e9da7763d,reddit.com,reddit,2026-10-03T00:50:59.630Z,m-reddit-legal-howto,/r/AskALawyer/comments/1itn1hk/received_a_cease_desist_letter_what_are_my_options
8eb378caeb6962e9,moddb.com,moddb,2026-10-02T22:57:16.289Z,m-moddb-fan-game-problem,/games/line-rider-vr-fan-game/news/version-10-released12
8ef725163ae2afb3,gbatemp.net,gbatemp,2026-10-02T22:53:13.853Z,m-gbatemp-fan-game-alternative,/forums/nintendo-switch.283
8f002a2fa51cbcb9,forums.nexusmods.com,nexusmods,2026-10-03T00:28:59.305Z,m-nexusmods-legal-howto,/topic/889301-skyrim-wow-mod-we-need-help/page/2
8f49b67611a1df2d,curseforge.com,curseforge,2026-10-02T23:15:46.107Z,d-H4-2,/minecraft/mc-mods/alphanumeric17s-drawer-of-ideas
8f4c6422525fcef9,gamebanana.com,gamebanana,2026-10-03T01:05:17.592Z,m-gamebanana-mod-install-request,/tuts/19558
8f7010b5f16cb3ba,github.com,github,2026-10-02T23:11:50.679Z,m-github-mod-tools-recommendation,/[handle]
8f7128e059c3d16d,forums.nexusmods.com,nexusmods,2026-10-02T22:56:26.562Z,m-nexusmods-community-request,/topic/13519108-mod-request-for-xbox-stalker-2
8f7ed03afc8e3eef,star-valor.fandom.com,fandom,2026-10-03T01:16:04.593Z,m-fandom-mod-tools-alternative,/wiki/Importing_Custom_Assets
8f83cd326bbdebd8,gamebanana.com,gamebanana,2026-10-02T22:57:57.244Z,m-gamebanana-pc-port-request,/requests/93762
8fce992e9f736b74,github.com,github,2026-10-02T23:11:40.531Z,m-github-fan-game-alternative,/[handle]/esp32-scummvm/blob/esp32p4-ev/NEWS.md
8fea2b6c48ade6c9,youtube.com,youtube,2026-10-02T23:07:19.623Z,m-youtube-decomp-request,/watch
8feba884904b1c4e,news.ycombinator.com,hackernews,2026-10-03T00:11:15.293Z,m-hackernews-mod-creation-recommendation,/item
900bef85541c6486,gamedeveloper.com,other,2026-10-02T23:16:34.239Z,d-H6-3,/game-platforms/-ask-the-experts-modding-and-jobbing-
903406562e4162af,gamebanana.com,gamebanana,2026-10-03T00:56:53.756Z,m-gamebanana-pc-port-problem,/questions/109375
9039edaf8f62b56a,users.rust-lang.org,rustforum,2026-10-02T23:14:16.409Z,m-rustforum-learning-howto,/t/difficulty-using-mod-with-paths/36918
9042c181625bc28a,x.com,x,2026-10-02T22:49:59.548Z,m-x-legal-alternative,/[handle]/status/1764805437252325466
906baf824e210892,x.com,x,2026-10-02T22:49:38.290Z,m-x-fan-game-alternative,/[handle]/status/1795427072921509953
906f049488c8a742,youtube.com,youtube,2026-10-02T23:07:42.537Z,m-youtube-mod-tools-alternative,/watch
907ca8c34fbe54b7,reddit.com,reddit,2026-10-02T22:48:16.567Z,m-reddit-decomp-alternative,/r/ReverseEngineering/comments/16j7gtt/reverse_engineering_nativelycompiled_net_apps
908eaad648c6330a,wiki.gbatemp.net,gbatemp,2026-10-02T22:53:30.946Z,m-gbatemp-learning-problem,/wiki/Not64_Compatibility_List
909de46aa5a150a0,itch.io,itchio,2026-10-02T23:04:04.644Z,m-itchio-learning-howto;m-itchio-learning-recommendation,/jam/caves-of-qud-modding-jam-3
90b5064d67d4f271,steamcommunity.com,steam,2026-10-03T00:12:53.192Z,m-steam-decomp-problem,/sharedfiles/filedetails/comments/1974653004
9107326ba88257fb,reddit.com,reddit,2026-10-02T23:24:00.148Z,d-H2-3,/r/learnprogramming/comments/1i39equ/do_you_know_someone_who_got_a_coding_job_without
91255007e74e0e24,gamebanana.com,gamebanana,2026-10-03T00:56:53.756Z,m-gamebanana-pc-port-problem,/mods/609504
9156598d46f00632,mod.io,modio,2026-10-02T23:00:10.712Z,m-modio-decomp-howto,/g/eco/m/elixr-mods-em-storage
91a3b9a99fc2f568,steamcommunity.com,steam,2026-10-02T23:03:05.268Z,m-steam-community-recommendation,/app/1605220/discussions/0/592906450273193081
91b70c0b1dc63516,five.fibreculturejournal.org,other,2026-10-02T23:14:43.306Z,d-H1-2,/fcj-025-precarious-playbour-modders-and-the-digital-games-industry
91bea35d997bcc5c,news.ycombinator.com,hackernews,2026-10-02T23:12:17.492Z,m-hackernews-mod-creation-alternative,/item
91c9a5ab2b64b4cb,tiktok.com,tiktok,2026-10-03T01:20:33.146Z,m-tiktok-ip-revival-recommendation,/@[handle]/video/7660037153514130702
91d7fdc5c51c472a,disboard.org,discord,2026-10-03T01:19:55.457Z,m-discord-fan-game-problem,/servers/tag/fan-game
922ff85aca88f629,youtube.com,youtube,2026-10-02T23:19:01.217Z,d-H11-2,/watch
924d719be5d64042,piratesahoy.net,other,2026-10-02T23:18:50.369Z,d-H10-3,/threads/mod-too-easy.32079
92e1f8af940b2d43,x.com,x,2026-10-02T22:49:38.290Z,m-x-fan-game-alternative,/[handle]/status/1909218824395915427
92efed4cfd5201d9,mod.io,modio,2026-10-02T22:59:53.621Z,m-modio-mod-install-problem;m-modio-mod-install-request,/g/drg/r/mint-install-guide
92f316be12abfd14,github.com,github,2026-10-03T00:43:27.182Z,m-github-rust-rebuild-request,/[handle]
931da305f265e210,moddb.com,moddb,2026-10-02T23:04:54.068Z,m-moddb-legal-problem,/members/[handle]/comments
9326f29995d0f026,old.thunderstore.io,thunderstore,2026-10-03T00:58:21.153Z,m-thunderstore-mod-tools-request,/c/[handle]/p/TEZ/TEZMODCOMPANY
933c845c39765ba4,twitch.tv,twitch,2026-10-02T23:20:56.928Z,m-twitch-fan-game-howto;m-twitch-fan-game-recommendation,/directory/category/coral-a-halo-fan-game
9349a5a04d66bc00,reddit.com,reddit,2026-10-02T22:48:46.744Z,m-reddit-community-request,/r/ftlgame/comments/kfti8u/modding_discord
93745a17ca4ace06,gamebanana.com,gamebanana,2026-10-02T22:57:57.244Z,m-gamebanana-pc-port-request,/requests/17908
93783a766be38fce,gbatemp.net,gbatemp,2026-10-02T22:52:56.869Z,m-gbatemp-pc-port-recommendation,/threads/animal-crossing-pc-port-gets-its-first-release.680403
93a365521f9d2de0,the-battle-bricks.fandom.com,fandom,2026-10-03T00:34:37.098Z,m-fandom-fan-game-problem,/f/p/4400000000000262668
93a91ee2cc82be37,curseforge.com,curseforge,2026-10-03T00:10:52.167Z,m-curseforge-ip-revival-problem,/minecraft/search
93aa07fde3b40e8e,twitch.tv,twitch,2026-10-03T00:42:07.848Z,m-twitch-rust-rebuild-problem,/[handle]/clip/WanderingGeniusOrcaTwitchRPG-1jXEkV6-_DsY6ceP
93d0d909f4c3b1f6,youtube.com,youtube,2026-10-02T23:20:28.246Z,m-youtube-community-howto;m-youtube-community-recommendation,/watch
93db7d95ec97d666,github.com,github,2026-10-03T01:22:18.279Z,m-github-mod-tools-howto,/[handle]/BG3ModdingTools/blob/master/README.md
93e445e909c2d179,github.com,github,2026-10-03T00:49:09.424Z,m-github-fan-game-recommendation,/[handle]/GTag-Fan-Game-Template/pulls
940869bb6a546781,reddit.com,reddit,2026-10-03T00:50:59.630Z,m-reddit-legal-howto,/r/legaladvice/comments/12w7jqx/can_you_send_your_own_cease_and_desist_letter
940ff812844bc4db,resetera.com,resetera,2026-10-02T22:51:40.209Z,m-resetera-mod-install-alternative;m-resetera-mod-install-problem,/threads/fallout-4-game-of-the-year-edition-pc-keeps-crashing-whenever-i-start-the-game-helo.262407
9417d444d477b469,mod.io,modio,2026-10-02T22:59:53.621Z,m-modio-mod-install-problem;m-modio-mod-install-request,/g/snowrunner/r/snowrunner-console-launch-faqs-support-guide
943eecb55e55e295,news.ycombinator.com,hackernews,2026-10-03T00:12:40.640Z,m-hackernews-ip-revival-recommendation,/item
944b69a05d3080ab,resetera.com,resetera,2026-10-03T00:59:56.620Z,m-resetera-mod-install-alternative,/threads/pc-gamers-do-you-enjoy-tinkering-with-your-games.1329535
94544066a9ab89ec,twitch.tv,twitch,2026-10-02T23:09:39.895Z,m-twitch-pc-port-howto,/[handle]/clip/PoisedHedonisticSalmonPermaSmug-rntBdf8NAdQJ-sR4
94565705e1cc1ce7,youtube.com,youtube,2026-10-02T23:07:34.056Z,m-youtube-ip-revival-howto,/playlist
945b03d27d43d1b3,mod.io,modio,2026-10-02T23:00:32.765Z,m-modio-learning-howto,/g/baldursgate3/m/ase-modding-tutorial-mod
946cb91d4b850b47,x.com,x,2026-10-02T22:49:54.739Z,m-x-community-howto,/[handle]/status/1945297863774294141
946e1fafe579dee8,gbatemp.net,gbatemp,2026-10-03T00:46:07.638Z,m-gbatemp-mod-creation-problem,/threads/yokai-watch-4-french-patch-questions.623344
9470d6c73ffe30f9,facebook.com,other,2026-10-02T23:19:01.217Z,d-H11-2,/corywongmusic/videos/a-rare-epiphone-sighting-sometimes-people-ask-why-i-use-certain-gear-for-thingsi/1583337122678341
94774a53570350ad,nexusmods.com,nexusmods,2026-10-03T01:20:40.700Z,m-nexusmods-pc-port-request,/godofwarragnarok/images/15
948822a6acc0dd60,disboard.org,discord,2026-10-02T22:50:13.211Z,m-discord-pc-port-alternative;m-discord-pc-port-problem,/es/servers/tag/sonic.exe-rp
94d6aee34186d683,itch.io,itchio,2026-10-03T00:33:54.714Z,m-itchio-ip-revival-recommendation,/blog/1604147/back-4-blood-free-download
94e325208fb676b8,gbatemp.net,gbatemp,2026-10-02T22:54:58.946Z,m-gbatemp-ip-revival-request,/review/kirbys-return-to-dream-land-deluxe.2196
94edee81544f28c8,mod.io,modio,2026-10-03T00:18:43.353Z,m-modio-mod-tools-alternative,/g/spaceengineers/m/space-engineers-2125
9510c0ca3847a0c5,reddit.com,reddit,2026-10-03T00:59:03.821Z,m-reddit-decomp-recommendation,/r/Argaming/comments/1rr9w0e/un_poco_sobre_las_decompilaciones
9518096e971446f2,news.ycombinator.com,hackernews,2026-10-03T00:11:15.293Z,m-hackernews-mod-creation-recommendation,/item
955b251449f4159a,curseforge.com,curseforge,2026-10-02T22:58:54.428Z,m-curseforge-mod-creation-request,/minecraft-bedrock
956adf193525410b,moddb.com,moddb,2026-10-02T23:04:54.068Z,m-moddb-legal-problem,/members/[handle]/comments
956ba248566b626e,gbatemp.net,gbatemp,2026-10-03T00:12:24.102Z,m-gbatemp-mod-install-recommendation,/threads/install-mods-on-switch-version-of-baldurs-gate-1-2-import-saves-use-custom-portraits-and-more.555453
95837eccdcfda1a9,mod.io,modio,2026-10-02T23:00:32.765Z,m-modio-learning-howto,/g/foundation/u/[handle]/r
958ec4ac4698d419,curseforge.com,curseforge,2026-10-02T22:59:34.093Z,m-curseforge-mod-tools-recommendation,/stardewvalley/search
95a50f2c9b35de9d,facebook.com,other,2026-10-02T23:16:52.188Z,d-H8-1,/LinusTech/posts/the-ayaneo-2021-pro-is-a-little-gaming-device-that-somehow-handled-every-game-i-/498750671620669
95bb6a36e5e1853c,reddit.com,reddit,2026-10-02T22:54:07.300Z,m-reddit-learning-alternative,/r/feedthebeast/comments/rrxb7k/status_on_forge_118_modding_tutorial_series
95d09916436e36ab,youtube.com,youtube,2026-10-02T23:07:08.611Z,m-youtube-mod-creation-howto,/watch
95db6b518b18737d,steamcommunity.com,steam,2026-10-02T23:03:05.268Z,m-steam-community-recommendation,/sharedfiles/filedetails
96014eee02305300,mod.io,modio,2026-10-03T00:53:25.337Z,m-modio-mod-install-problem,/g/bonelab/r/how-to-install-mods-into-bonelab-meta-quest
9621c196446192cb,mod.io,modio,2026-10-03T00:18:43.353Z,m-modio-mod-tools-alternative,/g/drg/m/custom-difficulty
96327d45629912bb,users.rust-lang.org,rustforum,2026-10-02T23:14:16.409Z,m-rustforum-learning-howto;m-rustforum-learning-request,/t/in-the-books-tutorial-this-pub-is-not-necessary-right/131444
9644fd7f21d326d8,gbatemp.net,gbatemp,2026-10-03T00:29:35.621Z,m-gbatemp-community-request,/threads/yo-kai-watch-blasters-2-english-translation.624365
964bd293874e3b96,reddit.com,reddit,2026-10-02T22:48:46.744Z,m-reddit-community-request,/r/RSDragonwilds/comments/1pilidh/modding_discord_trying_to_request_a_mod_to_hide
965a7d57bbb9ff57,sciencedirect.com,other,2026-10-02T23:14:39.233Z,d-H1-1,/journal/results-in-physics
966223c3b13cf9b2,nexusmods.com,nexusmods,2026-10-02T23:18:56.014Z,d-H11-1,/news/14936
967e159913511d2a,users.rust-lang.org,rustforum,2026-10-03T00:30:26.714Z,m-rustforum-community-recommendation,/t/mutable-borrow-in-loop-over-mutable-vector-issue-design-help/129801
9680b9962c1b3044,[handle].itch.io,itchio,2026-10-02T23:04:04.644Z,m-itchio-learning-howto;m-itchio-learning-recommendation,/nsmb-mariovsluigi/comments
968dce7ba75f2172,steamcommunity.com,steam,2026-10-02T23:24:11.003Z,d-H5-2,/id/[handle]/recommended
968e8478799dd2e8,reddit.com,reddit,2026-10-02T22:48:21.137Z,m-reddit-rust-rebuild-problem;m-reddit-rust-rebuild-request,/r/linux/comments/197xqkj/almost_all_of_fish_shell_has_been_rewritten_in
96a988347d2f0b56,disboard.org,discord,2026-10-03T01:11:52.834Z,m-discord-learning-request,/servers/tag/mods
96b8f70e2d6e89d0,resetera.com,resetera,2026-10-02T22:52:27.259Z,m-resetera-mod-tools-alternative,/threads/pc-version-of-phoenix-point-x-com-spiritual-successor-crowdfunded-game-1-year-exclusive-to-the-epic-game-store.104914/page-24
96c30d88b921b4dc,youtube.com,youtube,2026-10-03T00:28:46.928Z,m-youtube-mod-creation-request,/watch
970b96663f6cb654,youtube.com,youtube,2026-10-03T01:02:39.939Z,m-youtube-pc-port-recommendation,/watch
971f7d1906493ae9,news.ycombinator.com,hackernews,2026-10-03T00:11:15.293Z,m-hackernews-mod-creation-recommendation,/item
972d1190a18beb7a,curseforge.com,curseforge,2026-10-03T00:45:37.490Z,m-curseforge-legal-recommendation,/members/[handle]
97656856b3c293aa,resetera.com,resetera,2026-10-03T00:43:07.412Z,m-resetera-decomp-problem,/threads/zelda-ocarina-of-time-pc-port-looks-likely-as-fan-decompilation-%E2%80%98clears-65-%E2%80%99-up-now-91-6.383102
977dbc53fbc99205,curseforge.com,curseforge,2026-10-03T00:20:16.124Z,m-curseforge-community-request,/minecraft/mc-mods/quickspawns
97b11dfe96120e06,old.thunderstore.io,thunderstore,2026-10-02T23:01:18.658Z,m-thunderstore-mod-install-recommendation,/c/[handle]/p/ebkr/r2modman
97b4004339915911,x.com,x,2026-10-02T22:49:51.381Z,m-x-learning-problem,/[handle]
97c98d53220763e6,minecraftforum.net,other,2026-10-02T23:19:19.872Z,d-H12-2,/forums/mapping-and-modding-java-edition/minecraft-mods/modification-development/2314014-is-mcreator-any-good
97caf4d798404e19,falloutmods.fandom.com,fandom,2026-10-02T22:51:05.600Z,m-fandom-decomp-howto,/wiki/Talk:How_to_decompile_a_script
97e688400797a427,disboard.org,discord,2026-10-03T01:19:55.457Z,m-discord-fan-game-problem,/es/servers/tag/vr
9845a92458592fd0,gbatemp.net,gbatemp,2026-10-02T22:52:49.231Z,m-gbatemp-mod-install-alternative,/threads/final-fantasy-viii-remastered-now-has-a-release-date.546399/page-4
98587d02f028cafa,[handle].itch.io,itchio,2026-10-03T01:29:20.682Z,m-itchio-mod-creation-recommendation,/unciv/comments
9865d575eb6861dc,disboard.org,discord,2026-10-02T22:50:29.636Z,m-discord-ip-revival-recommendation,/servers/tag/the-walking-dead-game
98ba2eda52a16f82,reddit.com,reddit,2026-10-02T22:53:57.096Z,m-reddit-mod-install-recommendation,/r/expedition33/comments/1kmklwz/what_level_do_you_recommend_fighting_the_paintress
98c31c4eb7717d0d,indeed.com,other,2026-10-02T23:14:57.039Z,d-H2-1,/career-advice/career-development/hobbies-that-improve-coding
98e478a8e961e35b,emulation.fandom.com,fandom,2026-10-02T22:51:01.457Z,m-fandom-pc-port-problem,/wiki/List_of_notable_ports
98e7859fda6241ea,gamebanana.com,gamebanana,2026-10-02T23:05:04.156Z,m-gamebanana-mod-tools-request,/requests/79741
98f71ac5a03df62a,twitch.tv,twitch,2026-10-02T23:10:08.324Z,m-twitch-mod-tools-howto,/videos/399193141
98fd543d66a58161,youtube.com,youtube,2026-10-03T01:02:39.939Z,m-youtube-pc-port-recommendation,/watch
991acfbad1cf2fbb,youtube.com,youtube,2026-10-02T23:07:42.537Z,m-youtube-mod-tools-alternative,/watch
991d92001153b605,disboard.org,discord,2026-10-02T22:50:16.869Z,m-discord-decomp-howto,/server/1385839006209544302
9928425a80fd0832,forums.nexusmods.com,nexusmods,2026-10-02T23:15:46.107Z,d-H4-2,/topic/7939703-compilation-of-ideas-for-mods
994ddd24f85810ad,youtube.com,youtube,2026-10-03T00:28:46.928Z,m-youtube-mod-creation-request,/watch
994f35471fcae303,itch.io,itchio,2026-10-03T00:44:40.310Z,m-itchio-pc-port-problem,/t/3570606/mobile-optimization-problems
996a88755a261559,[handle].itch.io,itchio,2026-10-02T23:03:32.825Z,m-itchio-mod-creation-alternative,/
996ac98eef63b809,reddit.com,reddit,2026-10-03T00:55:19.594Z,m-reddit-mod-creation-alternative,/r/EnglishLearning/comments/1hoxnej/difference_between_alternate_and_alternative
998c75a3de89dcc6,tiktok.com,tiktok,2026-10-02T23:17:58.440Z,d-H10-1,/@[handle]/video/7194691086084803886
9998a3e679b349f7,nexusmods.com,nexusmods,2026-10-03T00:16:18.856Z,m-nexusmods-fan-game-howto,/swammysattackontitanfangame/mods/topalltime
99a46a06a5ff00a5,mod.io,modio,2026-10-02T22:59:59.285Z,m-modio-mod-creation-recommendation,/g/flashing-lights/r/tips-to-help-your-mod-get-more-visibility
99d40e501d7d9079,github.com,github,2026-10-02T23:15:42.096Z,d-H4-1,/[handle]/ImmersiveEngineering/issues/2920
99d80708acec5be6,x.com,x,2026-10-02T22:49:28.971Z,m-x-rust-rebuild-howto,/[handle]/status/2097412993051201716
9a4924fd32b2b553,news.ycombinator.com,hackernews,2026-10-03T00:12:40.640Z,m-hackernews-ip-revival-recommendation,/item
9a63918a611b43c1,steamcommunity.com,steam,2026-10-02T23:06:18.072Z,m-steam-legal-problem,/discussions/forum/0/4286935452897651938
9a69fc42e782e6fb,reddit.com,reddit,2026-10-02T22:48:27.160Z,m-reddit-fan-game-recommendation,/r/fivenightsatfreddys/comments/1u3b0c4/which_fnaf_fan_game_do_you_consider_the_best_and
9a6dff6bde87c904,moddb.com,moddb,2026-10-02T22:57:20.572Z,m-moddb-ip-revival-howto,/members/[handle]/blogs
9a8a89ec7a889329,twitch.tv,twitch,2026-10-02T23:20:56.928Z,m-twitch-fan-game-howto;m-twitch-fan-game-recommendation,/directory/category/the-fan-game-back-to-the-future-part-v-multidimensional-space-timelines
9a8b2bc9fa36da82,tiktok.com,tiktok,2026-10-02T23:08:56.807Z,m-tiktok-learning-recommendation,/@[handle]/video/7129543087172357381
9a9b591332be4772,steinborn.me,other,2026-10-02T23:14:57.039Z,d-H2-1,/blog/being-nonlinear-a-transition-from-modding
9aa489d7850a677a,news.ycombinator.com,hackernews,2026-10-02T23:21:53.667Z,m-hackernews-pc-port-request,/item
9aba717fc2c02b47,census.gov,other,2026-10-03T01:46:12.495Z,x-add-1,/programs-surveys/acs/data.html
9aee4788d1fdbc48,reddit.com,reddit,2026-10-03T00:28:38.376Z,m-reddit-mod-install-howto,/r/coralisland/comments/1hboknd/guide_on_how_to_install_mods
9af47b5fd992ff36,news.ycombinator.com,hackernews,2026-10-02T23:12:28.548Z,m-hackernews-decomp-recommendation,/item
9b146b893f85c2f4,steamcommunity.com,steam,2026-10-02T23:06:18.072Z,m-steam-legal-problem,/discussions/forum/0/1697169163410141328
9b2ea48c28493ffd,docs.mod.io,modio,2026-10-03T01:27:40.983Z,m-modio-legal-problem,/authentication
9b3a50a92395fb46,tiktok.com,tiktok,2026-10-02T23:09:17.714Z,m-tiktok-legal-howto,/discover/what-is-cease-and-desist
9b51b73e7e918b9d,youtube.com,youtube,2026-10-02T23:07:19.623Z,m-youtube-decomp-request,/watch
9b600da6a5fd7060,resetera.com,resetera,2026-10-03T01:12:48.016Z,m-resetera-fan-game-alternative,/threads/holocure-a-free-hololive-fan-game-heavily-inspired-by-vampire-survivors-magic-survival-new-update-now-on-steam.600510
9ba6cb901525c92d,resetera.com,resetera,2026-10-02T22:54:46.030Z,m-resetera-pc-port-alternative,/threads/they-refuse-to-offer-a-meaningful-alternative-game-preservation-leader-agrees-that-piracy-is-the-only-preservation-option-for-a-discless-future.1566814
9bbea71b45974deb,gbatemp.net,gbatemp,2026-10-02T22:53:25.601Z,m-gbatemp-mod-tools-howto;m-gbatemp-mod-tools-recommendation,/threads/resident-evil-0-hd-remaster-brazilian-portuguese-translation.656009
9bbf96cbae711b37,gbatemp.net,gbatemp,2026-10-03T01:21:07.554Z,m-gbatemp-ip-revival-problem,/threads/last-seen-movie.558722/page-75
9bcafe94cf12e661,x.com,x,2026-10-03T01:03:25.356Z,m-x-ip-revival-problem,/[handle]/status/1742082862411571376
9bceb6d426bc9eba,users.rust-lang.org,rustforum,2026-10-03T00:40:55.483Z,m-rustforum-mod-tools-alternative,/t/how-to-publish-a-crate-that-needs-fixes-to-dependencies/24764
9bf4aa48057e05e7,moddb.com,moddb,2026-10-03T00:34:17.286Z,m-moddb-learning-problem,/tutorials/server-side-modding-tutorial
9c5d2023ef4c7816,anno1800.fandom.com,fandom,2026-10-03T00:53:43.655Z,m-fandom-community-recommendation,/f/u/[handle]
9c9210620c9ce81a,thunderstore.io,thunderstore,2026-10-02T23:19:06.701Z,d-H11-3,/c/[handle]
9ccccdeb6dc0a0aa,itch.io,itchio,2026-10-02T23:03:32.825Z,m-itchio-mod-creation-alternative,/t/281510/modding-help
9cd69ef559c6a051,reddit.com,reddit,2026-10-02T22:48:12.783Z,m-reddit-pc-port-howto,/r/emulation/comments/1tvic5l/native_pc_ports_are_quietly_replacing_emulation
9cf0024ec1fbfb6c,moddb.com,moddb,2026-10-02T22:57:20.572Z,m-moddb-ip-revival-howto,/members/[handle]/blogs/fallout-3-quest-mods-review-87-dunwich-expansion-the-necronomicon-ex-mortis
9d02ef536ac9ebc6,moddb.com,moddb,2026-10-03T01:20:10.755Z,m-moddb-legal-alternative,/members/[handle]/comments
9d0c6119607cb4ba,thunderstore.io,thunderstore,2026-10-02T23:01:39.357Z,m-thunderstore-rust-rebuild-request,/c/[handle]
9d10c8d367a15dfb,moddb.com,moddb,2026-10-03T00:17:28.699Z,m-moddb-decomp-problem,/downloads/source-offensive-v20
9d2150171c800fbf,facebook.com,other,2026-10-02T23:15:19.922Z,d-H3-1,/groups/622995393117745/posts/1155509333199679
9d2ee1e55351c80a,reddit.com,reddit,2026-10-02T23:24:04.008Z,d-H4-3,/r/skyrimmods/comments/17c9lgs/just_start_putting_your_crazy_cool_mod_ideas_here
9d4332cac039fab5,youtube.com,youtube,2026-10-02T23:07:14.419Z,m-youtube-pc-port-alternative,/watch
9d569b84302813b3,quora.com,other,2026-10-02T23:16:52.188Z,d-H8-1,/Why-do-many-console-video-games-have-poor-or-delayed-PC-ports
9d6d3cceab853e3c,en.wikipedia.org,other,2026-10-02T23:15:02.949Z,d-H2-2,/wiki/Metadata_Object_Description_Schema
9db7f3cefaeaf967,[handle].itch.io,itchio,2026-10-03T00:44:40.310Z,m-itchio-pc-port-problem,/
9dbe018daf38fb0d,moddb.com,moddb,2026-10-03T00:34:17.286Z,m-moddb-learning-problem,/games/homeworld-2/tutorials
9dd4c105168e55aa,youtube.com,youtube,2026-10-02T23:07:42.537Z,m-youtube-mod-tools-alternative,/watch
9de8791c28003d91,youtube.com,youtube,2026-10-02T23:20:28.246Z,m-youtube-community-howto;m-youtube-community-recommendation,/watch
9dece379e6674892,gbatemp.net,gbatemp,2026-10-03T00:29:35.621Z,m-gbatemp-community-request,/threads/ninbadges-nintendo-switch-achievements-system.671476
9dfad340ee2fca18,users.rust-lang.org,rustforum,2026-10-02T23:14:16.409Z,m-rustforum-learning-howto,/t/blog-reading-and-playing-mod-audio-files-in-rust/24634
9e05384a889dd1b2,x.com,x,2026-10-02T22:49:05.696Z,m-x-mod-creation-request,/[handle]/status/1899136692172542148
9e0a62384ced2a7f,github.com,github,2026-10-02T23:11:22.657Z,m-github-decomp-problem,/[handle]/retdec-idaplugin/issues/40
9e14657749023d22,forums.nexusmods.com,nexusmods,2026-10-02T22:56:20.016Z,m-nexusmods-learning-alternative,/topic/4498660-fo4-character-import-to-blender
9e17f615c04cb915,youtube.com,youtube,2026-10-02T23:07:34.056Z,m-youtube-ip-revival-howto,/shorts/qH_3sk-lDnY
9e2f5554cffc34a1,[handle].itch.io,itchio,2026-10-02T23:04:04.644Z,m-itchio-learning-recommendation,/age-of-conquest-iv/devlog
9e6a9da14361c53e,x.com,x,2026-10-02T22:49:51.381Z,m-x-learning-problem,/[handle]
9e763013e1046593,news.ycombinator.com,hackernews,2026-10-02T23:12:17.492Z,m-hackernews-mod-creation-alternative,/item
9ea42acfb4757eca,github.com,github,2026-10-02T23:21:36.180Z,m-github-learning-problem,/[handle]
9eb7352b23a8ce10,reddit.com,reddit,2026-10-03T00:59:03.821Z,m-reddit-decomp-recommendation,/r/SBCGaming/comments/1veitg9/is_there_a_compilation_listing_of_all_source
9ee3c56d1d446442,resetera.com,resetera,2026-10-02T23:16:22.070Z,d-H6-1,/threads/mods-during-a-first-playthrough-yes-sometimes-never.1168845
9f2456e3cf29dea1,youtube.com,youtube,2026-10-02T23:07:34.056Z,m-youtube-ip-revival-howto,/watch
9f292bc268f7089c,twitch.tv,twitch,2026-10-02T23:09:39.895Z,m-twitch-pc-port-howto,/[handle]/clip/MuddySolidTrayPipeHype-UnF5OFQrcedSitCZ
9f2a141803225f01,gamebanana.com,gamebanana,2026-10-03T00:24:05.867Z,m-gamebanana-ip-revival-recommendation,/sounds/50544
9f336644d48b8af3,curseforge.com,curseforge,2026-10-02T23:05:17.407Z,m-curseforge-rust-rebuild-howto,/minecraft/mc-mods/library-ferret-fabric/files/4435503
9f5ee3df7fc5329e,old.thunderstore.io,thunderstore,2026-10-03T00:58:21.153Z,m-thunderstore-mod-tools-request,/c/[handle]/p/Atelier/LetalisShotgunPatch
9f70683ab4becc8e,steamcommunity.com,steam,2026-10-02T23:02:17.720Z,m-steam-mod-install-problem,/discussions/forum/1/591756872987528634
9f73db02ddffbe87,gamebanana.com,gamebanana,2026-10-03T01:22:41.843Z,m-gamebanana-fan-game-request,/requests/48981
9f777a045ac5c436,itch.io,itchio,2026-10-02T23:03:54.795Z,m-itchio-ip-revival-alternative,/games-like/809575/daydream
9faa83d6ee6e8aa9,moddb.com,moddb,2026-10-02T22:57:36.849Z,m-moddb-community-recommendation,/tutorials/the-komneniad-a-victoria-ii-alternate-history-mod
9fb4016eba03dc37,new.thunderstore.io,thunderstore,2026-10-02T23:01:24.550Z,m-thunderstore-mod-creation-problem,/c/[handle]/p/toes/Socks/v/0.1001.5
9fc8500e8a650727,gbatemp.net,gbatemp,2026-10-02T22:53:25.601Z,m-gbatemp-mod-tools-recommendation,/threads/a-hat-in-time-modding.550506
9fce4286fb45acfc,disboard.org,discord,2026-10-03T01:06:13.587Z,m-discord-ip-revival-howto,/servers/tag/twdg
9fd0a5cdd590d7b2,reddit.com,reddit,2026-10-02T23:14:43.306Z,d-H1-2,/r/Bannerlord/comments/1tk16rv/why_do_so_many_modders_use_ai_art_for_their_mod
9fe3fcbc6bf40496,reddit.com,reddit,2026-10-02T22:48:27.160Z,m-reddit-fan-game-recommendation,/r/rpg_gamers/comments/1n9gu1j/whats_you_best_fan_game
9fec62ae35f874db,steamdeckhq.com,other,2026-10-03T01:47:16.739Z,x-add-3,/news/find-native-pc-ports-retro-games-n64recomplauncher
9ff6994d4ce019a8,resetera.com,resetera,2026-10-02T22:52:16.269Z,m-resetera-fan-game-problem,/threads/pok%C3%A9mon-essentials-fangame-creation-kit-taken-down-by-nintendo.65030/page-4
a009c6277ae1f3cc,itch.io,itchio,2026-10-03T00:33:54.714Z,m-itchio-ip-revival-recommendation,/post/7726831
a00ebcb3a0d6701b,gbatemp.net,gbatemp,2026-10-02T22:53:25.601Z,m-gbatemp-mod-tools-recommendation,/threads/monster-hunter-3-ultimate-modding.446248/page-9
a02faf16b89e32d0,disboard.org,discord,2026-10-02T22:50:37.984Z,m-discord-learning-howto,/ja
a03e37a6623ddb03,gamebanana.com,gamebanana,2026-10-03T00:51:53.594Z,m-gamebanana-mod-tools-problem,/tools/23064
a040fb682dedff6f,thunderstore.io,thunderstore,2026-10-02T23:05:49.611Z,m-thunderstore-pc-port-howto,/c/[handle]
a08439387dd68a03,twitch.tv,twitch,2026-10-02T23:09:39.895Z,m-twitch-pc-port-howto,/directory/category/sonic-pc-port-remake
a08561351550dac0,news.ycombinator.com,hackernews,2026-10-02T23:12:17.492Z,m-hackernews-mod-creation-alternative,/item
a097f2d422c07702,github.com,github,2026-10-02T23:21:21.988Z,m-github-mod-install-alternative,/[handle]/mint
a0a409b4e2d46c46,news.ycombinator.com,hackernews,2026-10-02T23:21:59.045Z,m-hackernews-rust-rebuild-alternative;m-hackernews-rust-rebuild-problem,/item
a0cea1b4b4085f04,news.ycombinator.com,hackernews,2026-10-02T23:19:19.872Z,d-H12-2,/item
a0e18134b58d6a42,tiktok.com,tiktok,2026-10-02T23:09:17.714Z,m-tiktok-legal-howto,/@[handle]/video/7212869678790659330
a0e2f7fb14306acd,mod.io,modio,2026-10-02T22:59:59.285Z,m-modio-mod-creation-recommendation,/g/ghostandsword/r/main-guide-with-all-sub-guides
a0fc3bff96a0d44d,reddit.com,reddit,2026-10-03T01:22:51.697Z,m-reddit-pc-port-request,/r/PathToNowhere/comments/1de70gy/please_request_an_official_pc_port_in_the_latest
a100c416b55555de,news.ycombinator.com,hackernews,2026-10-02T23:21:59.045Z,m-hackernews-rust-rebuild-problem,/item
a13250b193c737ae,gamebanana.com,gamebanana,2026-10-03T00:43:46.459Z,m-gamebanana-learning-howto,/questions/89025
a144e6289eec5ecb,gbatemp.net,gbatemp,2026-10-02T22:54:50.331Z,m-gbatemp-mod-creation-request,/threads/modding-a-games-audio.662431
a1452584e02e72d7,gamebanana.com,gamebanana,2026-10-02T22:58:37.019Z,m-gamebanana-learning-recommendation,/tuts/19233
a14f226617551eca,curseforge.com,curseforge,2026-10-02T23:05:17.407Z,m-curseforge-rust-rebuild-howto,/minecraft/mc-mods/more-rust/files/7021789
a1576130b094320c,itch.io,itchio,2026-10-03T01:18:15.924Z,m-itchio-rust-rebuild-alternative,/t/3836590/a-3d-game-about-minesweeping-with-a-milk-truck-sunsweeper
a15bcd091e57c8a5,tiktok.com,tiktok,2026-10-02T23:08:16.117Z,m-tiktok-mod-install-howto,/discover/how-to-install-mods-for-hogwarts-legacy-pc
a166c013ee198e0a,news.ycombinator.com,hackernews,2026-10-03T00:15:39.781Z,m-hackernews-fan-game-request;m-hackernews-pc-port-problem,/item
a1c9ff185df60863,disboard.org,discord,2026-10-03T00:32:49.039Z,m-discord-mod-creation-howto,/servers/tag/mickey
a1f69c06b84e128b,curseforge.com,curseforge,2026-10-02T23:05:17.407Z,m-curseforge-rust-rebuild-howto,/minecraft/mc-mods/manhole-travel
a20ce74d20bdc153,old.thunderstore.io,thunderstore,2026-10-02T23:02:07.037Z,m-thunderstore-community-request,/c/[handle]
a212838226fc48a7,resetera.com,resetera,2026-10-02T23:17:47.399Z,d-H9-3,/threads/matchmaking-by-language.40106
a2207ea62758278d,thunderstore.io,thunderstore,2026-10-02T23:01:24.550Z,m-thunderstore-mod-creation-problem,/c/[handle]/p/toes/Socks/v/0.1.1
a22498152056fb89,steamcommunity.com,steam,2026-10-02T23:03:05.268Z,m-steam-community-recommendation,/sharedfiles/filedetails
a26143e48d3f8684,youtube.com,youtube,2026-10-03T00:14:05.505Z,m-youtube-mod-install-alternative,/watch
a263be5a4c8bc7ee,moddb.com,moddb,2026-10-02T22:57:31.946Z,m-moddb-learning-request,/tutorials/coding-basics-1
a264e4736e70c097,human-host.fandom.com,fandom,2026-10-03T00:52:57.894Z,m-fandom-decomp-request,/wiki/Modding
a268259f4224c46b,youtube.com,youtube,2026-10-02T23:07:14.419Z,m-youtube-pc-port-alternative,/watch
a26c25a0d2ce08e5,twitch.tv,twitch,2026-10-02T23:20:56.928Z,m-twitch-fan-game-howto;m-twitch-fan-game-recommendation,/directory/category/touhou-fan-game-jam-black-lives-matter-collection
a285e548363bbdba,resetera.com,resetera,2026-10-03T00:13:31.580Z,m-resetera-ip-revival-request,/threads/crowbcat-back-4-blood-proves-valve-carried-left-4-dead.534485/page-4
a29f7335c27f2e81,resetera.com,resetera,2026-10-03T01:47:16.739Z,x-add-3,/threads/decompilation-projects-ot-free-next-gen-update-for-your-favorite-classics.682687
a2ad8f8bcbc9e319,gbatemp.net,gbatemp,2026-10-02T22:53:25.601Z,m-gbatemp-mod-tools-recommendation,/threads/cart-fury-champioship-racing-modding-tools-for-ps2.651272/page-2
a2ea41b3dc091981,no1.be,other,2026-10-02T23:18:56.014Z,d-H11-1,/Site
a2ff759f95829767,kenshi.fandom.com,fandom,2026-10-03T00:38:13.718Z,m-fandom-mod-creation-howto,/wiki/Re_Kenshi_Extra_Extensions_Modding:_How_to_use_the_silent_world_states_and_variables
a32b5ad1bfdeb4e9,[handle].itch.io,itchio,2026-10-03T01:18:15.924Z,m-itchio-rust-rebuild-alternative,/landsword/devlog/942929/steam-page-progress-report-faq
a37055cd011b1df9,gbatemp.net,gbatemp,2026-10-02T22:53:07.100Z,m-gbatemp-rust-rebuild-howto,/threads/sys-hidplus-client-rs-an-alternative-client-for-sys-hidplus.593944
a3c6558fd2602c7e,pixar.fandom.com,fandom,2026-10-02T22:54:31.097Z,m-fandom-rust-rebuild-alternative,/wiki/User_blog:Curshburger/Cars_3_Alternate_Ending:_McQueen_Wins
a3cdc0fad640c48d,steamcommunity.com,steam,2026-10-02T23:15:19.922Z,d-H3-1,/app/1086940/discussions/0/3808408747684490519
a3f36f01881495c0,github.com,github,2026-10-02T23:21:21.988Z,m-github-mod-install-alternative,/[handle]/how-to-install-mods-in-cyberpunk-2077-for-pc
a40f0bd4d7279603,link.twitch.tv,twitch,2026-10-02T23:09:32.462Z,m-twitch-mod-creation-problem,/[handle]
a411fc3b5a85011f,stranded-deep.fandom.com,fandom,2026-10-02T22:50:52.197Z,m-fandom-mod-install-request,/wiki/Modding
a4146726b5b49f5c,github.com,github,2026-10-03T00:20:38.273Z,m-github-legal-recommendation,/[handle]/CRUD/issues/4573
a417974626fab4ec,resetera.com,resetera,2026-10-03T00:13:31.580Z,m-resetera-ip-revival-request,/threads/bloomberg-343-industries-is-all-but-starting-from-scratch-with-halo-layoffs-new-engine-mp-main-focus-for-now-more.681661/page-6
a43935f1f4ac17ff,resetera.com,resetera,2026-10-02T22:52:12.101Z,m-resetera-rust-rebuild-recommendation,/threads/pcgamer-linux-is-good-now-and-if-you-want-to-feel-like-you-actually-own-your-pc-make-2026-the-year-of-linux-on-your-desktop.1395610/page-9
a43b0cbebf9c79ae,curseforge.com,curseforge,2026-10-02T23:05:17.407Z,m-curseforge-rust-rebuild-howto,/minecraft/mc-mods/create-pantographs-and-wires/files/7065725
a43e024cef1c6556,moddb.com,moddb,2026-10-02T22:57:36.849Z,m-moddb-community-recommendation,/mods/restored-ai-attacks-and-behavior-tweaks
a44f0da8f8fad8b5,tiktok.com,tiktok,2026-10-02T23:08:56.807Z,m-tiktok-learning-recommendation,/@[handle]/video/7571078341391076630
a4601b2dbf11d240,old.thunderstore.io,thunderstore,2026-10-02T23:02:07.037Z,m-thunderstore-community-request,/c/[handle]
a476783bb6fe5d19,forums.nexusmods.com,nexusmods,2026-10-02T22:55:48.257Z,m-nexusmods-mod-creation-problem,/topic/90292-duplicate-formid-numbers-in-recent-mods-many-comflicts-in-game
a47a82e70a5fa31e,gbatemp.net,gbatemp,2026-10-03T00:46:07.638Z,m-gbatemp-mod-creation-problem,/threads/googies-sm4sh-mod-pack.432557/page-11
a4abde9aee79c3a0,gamebanana.com,gamebanana,2026-10-02T22:57:46.333Z,m-gamebanana-mod-install-howto,/questions/825
a4af2ea52654e435,tropedia.fandom.com,fandom,2026-10-02T22:51:01.457Z,m-fandom-pc-port-problem,/wiki/Porting_Disaster
a4b3005270259e05,reddit.com,reddit,2026-10-02T22:54:07.300Z,m-reddit-learning-alternative,/r/themoddingofisaac/comments/3rw1a7/modding_tutorial_part_1
a4c1f8e7f5f213b0,moddb.com,moddb,2026-10-02T23:04:54.068Z,m-moddb-legal-problem,/mods/openiv/news/take-two-issues-cease-and-desist-for-gtav-mod-openiv
a4cf20a99124022b,steamcommunity.com,steam,2026-10-02T23:06:18.072Z,m-steam-legal-problem,/discussions/forum/0/601912617062163652
a4d2d367aa24be86,youtube.com,youtube,2026-10-02T23:07:47.458Z,m-youtube-learning-request,/watch
a4da42762af8d5e3,[handle].itch.io,itchio,2026-10-03T01:18:15.924Z,m-itchio-rust-rebuild-alternative,/pirate-sea-jam/devlog/666943/part-9-total-rewrite
a4e86cb349ad2b80,gamedeveloper.com,other,2026-10-02T23:14:52.595Z,d-H1-3,/business/nexus-mods-is-acquiring-database-and-analytics-site-steamdb
a4fc654b4be6e65e,github.com,github,2026-10-02T23:11:14.721Z,m-github-community-howto;m-github-learning-problem;m-github-mod-tools-recommendation;m-github-pc-port-recommendation;m-github-rust-rebuild-request,/[handle]
a512ce54dfa9b2d0,youtube.com,youtube,2026-10-02T23:07:42.537Z,m-youtube-mod-tools-alternative,/watch
a56c75e271b8965e,resetera.com,resetera,2026-10-03T00:43:07.412Z,m-resetera-decomp-problem,/threads/recomps-and-decomps-have-taken-over-retro-gaming-modern-vintage-gamer.1645072/page-2
a572f707d0dc7351,gamebanana.com,gamebanana,2026-10-03T01:05:17.592Z,m-gamebanana-mod-install-request,/tuts/15468
a573998f04f3828c,reddit.com,reddit,2026-10-02T22:48:16.567Z,m-reddit-decomp-alternative,/r/androiddev/comments/pa6e7/helpful_tip_protect_your_published_source_code
a585290b15705b76,mod.io,modio,2026-10-02T22:59:53.621Z,m-modio-mod-install-request,/g/bonelab/r/how-to-easily-install-mods-quest
a5c5b1d9a4ec5fd3,reddit.com,reddit,2026-10-02T22:48:21.137Z,m-reddit-rust-rebuild-problem;m-reddit-rust-rebuild-request,/r/theprimeagen/comments/1td6a12/bun_has_been_rewritten_in_rust_1_million_lines
a6023598e58dda31,x.com,x,2026-10-02T22:49:05.696Z,m-x-mod-creation-request,/[handle]/status/2056219583221227845
a618fd27e1014a7b,curseforge.com,curseforge,2026-10-03T00:45:37.490Z,m-curseforge-legal-recommendation,/minecraft/modpacks/the-pog-dog-pack/files/3051847
a61af4f13f5746e5,youtube.com,youtube,2026-10-02T23:07:19.623Z,m-youtube-decomp-request,/watch
a61b519d05b76869,steamcommunity.com,steam,2026-10-02T23:02:33.676Z,m-steam-decomp-request,/app/224540/discussions/0/3201496916528648571
a6307b0d6f54d794,youtube.com,youtube,2026-10-02T23:07:23.943Z,m-youtube-rust-rebuild-recommendation,/watch
a67c0f8445009bc5,resetera.com,resetera,2026-10-02T22:52:07.709Z,m-resetera-decomp-request,/threads/favourite-megaman-x-mavericks.383987
a686804e1c58c1cb,moddb.com,moddb,2026-10-03T00:17:28.699Z,m-moddb-decomp-problem,/mods/daggerxl/news/xl-engine-update-3
a6a46c87a73fba79,tiktok.com,tiktok,2026-10-02T23:08:16.117Z,m-tiktok-mod-install-howto,/discover/how-to-install-mods-to-hytale-server
a6b0d68a137c37fd,tiktok.com,tiktok,2026-10-02T23:08:46.245Z,m-tiktok-ip-revival-alternative,/@[handle]/video/7676966626691960077
a6ba3a60d7225b1f,gamebanana.com,gamebanana,2026-10-02T22:58:19.411Z,m-gamebanana-fan-game-howto,/mods/53598
a6ca1b2fc98bee62,nexusmods.com,nexusmods,2026-10-03T01:20:40.700Z,m-nexusmods-pc-port-request,/princeofpersiathetwothrones/mods/23
a737642a0f609955,music.youtube.com,youtube,2026-10-03T00:23:26.849Z,m-youtube-legal-alternative,/podcast/vmLDqpBHS-s
a73783168512298a,blog.curseforge.com,curseforge,2026-10-03T00:27:11.366Z,m-curseforge-mod-creation-problem,/making-meaningful-mods-for-inzoi
a74908046144ea8b,resetera.com,resetera,2026-10-02T22:52:23.539Z,m-resetera-ip-revival-howto,/threads/rank-the-evil-dead-franchise.757423/page-2
a75eb787e801b7ee,youtube.com,youtube,2026-10-03T00:14:05.505Z,m-youtube-mod-install-alternative,/watch
a76c762e7d285b0e,the-fnaf-fan-game.fandom.com,fandom,2026-10-02T22:51:13.434Z,m-fandom-fan-game-request,/wiki/Five_Nights_With_my_Story
a773ae5211a261d4,users.rust-lang.org,rustforum,2026-10-03T00:32:21.145Z,m-rustforum-rust-rebuild-recommendation,/t/drop-in-replacements-for-popular-projects-written-in-rust/37867
a776f59689910d57,flathub.org,other,2026-10-02T23:17:39.022Z,d-H9-2,/br/apps/io.github.laserlicht.TowerOops
a7be214ad4b7116c,forum.greenheartgames.com,other,2026-10-03T01:47:40.837Z,x-add-4,/t/official-mod-ideas-topic/11168
a7d166663e2c812b,reddit.com,reddit,2026-10-02T22:48:52.295Z,m-reddit-legal-recommendation,/r/LegalAdviceEurope/comments/1qkzapm/cease_and_desist_letter_with_request_of_paying
a7e9b1ed3be9fc39,moddb.com,moddb,2026-10-02T22:57:25.036Z,m-moddb-mod-tools-alternative,/games/ace-combat-zero-the-belkan-war/news/ace-combat-zero-modding-index
a7ec6853db0024a5,x.com,x,2026-10-03T01:03:25.356Z,m-x-ip-revival-problem,/[handle]/status/2045362030484586812
a821e14cfbc2a7ae,curseforge.com,curseforge,2026-10-02T22:58:54.428Z,m-curseforge-community-howto;m-curseforge-mod-creation-request,/minecraft/mc
a85263f0c93207ab,gamebanana.com,gamebanana,2026-10-02T23:05:04.156Z,m-gamebanana-mod-tools-request,/tools/20289
a856319cfbfcb4fd,steamcommunity.com,steam,2026-10-02T23:06:18.072Z,m-steam-legal-problem,/app/382080/discussions/0/350543389009212932
a85ba8c5832dff9c,gamebanana.com,gamebanana,2026-10-02T22:58:41.408Z,m-gamebanana-community-problem,/questions/20243
a88c10cdae430cb8,zelda-64-mods.fandom.com,fandom,2026-10-03T00:52:57.894Z,m-fandom-decomp-request,/wiki/Z64rom
a89bccc945fc28cc,curseforge.com,curseforge,2026-10-03T00:27:11.366Z,m-curseforge-mod-creation-problem,/minecraft/mc-mods/mine-fruits
a89be6f34b39f8ed,disboard.org,discord,2026-10-03T01:20:57.824Z,m-discord-mod-tools-alternative,/servers/tag/modded
a8bac62a1ce2cd4c,tiktok.com,tiktok,2026-10-02T23:09:01.016Z,m-tiktok-community-problem,/@[handle]/video/7686647606616804621
a8f538c4a7174f33,reddit.com,reddit,2026-10-02T22:48:21.137Z,m-reddit-rust-rebuild-request,/r/programming/comments/62a23r/rewrite_everything_in_rust
a9024fab405eaae0,gamebanana.com,gamebanana,2026-10-03T00:51:53.594Z,m-gamebanana-mod-tools-problem,/tools/20010
a90d5b9f2cdc3d0c,[handle].itch.io,itchio,2026-10-03T00:33:54.714Z,m-itchio-ip-revival-recommendation,/one-potion-please/comments
a9173d0ec8d28d41,github.com,github,2026-10-03T00:20:38.273Z,m-github-legal-recommendation,/[handle]/legal-ai-skills/blob/main/plugins/rohas-legal-ai/skills/cease-desist-drafter/SKILL.md
a92b0e56580be0ad,news.ycombinator.com,hackernews,2026-10-03T00:12:40.640Z,m-hackernews-ip-revival-recommendation,/item
a94a46ec5ad6350b,github.com,github,2026-10-02T23:17:39.022Z,d-H9-2,/[handle]/piney_apples
a969244f561ce0e4,x.com,x,2026-10-02T22:54:11.354Z,m-x-mod-install-alternative,/[handle]
a96f97d3c7c74f21,reddit.com,reddit,2026-10-03T00:28:38.376Z,m-reddit-mod-install-howto,/r/civ/comments/ys9blx/how_do_i_install_mods_on_steam
a96fa1d411b11e58,reddit.com,reddit,2026-10-03T01:01:08.724Z,m-reddit-fan-game-howto,/r/gamedev/comments/1if489l/what_do_you_think_of_making_your_first_game_a_fan
a98074f864473598,gamebanana.com,gamebanana,2026-10-02T22:57:46.333Z,m-gamebanana-mod-install-howto,/questions/39934
a98e6951e37bccda,github.com,github,2026-10-02T23:11:31.908Z,m-github-rust-rebuild-howto,/[handle]/which-linux-commands-to-rewrite-in-rust
a99195640359e5c7,docs.curseforge.com,curseforge,2026-10-03T01:02:10.329Z,m-curseforge-mod-install-recommendation,/docs/capabilities/mod-installation-methods/overview
a9a703f6cfa1d23e,x.com,x,2026-10-02T23:17:58.440Z,d-H10-1,/[handle]/status/2087211295506637105
a9c2207d5f6a438e,tiktok.com,tiktok,2026-10-03T00:13:09.566Z,m-tiktok-mod-creation-recommendation,/@[handle]/video/7627493469132541198
a9ca687d89d089e3,riftbreaker.fandom.com,fandom,2026-10-02T22:54:39.697Z,m-fandom-mod-tools-problem,/wiki/Modding
a9f4d01ab3921b64,thunderstore.io,thunderstore,2026-10-02T23:02:07.037Z,m-thunderstore-community-request,/c/[handle]
aa2a7c4db828b82a,the-fnaf-fan-game.fandom.com,fandom,2026-10-03T00:34:37.098Z,m-fandom-fan-game-problem,/wiki/Five_Nights_at_Treasure_Island:_The_Lost_Ones_2
aa534cdde23d3517,steamcommunity.com,steam,2026-10-03T00:17:52.155Z,m-steam-community-howto,/app/1783560/discussions/0/841740442837069775
aa6cef15affa77c8,nexusmods.com,nexusmods,2026-10-02T22:56:14.004Z,m-nexusmods-mod-tools-howto,/site/mods/1141
aa7a6a382d51bb6f,x.com,x,2026-10-02T22:49:59.548Z,m-x-legal-alternative,/[handle]/status/1936375853543236076
aa8b9e233d83b1d9,resetera.com,resetera,2026-10-02T23:16:57.568Z,d-H8-2,/threads/decompilation-projects-ot-free-next-gen-update-for-your-favorite-classics.682687/page-33
aab42b1619813fc2,x.com,x,2026-10-02T22:49:38.290Z,m-x-fan-game-alternative,/[handle]/status/1245185977817104389
aac4f9596972e361,dfu-modding.fandom.com,fandom,2026-10-03T00:38:13.718Z,m-fandom-mod-creation-howto,/wiki/Building_Your_First_.dfmod
aac8ed88fc91da84,disboard.org,discord,2026-10-02T22:50:08.726Z,m-discord-mod-creation-howto;m-discord-mod-creation-recommendation,/servers/tag/dragon-ball-xenoverse-2
aae07c42394d6a6c,blog.curseforge.com,curseforge,2026-10-02T22:59:34.093Z,m-curseforge-mod-tools-howto;m-curseforge-mod-tools-recommendation,/paralives-launch-guide-customization-gameplay-and-day-1-modding
aaf540b14212e387,old.thunderstore.io,thunderstore,2026-10-02T23:01:18.658Z,m-thunderstore-mod-install-recommendation,/c/[handle]/p/ebkr/r2modman/v/3.1.54
ab0812cf0819edfd,news.ycombinator.com,hackernews,2026-10-02T23:12:37.959Z,m-hackernews-fan-game-howto,/item
ab0867f7299ecfea,tiktok.com,tiktok,2026-10-03T01:17:19.035Z,m-tiktok-pc-port-problem,/@[handle]/video/7172495239351897390
ab0fa47ae7be249f,wiki.gbatemp.net,gbatemp,2026-10-02T22:53:30.946Z,m-gbatemp-learning-problem,/wiki/GBARunner2
ab26118e6435388d,steamcommunity.com,steam,2026-10-03T00:26:33.023Z,m-steam-pc-port-recommendation,/discussions/forum/7/5540051992992086854
ab52c601d3f4fe29,docs.mod.io,modio,2026-10-03T01:27:40.983Z,m-modio-legal-problem,/restapi
ab6159920536d173,support.curseforge.com,curseforge,2026-10-03T01:02:10.329Z,m-curseforge-mod-install-recommendation,/en/support/solutions/articles/9000221442-downloading-and-installing-the-sims-4-mods-pc-manual-guide-
ab666aeb4ce62c81,stellaris.fandom.com,fandom,2026-10-02T22:54:39.697Z,m-fandom-mod-tools-alternative;m-fandom-mod-tools-problem,/wiki/Modding_tutorial
ab6931caec1c0891,curseforge.com,curseforge,2026-10-02T23:05:17.407Z,m-curseforge-rust-rebuild-howto,/minecraft/mc-mods/flans-mod-reloaded
ab6d73312442436e,x.com,x,2026-10-02T22:49:28.971Z,m-x-rust-rebuild-howto,/[handle]/status/2055629037310296351
ab9017ae88832458,heroes5.fandom.com,fandom,2026-10-03T01:16:04.593Z,m-fandom-mod-tools-alternative,/wiki/Modding_tools
ab915b7ca14a7fd2,twitch.tv,twitch,2026-10-02T23:10:08.324Z,m-twitch-mod-tools-howto,/videos/399193141
ab9f0be55d6bd021,reddit.com,reddit,2026-10-02T23:18:50.369Z,d-H10-3,/r/StardewValleyMods/comments/1l6j0yl/what_do_you_do_so_it_doesnt_become_too_easy
aba4559dc0e9103f,github.com,github,2026-10-03T00:17:11.452Z,m-github-mod-install-recommendation,/[handle]/how-to-install-mods-in-sotf
abca4cd2ce03816b,steamcommunity.com,steam,2026-10-02T23:03:05.268Z,m-steam-community-recommendation,/app/1151640/discussions/0/3821820927597911432
abd04f8e430fd76b,link.twitch.tv,twitch,2026-10-02T23:09:32.462Z,m-twitch-mod-creation-problem,/[handle]
abe83e1b7d33dd1b,disboard.org,discord,2026-10-03T00:09:13.017Z,m-discord-community-recommendation,/servers/tag/gorilla-tag
ac152acc8e4b291e,github.com,github,2026-10-03T00:35:40.008Z,m-github-pc-port-howto,/[handle]/ACGC-PC-Port/releases
ac33459a939a0080,[handle].itch.io,itchio,2026-10-03T01:29:20.682Z,m-itchio-mod-creation-recommendation,/ero-hunters-mods/community
ac37af547c476e02,curseforge.com,curseforge,2026-10-03T00:42:15.188Z,m-curseforge-mod-tools-howto,/stardewvalley/search
ac5e49e0c70eea4e,kenshi.fandom.com,fandom,2026-10-03T00:38:13.718Z,m-fandom-mod-creation-howto,/wiki/Introduction_to_Modding
ac8a5c3b86debbd5,reddit.com,reddit,2026-10-02T23:18:56.014Z,d-H11-1,/r/skyrimmods/comments/1coqcgm/why_do_many_people_dislike_nexusmods_vehemently
acb4577cc2f3e344,horror.fandom.com,fandom,2026-10-02T22:51:17.832Z,m-fandom-ip-revival-recommendation,/wiki/Living_Dead_(series)
acb9b763448104ba,[handle].itch.io,itchio,2026-10-03T00:48:55.714Z,m-itchio-community-alternative,/byte-desktop-pet/devlog/1592872/05x-patch-notes
acba23cbb1f44b6c,reddit.com,reddit,2026-10-03T01:46:22.786Z,x-add-2,/r/Gta5Modding/comments/1v3wur6/do_people_still_mod_in_2026
acc4b5410c3c50d4,itch.io,itchio,2026-10-03T01:18:15.924Z,m-itchio-rust-rebuild-alternative,/c/[handle]/mr-cosmics-collection
ad7f04561e9ef9d3,dev.twitch.tv,twitch,2026-10-03T01:23:09.256Z,m-twitch-pc-port-request,/[handle]/eventsub/handling-websocket-events
ad984f1ca91e7792,resetera.com,resetera,2026-10-02T22:52:44.842Z,m-resetera-legal-problem,/threads/palworld-dev-pocketpair-has-shared-a-statement-explaining-changes-made-to-the-game-due-to-the-pokemon-nintendo-lawsuit.1183920/page-12
adc26a0a90da8cfc,gbatemp.net,gbatemp,2026-10-02T22:53:30.946Z,m-gbatemp-learning-problem,/forums
ade127427856f1a1,youtube.com,youtube,2026-10-02T23:07:42.537Z,m-youtube-mod-tools-alternative,/watch
aded72b77fe8a4ab,safety.twitch.tv,twitch,2026-10-02T23:09:32.462Z,m-twitch-mod-creation-problem,/[handle]/article/Securing-your-Chat-with-Phone-and-Email-Verification
ae134d115c6dff6c,thunderstore.io,thunderstore,2026-10-02T23:02:07.037Z,m-thunderstore-community-request,/c/[handle]/p/ebkr/r2modman/v/3.1.11
ae1517441a19df74,curseforge.com,curseforge,2026-10-03T00:34:12.733Z,m-curseforge-decomp-alternative,/minecraft/modpacks/stegicraft/files/2378924
ae6f83e1c294260f,reddit.com,reddit,2026-10-02T22:48:21.137Z,m-reddit-rust-rebuild-problem;m-reddit-rust-rebuild-request,/r/rust/comments/4ri2gn/riir_rewrite_it_in_rust
ae9b0cd8f819cd99,news.ycombinator.com,hackernews,2026-10-02T23:21:53.667Z,m-hackernews-pc-port-request,/item
aea1bde6918b500b,steamcommunity.com,steam,2026-10-02T23:06:08.873Z,m-steam-mod-tools-alternative,/app/949230/discussions/0/3877095833474028444
aea660fb2183cd2f,steamcommunity.com,steam,2026-10-03T00:26:33.023Z,m-steam-pc-port-recommendation,/app/304240/discussions/0/620703493329561185
aeacc3a4c0fbae45,nexusmods.com,nexusmods,2026-10-02T22:56:06.885Z,m-nexusmods-ip-revival-problem,/halothemasterchiefcollection/mods/1500
aec0fbf410b9e79b,forums.nexusmods.com,nexusmods,2026-10-03T01:20:40.700Z,m-nexusmods-pc-port-request,/topic/3717405-request-better-pc-ui-and-controls-for-dd
aed74b6b3cfafd04,users.rust-lang.org,rustforum,2026-10-03T01:02:34.297Z,m-rustforum-mod-creation-howto,/t/dashmap-vs-hashmap/122953
af22d391a3c70987,reddit.com,reddit,2026-10-02T22:48:52.295Z,m-reddit-legal-recommendation,/r/Ask_Lawyers/comments/egbmv6/cease_and_desist_letters
af4e827b9bb864f8,moddb.com,moddb,2026-10-02T22:57:31.946Z,m-moddb-learning-request,/mods/rise-of-the-mandalorians/images/new-youtube-series
af8f1eab9b5ec906,steamcommunity.com,steam,2026-10-02T23:02:17.720Z,m-steam-mod-install-problem,/app/582010/discussions/0/4738295219679205809
af92449a3e849002,forums.cdprojektred.com,other,2026-10-02T23:18:56.014Z,d-H11-1,/index.php
af9abd06d86635e2,old.thunderstore.io,thunderstore,2026-10-02T23:01:18.658Z,m-thunderstore-mod-install-recommendation,/c/[handle]
afd130e6922ca470,gamebanana.com,gamebanana,2026-10-02T23:05:04.156Z,m-gamebanana-mod-tools-request,/tools/8918
affe56285de3560a,dev.twitch.tv,twitch,2026-10-03T01:23:09.256Z,m-twitch-pc-port-request,/[handle]
b010b90c3076710b,youtube.com,youtube,2026-10-02T23:07:47.458Z,m-youtube-learning-request,/watch
b05a799a11e3caa7,github.com,github,2026-10-03T00:49:09.424Z,m-github-fan-game-recommendation,/topics/fan-game
b061b2085518ef46,gamebanana.com,gamebanana,2026-10-02T22:58:37.019Z,m-gamebanana-learning-howto;m-gamebanana-learning-recommendation,/tuts/14153
b0778ccc55f8f83d,reddit.com,reddit,2026-10-02T22:48:37.459Z,m-reddit-mod-tools-howto,/r/7daystodie/comments/1h1bli7/modding_tools_for_7_days
b07af43db710b663,steamcommunity.com,steam,2026-10-02T23:06:08.873Z,m-steam-mod-tools-alternative,/app/949230/discussions/0/3877095833474028444
b07bd260bd230f23,nexusmods.com,nexusmods,2026-10-03T01:20:40.700Z,m-nexusmods-pc-port-request,/kingdomhearts2finalmix/images/46
b07cbe4a36f3d547,tiktok.com,tiktok,2026-10-02T23:08:56.807Z,m-tiktok-learning-recommendation,/@[handle]/video/7222354068931546414
b07e3583b1fbd8fd,gbatemp.net,gbatemp,2026-10-02T22:53:07.100Z,m-gbatemp-rust-rebuild-howto,/threads/wip-paragon-fire-emblem-fates.457799/page-20
b080d527902cac22,youtube.com,youtube,2026-10-02T23:20:28.246Z,m-youtube-community-howto;m-youtube-community-recommendation,/watch
b08784c4a7731099,news.ycombinator.com,hackernews,2026-10-02T23:12:37.959Z,m-hackernews-fan-game-howto,/item
b0aa37dc5a955c56,[handle].itch.io,itchio,2026-10-02T23:03:26.033Z,m-itchio-mod-install-howto,/hitman-3-mod-framework
b0cb35e040b094de,x.com,x,2026-10-02T22:49:05.696Z,m-x-mod-creation-request,/[handle]
b0dff5a8d9d0f950,users.rust-lang.org,rustforum,2026-10-02T23:17:14.512Z,d-H9-1,/t/game-dev-in-rust-a-year-later/123522
b0e39b40d2f96e27,reddit.com,reddit,2026-10-02T22:48:21.137Z,m-reddit-rust-rebuild-request,/r/programming/comments/10r3fmm/rewrite_it_in_rust_by_ridiculousfish_pull_request
b116f037adbb5809,disboard.org,discord,2026-10-03T00:09:13.017Z,m-discord-community-recommendation,/fr/servers/tag/lis
b11ecb484ce1fc50,supcom.fandom.com,fandom,2026-10-02T22:54:39.697Z,m-fandom-mod-tools-problem,/wiki/Beginners_Tutorial._SC/FA_Creating_an_Upgradeable_Structure.
b120f74b9daf6931,steamcommunity.com,steam,2026-10-03T00:38:05.363Z,m-steam-ip-revival-request,/app/330840/discussions/0/1678063648150359568
b1284bbd9f8ae6b7,tiktok.com,tiktok,2026-10-03T00:28:06.631Z,m-tiktok-legal-request,/@[handle]/video/7093896972427398446
b13026ec2dbff50a,reddit.com,reddit,2026-10-03T01:46:12.495Z,x-add-1,/r/Anbennar/comments/1qt6num/anbennar_demographics_survey_2025_results
b1762e73f26b537b,moddb.com,moddb,2026-10-03T01:20:10.755Z,m-moddb-legal-alternative,/mods/sonic-generations-unleashed-project/reviews/594096
b1845bcfcff3a11c,moddb.com,moddb,2026-10-03T00:10:30.766Z,m-moddb-mod-creation-request,/mods/the-dark-mod/news/the-darkmod-210-is-here/1000
b191cb5863b194fc,steamcommunity.com,steam,2026-10-03T00:12:53.192Z,m-steam-decomp-problem,/app/200940/discussions/0/5170673756534010903
b1930f9aecb82066,users.rust-lang.org,rustforum,2026-10-03T00:40:55.483Z,m-rustforum-mod-tools-alternative,/t/real-world-tips-for-organising-unit-tests-for-larger-projects-and-files/130749
b1952197d2b85c3b,steamcommunity.com,steam,2026-10-02T23:03:05.268Z,m-steam-community-recommendation,/app/553850/discussions/0/601917691382575129
b1c17bc2da49b74a,twitch.tv,twitch,2026-10-03T01:23:26.291Z,m-twitch-mod-creation-alternative,/
b1d2a6378b1b61b3,reddit.com,reddit,2026-10-03T01:01:08.724Z,m-reddit-fan-game-howto,/r/gamedev/comments/7svewm/getting_away_with_a_fan_game
b1f4e9f486d94a35,reddit.com,reddit,2026-10-02T23:19:06.701Z,d-H11-3,/r/valheim/comments/1c00mey/genuine_questions_about_new_age_of_modding
b1f72ad9a16dfa79,gbatemp.net,gbatemp,2026-10-02T22:52:56.869Z,m-gbatemp-pc-port-recommendation,/threads/pc-port-for-the-legend-of-zelda-the-minish-cap-gets-its-first-playable-build.681470
b21ad489a646104c,tiktok.com,tiktok,2026-10-02T23:08:46.245Z,m-tiktok-ip-revival-alternative,/@[handle]/photo/7661672753023552799
b21e88869854503b,moddb.com,moddb,2026-10-03T00:10:30.766Z,m-moddb-mod-creation-request,/mods/mental-omega/features/mods-of-2006-players-choice
b2279f91581e30a2,nexusmods.com,nexusmods,2026-10-02T23:14:52.595Z,d-H1-3,/arkenage/news/15403
b2286300585469b1,github.com,github,2026-10-02T23:11:22.657Z,m-github-decomp-problem,/[handle]/UndertaleModTool/issues/1922
b239d8ef2c0e2b29,moddb.com,moddb,2026-10-03T00:10:30.766Z,m-moddb-mod-creation-request,/mods/fallout-stuff-for-modders/addons/first-fall
b27daf669a905bc4,gamebanana.com,gamebanana,2026-10-03T00:56:53.756Z,m-gamebanana-pc-port-problem,/mods/615912
b29051e89c5345fd,nexusmods.com,nexusmods,2026-10-03T01:28:26.735Z,m-nexusmods-community-problem,/dragonageinquisition/mods/1036
b2a6bc4479da0988,resetera.com,resetera,2026-10-02T22:52:23.539Z,m-resetera-ip-revival-howto,/threads/bruce-campbell-on-evil-deads-future-movies-every-2-3-years-franchise-bible-from-raimi.711278
b2e99bf1ebe1eaf0,x.com,x,2026-10-02T22:49:59.548Z,m-x-legal-alternative,/[handle]/status/1901637826208469095
b2eedac6b7ab7b79,7daystodie.fandom.com,fandom,2026-10-03T00:42:47.444Z,m-fandom-learning-request,/wiki/Basic_Modding_Tutorial_1
b2f4c5751aeebabc,steamcommunity.com,steam,2026-10-02T23:03:00.788Z,m-steam-learning-request,/app/294100/discussions/0/1744480967032566187
b30aabac48bf2b5b,news.ycombinator.com,hackernews,2026-10-03T00:12:40.640Z,m-hackernews-ip-revival-recommendation,/item
b31a275d3162db4a,youtube.com,youtube,2026-10-02T23:07:08.611Z,m-youtube-mod-creation-howto,/watch
b31a5a115cfe72c8,gamebanana.com,gamebanana,2026-10-03T00:43:46.459Z,m-gamebanana-learning-howto,/blogs/19558
b3302ccd6128447b,quora.com,other,2026-10-02T23:16:34.239Z,d-H6-3,/How-similar-is-modding-to-game-development
b3542b852fb34930,gbatemp.net,gbatemp,2026-10-02T22:53:00.916Z,m-gbatemp-decomp-problem,/threads/decompling-nsps.585233
b3855c2f65847426,old.thunderstore.io,thunderstore,2026-10-02T23:05:49.611Z,m-thunderstore-pc-port-howto,/c/[handle]/p/BigJacksonMods/StraftatOfflineLAN
b3bc0bd230a492bc,tiktok.com,tiktok,2026-10-03T00:33:49.061Z,m-tiktok-fan-game-request,/@[handle]/video/7664513199743503629
b3cdd56d7518329a,disboard.org,discord,2026-10-03T01:06:13.587Z,m-discord-ip-revival-howto,/sv/servers/tag/red-dead-online
b3db053c9574bb3b,moddb.com,moddb,2026-10-02T22:56:48.496Z,m-moddb-mod-creation-howto,/members/[handle]/blogs/how-to-installuninstallcreate-stalker-mods-on-consoles
b3e9eb08e643b6a0,resetera.com,resetera,2026-10-02T22:52:23.539Z,m-resetera-ip-revival-howto,/threads/evil-dead-burn-social-media-reactions-how-the-hell-is-this-only-rated-r.1565995
b3fcfbd5e0c67985,classic-battlefield-modding.fandom.com,fandom,2026-10-03T00:42:47.444Z,m-fandom-learning-request,/wiki/Battlefield_2_Modding_Tutorial_7
b40ed5d03a2ffc74,github.com,github,2026-10-02T23:21:31.599Z,m-github-mod-creation-request,/[handle]/MKVDCU-Recomp/blob/main/docs/MODDING.md
b41e264b1f7167a1,life-is-strange.fandom.com,fandom,2026-10-02T22:54:31.097Z,m-fandom-rust-rebuild-alternative,/wiki/Alternative_Timeline_(Life_is_Strange)
b434031ad77ea3ef,reddit.com,reddit,2026-10-03T00:50:59.630Z,m-reddit-legal-howto,/r/AskAnAmerican/comments/1kr0420/what_are_the_circumstances_around_u_sending_or
b445f155ad115aaa,resetera.com,resetera,2026-10-03T01:19:07.220Z,m-resetera-mod-creation-request,/threads/dlss-modder-puredark-defends-drm-in-his-releases.764144/page-4
b461a2274e0d4a6f,youtube.com,youtube,2026-10-02T23:07:14.419Z,m-youtube-pc-port-alternative,/watch
b49978b0ffe0cdde,vintagestory.at,other,2026-10-03T01:47:40.837Z,x-add-4,/forums/topic/18769-modding-requests
b4a001d430bfbbef,gamebanana.com,gamebanana,2026-10-02T22:58:41.408Z,m-gamebanana-community-problem,/threads/225851
b4c671980fcf9b33,tiktok.com,tiktok,2026-10-03T00:33:49.061Z,m-tiktok-fan-game-request,/@[handle]/video/7655074954664267038
b514f16d272fb8db,gbatemp.net,gbatemp,2026-10-02T22:53:07.100Z,m-gbatemp-rust-rebuild-howto,/threads/how-to-make-a-nds-ds-game.630973
b51ca8875ffca979,x.com,x,2026-10-03T01:03:25.356Z,m-x-ip-revival-problem,/[handle]/status/1901970100107845973
b5483172245ec824,disboard.org,discord,2026-10-02T22:50:16.869Z,m-discord-decomp-howto,/ja/search
b555ca926eb77984,reddit.com,reddit,2026-10-03T00:28:38.376Z,m-reddit-mod-install-howto,/r/MyTimeAtSandrock/comments/1bsoru1/how_to_install_mods
b588eae903e9210e,[handle].itch.io,itchio,2026-10-02T23:04:04.644Z,m-itchio-learning-howto;m-itchio-learning-recommendation,/devils-kitchen
b592cf42fac17b2b,moddb.com,moddb,2026-10-02T23:04:54.068Z,m-moddb-legal-alternative;m-moddb-legal-problem,/mods/openiv
b5999ab0f0acee22,nexusmods.com,nexusmods,2026-10-02T22:55:44.499Z,m-nexusmods-mod-install-recommendation,/witcher3/mods/9384
b5cb91f41bcf627d,disboard.org,discord,2026-10-03T01:11:52.834Z,m-discord-learning-request,/servers/tag/modding
b5dc5377bc974c9e,forums.nexusmods.com,nexusmods,2026-10-02T22:56:14.004Z,m-nexusmods-mod-tools-howto,/topic/7267936-tutorial-mhw-modding-tutorial-links
b5dce55182c47afc,nexusmods.com,nexusmods,2026-10-02T22:55:55.432Z,m-nexusmods-decomp-alternative,/deadlydays/news/15460
b622ea2d66c05874,github.com,github,2026-10-03T00:15:59.702Z,m-github-learning-alternative,/[handle]/ffmq-info
b68b4dfd6bc275fe,x.com,x,2026-10-03T01:26:25.063Z,m-x-mod-install-recommendation,/[handle]/status/1938787310520385580
b68cd05966569274,gbatemp.net,gbatemp,2026-10-03T00:29:35.621Z,m-gbatemp-community-request,/threads/nintendo-switch-marvel-ultimate-alliance-3-g1m-and-g2a-to-bin-tool-script-request.660737
b68ff0f9949d37c5,facebook.com,other,2026-10-02T23:24:11.003Z,d-H5-2,/groups/beamng.drive.community/posts/7899031250204061
b691391ee33954fe,github.com,github,2026-10-03T00:17:11.452Z,m-github-mod-install-recommendation,/[handle]/how-to-install-mods-in-repo
b69876fd5a8aec81,steamcommunity.com,steam,2026-10-03T00:26:33.023Z,m-steam-pc-port-recommendation,/app/2909400/discussions/0/597390873150409222
b699206af2068bb1,docs.mod.io,modio,2026-10-03T01:27:40.983Z,m-modio-legal-problem,/unity
b69c98c629ef3bfd,moddb.com,moddb,2026-10-03T00:31:28.842Z,m-moddb-mod-install-alternative,/addons/kirito-clone
b6c6cd510b93767e,wiki.frictionalgames.com,other,2026-10-02T23:16:28.024Z,d-H6-2,/page/HPL2/TDD/Full_Conversion_Mod
b6e7f5d6f7bb2245,youtube.com,youtube,2026-10-03T00:23:26.849Z,m-youtube-legal-alternative,/watch
b6f657da34f55c1e,curseforge.com,curseforge,2026-10-02T22:59:23.698Z,m-curseforge-fan-game-alternative,/minecraft/mc-mods/zatsus-mega-man-weapons-for-custom-npcs
b704ba800f3eca13,disboard.org,discord,2026-10-03T01:20:57.824Z,m-discord-mod-tools-alternative,/it/servers/tag/modding
b73f7b2c57b54a1e,steamcommunity.com,steam,2026-10-02T23:17:47.399Z,d-H9-3,/app/466300/discussions/0/1631916887494151086
b761389c2f169d73,thunderstore.io,thunderstore,2026-10-02T23:01:18.658Z,m-thunderstore-mod-install-recommendation,/c/[handle]/p/ebkr/r2modman/v/3.0.32
b77ef12db1189155,help.twitch.tv,twitch,2026-10-02T23:09:32.462Z,m-twitch-community-request;m-twitch-mod-creation-problem,/[handle]/article/stream-together
b7ca1387d6398a09,moddb.com,moddb,2026-10-03T01:04:32.871Z,m-moddb-mod-tools-recommendation,/downloads/modding-tools2
b7ea6a4980a71816,news.ycombinator.com,hackernews,2026-10-02T23:13:06.157Z,m-hackernews-learning-recommendation,/item
b80fb307723d3c8f,thunderstore.io,thunderstore,2026-10-03T00:32:32.093Z,m-thunderstore-mod-creation-alternative,/c/[handle]
b81a65f67a8410ac,news.ycombinator.com,hackernews,2026-10-02T23:12:37.959Z,m-hackernews-fan-game-howto,/item
b85cd5e9b082b134,gbatemp.net,gbatemp,2026-10-02T22:54:50.331Z,m-gbatemp-mod-creation-request,/threads/ffx-x-2-hd-remaster-switch-mods.590170
b87d27eaa518b4ab,disboard.org,discord,2026-10-02T22:50:08.726Z,m-discord-mod-creation-recommendation,/es/servers/tag/mickey
b8c91e9d20bf585c,users.rust-lang.org,rustforum,2026-10-03T01:07:20.306Z,m-rustforum-learning-request,/t/in-the-books-tutorial-this-pub-is-not-necessary-right/131444/2
b8d5caf44f285496,users.rust-lang.org,rustforum,2026-10-02T23:14:16.409Z,m-rustforum-learning-howto,/t/i-am-confused-with-modules/82507
b90200201f4cd0f8,users.rust-lang.org,rustforum,2026-10-02T23:14:16.409Z,m-rustforum-learning-howto,/t/get-data-in-mod-file/96331
b909f5e6be529b13,tiktok.com,tiktok,2026-10-03T00:59:33.868Z,m-tiktok-rust-rebuild-alternative,/discover/free-editing-tool-for-computer-no-watermark
b90d254b0ec3b2b4,reddit.com,reddit,2026-10-03T01:21:40.300Z,m-reddit-rust-rebuild-problem,/r/rust/comments/1u5sjnc/if_it_isnt_broken_why_fix_it
b91e8ef913d60268,disboard.org,discord,2026-10-03T01:06:13.587Z,m-discord-ip-revival-howto,/sv/servers/tag/red-dead-redemption-2
b935c8fb49d74e99,docs.mod.io,modio,2026-10-03T01:27:40.983Z,m-modio-legal-problem,/unreal
b959b507e83cf288,gamebanana.com,gamebanana,2026-10-02T22:57:57.244Z,m-gamebanana-pc-port-request,/requests/97380
b95ee2ce6e331c47,gbatemp.net,gbatemp,2026-10-02T22:52:56.869Z,m-gbatemp-pc-port-recommendation,/threads/megaman-x-for-the-snes-gets-native-pc-port.682067
b9ba2618a2715c0f,curseforge.com,curseforge,2026-10-03T00:20:16.124Z,m-curseforge-community-request,/minecraft/mc-mods/crash-assistant/files/7128253
b9c541f326317081,old.thunderstore.io,thunderstore,2026-10-02T23:01:24.550Z,m-thunderstore-mod-creation-problem,/c/[handle]/p/toes/Socks/v/0.5.0
b9d5e14010a178f9,resetera.com,resetera,2026-10-02T22:52:07.709Z,m-resetera-decomp-request,/threads/wario-without-his-hat.493158
b9e3cc7372302fbf,news.ycombinator.com,hackernews,2026-10-02T23:12:28.548Z,m-hackernews-decomp-recommendation,/item
b9f5d221e99466c1,resetera.com,resetera,2026-10-03T01:19:07.220Z,m-resetera-mod-creation-request,/threads/skyrims-modders-might-be-starfields-secret-weapon.746890
ba001c5bf473a3a1,tiktok.com,tiktok,2026-10-02T23:08:20.321Z,m-tiktok-mod-creation-alternative,/tag/modbody
ba34f01512453061,gbatemp.net,gbatemp,2026-10-02T22:53:07.100Z,m-gbatemp-rust-rebuild-howto,/threads/custom-install-install-cias-to-a-nintendo-3ds-sd-card-entirely-on-pc.551496/page-15
ba501f54b24ce871,dev.to,other,2026-10-02T23:17:14.512Z,d-H9-1,/dev_tips/zig-rust-go-i-tried-3-low-level-languages-and-heres-what-im-sticking-with-4gpp
ba5d991401f179f4,news.ycombinator.com,hackernews,2026-10-02T23:12:12.869Z,m-hackernews-mod-install-howto,/item
baa44b9ee0555a96,tiktok.com,tiktok,2026-10-03T00:17:59.445Z,m-tiktok-community-alternative,/discover/coco-modding-discord-jpin
baf5f7884e117978,itch.io,itchio,2026-10-02T23:03:54.795Z,m-itchio-ip-revival-alternative,/games/newest/free/sfw/tag-immersive
baf6d3288317fc1f,gamebanana.com,gamebanana,2026-10-03T00:43:46.459Z,m-gamebanana-learning-howto,/questions/82247
baf724babe078937,witcher-games.fandom.com,fandom,2026-10-03T01:16:04.593Z,m-fandom-mod-tools-alternative,/wiki/Modding_tools
bb00a82eaaab8a04,news.ycombinator.com,hackernews,2026-10-02T23:13:20.016Z,m-hackernews-legal-howto,/item
bb0b0ccd5634eb66,forum.moogmusic.com,other,2026-10-02T23:24:04.008Z,d-H4-3,/t/a-couple-voyager-mod-ideas/20419
bb0bf9c144d64dcc,pcgamingwiki.com,other,2026-10-03T01:47:16.739Z,x-add-3,/wiki/List_of_unofficial_ports
bb22a1c2a6610e91,resetera.com,resetera,2026-10-02T22:52:44.842Z,m-resetera-legal-problem,/threads/valve-insists-counter-strike-2-cases-are-fine-and-people-enjoy-surprises-in-move-to-dismiss-new-york-lawsuit.1525984/page-4
bb5279339ffc2fbb,gamebanana.com,gamebanana,2026-10-02T23:05:04.156Z,m-gamebanana-mod-tools-request,/tools/12815
bb5b274c6132cf8c,gamebanana.com,gamebanana,2026-10-03T00:51:53.594Z,m-gamebanana-mod-tools-problem,/tools/19862
bb754716a7726d82,moddb.com,moddb,2026-10-03T00:34:17.286Z,m-moddb-learning-problem,/games/starcraft/tutorials/beginners-starcraft-modding-tutorial
bb99246ac4fc88eb,gamebanana.com,gamebanana,2026-10-03T00:37:18.946Z,m-gamebanana-community-alternative,/mods/190971
bbb617f2f6388f53,youtube.com,youtube,2026-10-02T23:16:48.158Z,d-H7-3,/watch
bc2d7572d094a53f,resetera.com,resetera,2026-10-02T22:52:07.709Z,m-resetera-decomp-request,/threads/thoughts-on-x-men-evolution.467469
bc45096628c5523c,nexusmods.com,nexusmods,2026-10-03T01:28:26.735Z,m-nexusmods-community-problem,/menace/mods/16
bc49064cccee48aa,steamcommunity.com,steam,2026-10-03T00:26:33.023Z,m-steam-pc-port-recommendation,/discussions/forum/0/1747892868508134009
bc543153a951d9fe,steamcommunity.com,steam,2026-10-02T23:03:00.788Z,m-steam-learning-request,/app/294100/discussions/0/3185654583872601670
bc583344d398344f,users.rust-lang.org,rustforum,2026-10-03T00:40:55.483Z,m-rustforum-mod-tools-alternative,/t/alternative-to-mutability-restriction-in-single-threaded-contexts/40906
bc8c61db7b3dbba3,gbatemp.net,gbatemp,2026-10-02T22:52:56.869Z,m-gbatemp-pc-port-recommendation,/threads/twilight-princess-pc-port-courage-reborn-gets-new-trailer-mods-and-texture-packs-supported-switch-and-mobile-ports-also-in-the-works.681275
bca472d0e57240fc,tiktok.com,tiktok,2026-10-03T00:17:59.445Z,m-tiktok-community-alternative,/discover/i-made-this-new-app-called-root
bcca4df1d17f1a6f,gamebanana.com,gamebanana,2026-10-03T01:22:41.843Z,m-gamebanana-fan-game-request,/requests/68153
bcd5f1fbd8ce0287,github.com,github,2026-10-02T23:21:31.599Z,m-github-mod-creation-request,/[handle]/SophisticatedBackpacks/discussions/711
bcd78db19ac9529b,youtube.com,youtube,2026-10-03T01:02:39.939Z,m-youtube-pc-port-recommendation,/watch
bcf321d7f149bf55,minecraftforum.net,other,2026-10-02T23:24:07.292Z,d-H5-1,/forums/mapping-and-modding-java-edition/minecraft-mods/mods-discussion/1354435-how-do-i-make-a-mod
bd02bc7fc7e72d52,curseforge.com,curseforge,2026-10-03T00:45:37.490Z,m-curseforge-legal-recommendation,/minecraft/modpacks/valkyrie-survival/gallery
bd0488f150d96314,reddit.com,reddit,2026-10-03T01:21:40.300Z,m-reddit-rust-rebuild-problem,/r/C_Programming/comments/1wrf545/why_are_so_many_c_projects_being_rewritten_in_rust
bd2d363d3b9c0dd3,moddb.com,moddb,2026-10-03T00:17:28.699Z,m-moddb-decomp-problem,/addons/portal-2-excursion-funnel-map-beta
bd4b3115fffc6cba,disboard.org,discord,2026-10-02T22:50:08.726Z,m-discord-mod-creation-howto;m-discord-mod-creation-recommendation,/servers/tag/modding+
bd4bc4431c8c40e3,facebook.com,other,2026-10-02T23:18:56.014Z,d-H11-1,/groups/158261323672109/posts/414110204753885
bd615fe48d3bb7a4,gamedev.net,other,2026-10-02T23:16:34.239Z,d-H6-3,/forums/topic/717203-should-you-allow-modding-of-your-game
bd66c5e7aaec9185,tiktok.com,tiktok,2026-10-02T23:08:16.117Z,m-tiktok-mod-install-howto,/@[handle]/video/7675078948287434015
bd6ca6383b389723,[handle].itch.io,itchio,2026-10-03T00:33:54.714Z,m-itchio-ip-revival-recommendation,/dead-containment/comments
bd8f287885c0cfc3,gbatemp.net,gbatemp,2026-10-02T22:53:00.916Z,m-gbatemp-decomp-problem,/threads/twilight-princess-decompilation-project-reaches-99-completion.677503/page-4
bd9806f7fb6bb33f,spinpasta.fandom.com,fandom,2026-10-02T22:54:31.097Z,m-fandom-rust-rebuild-alternative,/wiki/Thomas_and_the_Jet_Engine:_Alternate_Ending_(Rewritten)
bda2ccae5e0a0d6c,news.ycombinator.com,hackernews,2026-10-02T23:21:59.045Z,m-hackernews-rust-rebuild-problem,/item
bdb89730b0f195ba,gbatemp.net,gbatemp,2026-10-02T22:53:13.853Z,m-gbatemp-fan-game-alternative,/threads/nintendo-switch-fan-not-spinning-causing-the-console-to-overheat.569257
bdc008b64ce01483,steamcommunity.com,steam,2026-10-03T00:26:33.023Z,m-steam-pc-port-recommendation,/discussions/forum/7/5540051992992086854
bdc406df8d5c19cb,jdpayne.org,other,2026-10-02T23:19:01.217Z,d-H11-2,/missiologically-thinking/why-i-use-apostolic
bdf20df2cb46d0df,nexusmods.com,nexusmods,2026-10-02T23:15:27.136Z,d-H3-2,/
be10022487ce84f4,resetera.com,resetera,2026-10-02T22:54:46.030Z,m-resetera-pc-port-alternative,/threads/digital-foundry-star-wars-jedi-survivor-pc-is-still-the-worst-triple-a-pc-port-of-2023.765170
be596d54d1d1eb55,youtube.com,youtube,2026-10-03T00:28:46.928Z,m-youtube-mod-creation-request,/watch
be5ec110e9e781ed,moddb.com,moddb,2026-10-03T00:34:17.286Z,m-moddb-learning-problem,/games/battlefield-2142/tutorials
be683d8f91c7706d,forums.nexusmods.com,nexusmods,2026-10-02T22:55:48.257Z,m-nexusmods-mod-creation-problem,/topic/13531796-using-ai-for-patching-and-modifying-your-mod-build/page/2
be7766e3f5b03a2d,curseforge.com,curseforge,2026-10-03T00:27:11.366Z,m-curseforge-mod-creation-problem,/minecraft/mc-mods/voidengine-extreme-performance-legacy-optimization/comments
be9423d9fd05c0c9,mod.io,modio,2026-10-03T00:18:43.353Z,m-modio-mod-tools-alternative,/g/baldursgate3/m/nightwithdrow
bea446e579a98f83,github.com,github,2026-10-02T23:11:14.721Z,m-github-community-howto;m-github-learning-problem;m-github-mod-tools-recommendation;m-github-pc-port-recommendation;m-github-rust-rebuild-request,/[handle]
bea662031dc8629e,news.ycombinator.com,hackernews,2026-10-02T23:13:20.016Z,m-hackernews-legal-howto,/item
beb59afbda00f114,play.google.com,other,2026-10-02T23:15:02.949Z,d-H2-2,/store/apps/details
bedcc55df9478189,news.ycombinator.com,hackernews,2026-10-02T23:12:12.869Z,m-hackernews-mod-install-howto,/item
bf01adaed5bf1bf0,steamcommunity.com,steam,2026-10-03T00:38:05.363Z,m-steam-ip-revival-request,/app/330840/discussions/0/1678063648150359568
bf152507d8102b4f,news.ycombinator.com,hackernews,2026-10-02T23:12:37.959Z,m-hackernews-fan-game-howto,/item
bf4820a39f9505ff,disboard.org,discord,2026-10-02T22:50:25.822Z,m-discord-fan-game-request,/servers/tag/VR
bfb1191f61121250,gbatemp.net,gbatemp,2026-10-02T22:53:07.100Z,m-gbatemp-rust-rebuild-howto,/threads/personal-project-i-made-a-simple-backup-manager-for-wii-supporting-direct-rvz-conversion.674406
bfb2392645b1a5de,next.nexusmods.com,nexusmods,2026-10-02T22:56:14.004Z,m-nexusmods-mod-tools-howto,/games/site
bfd4ef9f69c2e7a6,x.com,x,2026-10-03T01:03:25.356Z,m-x-ip-revival-problem,/[handle]/status/2088050820268822713
bfea57b63635f405,disboard.org,discord,2026-10-02T22:50:08.726Z,m-discord-mod-creation-howto;m-discord-mod-creation-recommendation,/fr/servers/tag/modding
bfea82a47b5580a9,7daystodie.fandom.com,fandom,2026-10-03T00:42:47.444Z,m-fandom-learning-request,/wiki/Modding
c06065ff76ec8f16,nexusmods.com,nexusmods,2026-10-02T22:56:26.562Z,m-nexusmods-community-request,/marvelrivals/images/539
c0663cf192514491,steamcommunity.com,steam,2026-10-02T23:02:27.328Z,m-steam-pc-port-alternative,/app/976730/discussions/0/1751275426751198644
c06a11fbd53beba1,lostepisodecreepypasta.fandom.com,fandom,2026-10-02T22:51:01.457Z,m-fandom-pc-port-problem,/wiki/Lost_Sonic_R_PC_PORT
c071575479c3ed89,gamebanana.com,gamebanana,2026-10-03T00:31:03.231Z,m-gamebanana-decomp-howto,/tuts/19376
c07711754ef26c0a,reddit.com,reddit,2026-10-02T23:16:52.188Z,d-H8-1,/r/decomps/comments/1wtyy3i/bundling_emulator_is_not_a_pc_port
c079cd939486c115,github.com,github,2026-10-03T00:15:59.702Z,m-github-learning-alternative,/[handle]/corona-archiver
c0a74d896c5c0617,uboat.fandom.com,fandom,2026-10-02T22:54:39.697Z,m-fandom-learning-request;m-fandom-mod-tools-problem,/wiki/Modding
c0c304a427db0028,steamcommunity.com,steam,2026-10-02T23:14:43.306Z,d-H1-2,/discussions/forum/0/693125279500213816
c0c3d4a3abd6eab2,tiktok.com,tiktok,2026-10-02T23:08:38.435Z,m-tiktok-rust-rebuild-problem,/discover/video-editing-apps-to-replace-capcut-after-the-ban
c0cce4450351f9b3,users.rust-lang.org,rustforum,2026-10-03T00:40:55.483Z,m-rustforum-mod-tools-alternative,/t/a-possible-rust-slack-channel/7433
c0df08249e97d5f5,youtube.com,youtube,2026-10-02T23:07:19.623Z,m-youtube-decomp-request,/watch
c0df99e8b92ad7a1,x.com,x,2026-10-02T22:49:54.739Z,m-x-community-howto,/[handle]/status/1775018883188990453
c0e2b49a5fc5e933,nexusmods.com,nexusmods,2026-10-02T22:56:26.562Z,m-nexusmods-community-request,/helldivers2/images/1386
c0e418ba684f1b4a,github.com,github,2026-10-03T01:22:18.279Z,m-github-mod-tools-howto,/topics/modding-games
c0fa4f186bb3c76c,reddit.com,reddit,2026-10-03T00:50:59.630Z,m-reddit-legal-howto,/r/legaladvice/comments/1m294v4/cease_and_desist_letter_with_unlawful_request
c101cbee4072c409,x.com,x,2026-10-02T22:49:47.240Z,m-x-mod-tools-recommendation,/[handle]/status/1993607732155347051
c112795994953d6b,zelda-64-mods.fandom.com,fandom,2026-10-02T22:51:05.600Z,m-fandom-decomp-howto,/wiki/Z64font
c116083b8efcfaf2,gbatemp.net,gbatemp,2026-10-03T00:41:59.434Z,m-gbatemp-fan-game-recommendation,/threads/announcing-sonic-realm-revival-my-new-sonic-fan-game-demo.482381
c12fdaaf48a0107a,disboard.org,discord,2026-10-03T01:11:52.834Z,m-discord-learning-request,/servers/tag/mods
c13e801d5a0348d0,resetera.com,resetera,2026-10-02T22:51:40.209Z,m-resetera-mod-install-problem,/threads/i-dont-get-the-appeal-of-mods.862512/page-2
c174c11a4e4fcf52,steamcommunity.com,steam,2026-10-02T23:06:05.333Z,m-steam-mod-creation-howto,/app/4095360
c17a6def1e95d721,steamcommunity.com,steam,2026-10-03T00:12:53.192Z,m-steam-decomp-problem,/app/1840/discussions/0/2906376154330765195
c18a17b0de2872da,github.com,github,2026-10-03T00:35:40.008Z,m-github-pc-port-howto,/[handle]/sm64pc_instructions
c1d638b5bf56b980,steamcommunity.com,steam,2026-10-02T23:15:42.096Z,d-H4-1,/sharedfiles/filedetails/comments/1624925596
c1f339da810c3218,curseforge.com,curseforge,2026-10-03T00:42:15.188Z,m-curseforge-mod-tools-howto,/stardewvalley/search
c1f56b9b37f286ee,itch.io,itchio,2026-10-02T23:03:32.825Z,m-itchio-mod-creation-alternative,/game-mods
c209d48ed8318b9f,news.ycombinator.com,hackernews,2026-10-02T23:12:12.869Z,m-hackernews-mod-install-howto,/item
c2224f8cb6b000eb,reddit.com,reddit,2026-10-03T00:23:16.376Z,m-reddit-ip-revival-alternative,/r/TwoBestFriendsPlay/comments/1n78jyf/what_franchise_is_still_alive_but_it_hurts_you_to
c240f9bafa20ff51,moddb.com,moddb,2026-10-02T22:57:36.849Z,m-moddb-community-recommendation,/members/[handle]
c24e79caf502d91c,steamcommunity.com,steam,2026-10-03T01:22:28.432Z,m-steam-learning-problem,/app/4059390/discussions/0/842879193508251017
c2538a56245ef29f,forums.nexusmods.com,nexusmods,2026-10-02T22:56:20.016Z,m-nexusmods-learning-alternative,/topic/2718119-just-another-beginners-guide-for-modding
c260194ed2340446,thunderstore.io,thunderstore,2026-10-02T23:01:24.550Z,m-thunderstore-mod-creation-problem,/c/[handle]/p/toes/Socks/v/0.5.1
c278397fb92f1057,news.ycombinator.com,hackernews,2026-10-02T23:21:59.045Z,m-hackernews-rust-rebuild-alternative;m-hackernews-rust-rebuild-problem,/item
c281cc7ab06927f9,tiktok.com,tiktok,2026-10-02T23:08:29.683Z,m-tiktok-pc-port-request,/@[handle]/video/7101966980806085890
c295d8f1be9004cb,moddb.com,moddb,2026-10-03T01:20:10.755Z,m-moddb-legal-alternative,/mods/dune20xx/news/units-and-structures
c2b6104e3f833dc0,tiktok.com,tiktok,2026-10-03T01:20:33.146Z,m-tiktok-ip-revival-recommendation,/@[handle]/video/7660908705361218846
c2b67dda1579b720,mod.io,modio,2026-10-02T22:59:59.285Z,m-modio-mod-creation-recommendation,/g/bonelab/r
c2c10b2598af0231,youtube.com,youtube,2026-10-02T23:07:23.943Z,m-youtube-rust-rebuild-recommendation,/watch
c2cddd4c4e6a96e8,users.rust-lang.org,rustforum,2026-10-02T23:23:05.785Z,m-rustforum-pc-port-problem,/t/when-i-run-cargo-there-seems-to-be-a-problem-with-the-proxy-server-but-i-cant-find-where-i-have-made-the-http-proxy-setting-please-help/112190
c2d0c6b066a76476,news.ycombinator.com,hackernews,2026-10-02T23:18:50.369Z,d-H10-3,/item
c2e855cdae55d8c0,thunderstore.io,thunderstore,2026-10-02T23:01:18.658Z,m-thunderstore-mod-install-recommendation,/c/[handle]/p/ebkr/r2modman/v/3.0.28
c3186fe7465da617,youtube.com,youtube,2026-10-02T23:07:23.943Z,m-youtube-rust-rebuild-recommendation,/shorts/5cV6rAMA0Qk
c3302aeb55c74d93,resetera.com,resetera,2026-10-03T00:59:56.620Z,m-resetera-mod-install-alternative,/threads/microsoft-hiring-for-xbox-live-game-mods-platform-for-pc-xbox-one-and-mobile.28326
c3ba50b14c9b2fec,gamebanana.com,gamebanana,2026-10-02T22:58:19.411Z,m-gamebanana-fan-game-howto,/mods/53588
c3c22008f189130b,err.fandom.com,fandom,2026-10-02T22:51:30.918Z,m-fandom-community-alternative,/wiki/Frequently_Asked_Questions_(FAQ)
c3d85c03d0334676,gbatemp.net,gbatemp,2026-10-02T22:54:58.946Z,m-gbatemp-ip-revival-request,/review/sand-land.2483
c4232ed57d6558b2,[handle].itch.io,itchio,2026-10-03T01:18:15.924Z,m-itchio-rust-rebuild-alternative,/marketcap
c42d5c0746beac2a,users.rust-lang.org,rustforum,2026-10-03T01:07:20.306Z,m-rustforum-learning-request,/t/snafu-0-2-1-released/27269
c439208b6e018870,steamcommunity.com,steam,2026-10-02T23:02:27.328Z,m-steam-pc-port-alternative,/app/3375780/discussions/0/599639788477246309
c484d8b9a94265a1,theindiestone.com,other,2026-10-02T23:24:04.008Z,d-H4-3,/forums/forum/55-mod-ideas-and-requests/page/2
c48fa065bb8e8ab5,pokemontowerdefensetwo.fandom.com,fandom,2026-10-02T22:51:30.918Z,m-fandom-community-alternative;m-fandom-community-recommendation,/f/u/[handle]
c4b6c687df9e3b9e,forums.crateentertainment.com,other,2026-10-02T23:15:42.096Z,d-H4-1,/t/the-silent-modding-scene/34527
c4ff72134e15aada,youtube.com,youtube,2026-10-02T23:07:08.611Z,m-youtube-mod-creation-howto,/shorts/w-3382Jkx04
c502b3cadf54c8f9,resetera.com,resetera,2026-10-02T22:51:40.209Z,m-resetera-mod-install-problem,/threads/im-not-the-biggest-fan-of-mods-but-they-might-be-one-of-the-greatest-inventions-of-humankind.1142628/page-3
c50490771d93ab45,gbatemp.net,gbatemp,2026-10-02T22:54:58.946Z,m-gbatemp-ip-revival-request,/review/star-wars-jedi-survivor.2249
c50a3ca5e882ea10,forums.nexusmods.com,nexusmods,2026-10-02T22:55:48.257Z,m-nexusmods-mod-creation-problem,/topic/13398020-im-pretty-new-to-modding-in-general-and-the-update-is-causing-me-issues-would-anyone-mind-giving-some-advice
c52181ce7a918f17,gbatemp.net,gbatemp,2026-10-03T00:46:07.638Z,m-gbatemp-mod-creation-problem,/threads/xenoblade-chronicles-3-emulator-etc-discussion.616262/page-25
c52c20c5fea115d4,reddit.com,reddit,2026-10-03T01:47:40.837Z,x-add-4,/r/nexusmods/comments/1kkj0tr/how_do_i_post_on_forums_for_mod_request_ideas
c53a747674a7cf8b,itch.io,itchio,2026-10-02T23:03:54.795Z,m-itchio-ip-revival-alternative,/games/genre-simulation/tag-no--ai
c53b225cb007f557,reddit.com,reddit,2026-10-03T00:59:03.821Z,m-reddit-decomp-recommendation,/r/PSO/comments/10vbuq5/pso_gamecube_decompilation
c53e682e8ea7567f,nexusmods.com,nexusmods,2026-10-03T00:28:59.305Z,m-nexusmods-legal-howto,/skyrimspecialedition/mods/93010
c550b4714eb14e07,wiki.thunderstore.io,thunderstore,2026-10-02T23:02:07.037Z,m-thunderstore-community-request,/moderation/community-moderators
c55a4dafd84f9b7e,resetera.com,resetera,2026-10-02T22:51:40.209Z,m-resetera-mod-install-problem,/threads/do-you-think-the-existence-of-fan-patches-mods-make-publishers-less-likely-to-patch-their-games.66316
c590dad90a999152,github.com,github,2026-10-02T23:11:31.908Z,m-github-rust-rebuild-howto,/[handle]/awesome-alternatives-in-rust
c59c4c53aeb4fd47,github.com,github,2026-10-02T23:21:31.599Z,m-github-mod-creation-request,/[handle]/ZHMModSDK
c5a0569d73ca020a,resetera.com,resetera,2026-10-02T22:52:44.842Z,m-resetera-legal-problem,/threads/trump-sends-cease-and-desist-to-republican-party-for-using-his-likeness-and-name.389648/page-2
c5acbb794f74464f,the-bibites.fandom.com,fandom,2026-10-03T00:38:13.718Z,m-fandom-mod-creation-howto,/wiki/Modding_Guide_For_Beginners
c5b53a12c1fc0a5f,slasher-universe.fandom.com,fandom,2026-10-02T22:51:17.832Z,m-fandom-ip-revival-recommendation,/wiki/Evil_Dead_(franchise)
c630f7f96e565ba5,collider.com,other,2026-10-02T23:16:48.158Z,d-H7-3,/worst-movie-remake-flops-nobody-asked-for
c635dfecab1db538,news.ycombinator.com,hackernews,2026-10-03T00:12:40.640Z,m-hackernews-ip-revival-recommendation,/item
c6422f821596115d,disboard.org,discord,2026-10-03T01:20:57.824Z,m-discord-mod-tools-alternative,/servers/tag/animal-company
c653396d403e9a53,forums.nexusmods.com,nexusmods,2026-10-02T22:55:44.499Z,m-nexusmods-mod-install-howto;m-nexusmods-mod-install-recommendation,/topic/386194-mod-installation-step-by-step
c66c44a4809c2c44,facebook.com,other,2026-10-02T23:16:22.070Z,d-H6-1,/TheNLSC/posts/to-be-blunt-there-are-some-people-who-would-rather-mod-a-broken-game-than-play-a/1149349860320432
c681d378379984dd,users.rust-lang.org,rustforum,2026-10-03T00:40:55.483Z,m-rustforum-mod-tools-alternative,/t/recommend-alternatives-to-axum/132833
c687e47cc64a0417,old.thunderstore.io,thunderstore,2026-10-02T23:01:24.550Z,m-thunderstore-mod-creation-problem,/c/[handle]/p/Gsamsu/G_box
c6acb9070b4b78ba,meetups.twitch.tv,twitch,2026-10-02T23:10:24.533Z,m-twitch-legal-recommendation,/
c6c53dfb4e8da9da,help.twitch.tv,twitch,2026-10-02T23:09:32.462Z,m-twitch-mod-creation-problem,/[handle]/article/how-to-handle-view-follow-bots
c6ccb154f4ec1ef3,moddb.com,moddb,2026-10-03T00:10:30.766Z,m-moddb-mod-creation-request,/mods/carnivores-the-canon-extended/downloads/4th-update-for-carnivores-2-mee-tce-community-requests
c6e668f46243f5ea,help.twitch.tv,twitch,2026-10-03T01:23:09.256Z,m-twitch-pc-port-request,/[handle]/article/mod-view
c6f2341d9e00c2af,gbatemp.net,gbatemp,2026-10-02T22:53:00.916Z,m-gbatemp-decomp-problem,/threads/anyone-w-any-experience-using-android-studio.618086
c6fc237af6495563,moddb.com,moddb,2026-10-02T22:57:16.289Z,m-moddb-fan-game-problem,/downloads/guedins-aot-fan-game-00102-win64
c70476f4b703ed08,disboard.org,discord,2026-10-03T01:11:52.834Z,m-discord-learning-request,/servers/tag/mods
c714bc32214d35cc,itch.io,itchio,2026-10-02T23:03:26.033Z,m-itchio-mod-install-howto,/t/626771/how-do-you-install-mods-
c73ddf9d4519e8e2,reddit.com,reddit,2026-10-02T22:48:31.516Z,m-reddit-ip-revival-problem,/r/boxoffice/comments/1jhn27v/what_franchises_are_pretty_much_dead
c750fc3931b73e94,itch.io,itchio,2026-10-03T00:33:54.714Z,m-itchio-ip-revival-recommendation,/jam/jimjam/rate/243298
c77f49ac77e99f62,gbatemp.net,gbatemp,2026-10-03T00:46:07.638Z,m-gbatemp-mod-creation-problem,/threads/making-mods-for-donkey-kong-country-returns-hd.679174
c7d1db298357e4ad,fcc.gov,other,2026-10-02T23:16:38.682Z,d-H7-1,/robocall-facilitators-must-cease-and-desist
c7e6f389bdb88eb7,disboard.org,discord,2026-10-02T22:50:03.620Z,m-discord-mod-install-request,/servers/tag/arma
c7fbdec8057d499e,news.ycombinator.com,hackernews,2026-10-03T00:11:15.293Z,m-hackernews-mod-creation-recommendation,/item
c82244a0bdaa6c4a,curseforge.com,curseforge,2026-10-02T23:05:17.407Z,m-curseforge-rust-rebuild-howto,/minecraft/mc-mods/optimizationsandtweaks/files/7110514
c84685982f42b532,gbatemp.net,gbatemp,2026-10-03T01:21:07.554Z,m-gbatemp-ip-revival-problem,/threads/know-your-game-signups-closed.448911/page-7
c86a6f3f28a9b96e,gbatemp.net,gbatemp,2026-10-03T01:21:07.554Z,m-gbatemp-ip-revival-problem,/threads/nintendo-direct-april-1st-3pm-pt-6pm-et-11pm-gmt.385714/page-6
c88f71dd89ce9888,tiktok.com,tiktok,2026-10-02T23:08:56.807Z,m-tiktok-learning-recommendation,/@[handle]/video/7494463168077516074
c892dfd0705fcf30,twitch.tv,twitch,2026-10-02T23:20:56.928Z,m-twitch-fan-game-howto;m-twitch-fan-game-recommendation,/directory/category/kda-fan-game
c8e4608d24c24d59,nomanssky.fandom.com,fandom,2026-10-02T22:50:52.197Z,m-fandom-mod-install-problem;m-fandom-mod-install-request,/wiki/Mods
c93a5c2a1ef5a04e,gamebanana.com,gamebanana,2026-10-02T22:58:46.173Z,m-gamebanana-legal-howto;m-gamebanana-legal-request,/mods/428461
c9446036e2eac1e1,news.ycombinator.com,hackernews,2026-10-02T23:13:20.016Z,m-hackernews-legal-howto,/item
c9949eff72084e80,steamcommunity.com,steam,2026-10-03T01:22:28.432Z,m-steam-learning-problem,/sharedfiles/filedetails
c997ea72388923f6,noita.fandom.com,fandom,2026-10-02T22:50:52.197Z,m-fandom-mod-install-request,/wiki/How_to_install_mods
c9ccc9f212068ec1,facebook.com,other,2026-10-02T23:24:00.148Z,d-H2-3,/groups/ProgrammingForBeginners/posts/677944096336277
c9da9b346dfa7389,instagram.com,other,2026-10-02T23:24:04.008Z,d-H4-3,/mod.ideas
c9dceff46725fd3a,curseforge.com,curseforge,2026-10-03T00:27:11.366Z,m-curseforge-mod-creation-problem,/minecraft/mc-mods/create-tycoon
ca170cfae6ea14a0,news.ycombinator.com,hackernews,2026-10-03T01:21:59.959Z,m-hackernews-community-alternative,/item
ca2039fbc663fd47,reddit.com,reddit,2026-10-02T23:15:27.136Z,d-H3-2,/r/nexusmods/comments/1gdz33p/is_it_possible_to_install_this_with_1_click
ca22be20de2e3168,five-nights-at-freddys-fanon.fandom.com,fandom,2026-10-03T00:34:37.098Z,m-fandom-fan-game-problem,/wiki/User_blog:TheFazDude/Fan_Game_Reviews_18:_Fredbear%27s_Fright
ca27f0f71a0ffe06,curseforge.com,curseforge,2026-10-03T00:20:16.124Z,m-curseforge-community-request,/minecraft/mc-mods/quickhomes
ca3ba16c2854fa0f,gbatemp.net,gbatemp,2026-10-03T00:29:35.621Z,m-gbatemp-community-request,/threads/play-skyrim-with-best-settings-and-mods.563097
ca45a4dd3b1abddc,gbatemp.net,gbatemp,2026-10-03T00:29:35.621Z,m-gbatemp-community-request,/threads/chrono-cross-the-radical-dreamers-edition-switch-modding-thread.610509
ca880e0e8ddeef19,reddit.com,reddit,2026-10-03T00:28:38.376Z,m-reddit-mod-install-howto,/r/Minecraft/comments/1d74ik4/how_to_install_mods_in_java
ca8e87568064aeca,reddit.com,reddit,2026-10-02T22:48:37.459Z,m-reddit-mod-tools-howto,/r/skyrimmods/comments/1647ojv/what_tools_should_every_modder_learn_to_use
ca92873adc7486c6,github.com,github,2026-10-03T00:15:59.702Z,m-github-learning-alternative,/[handle]/UnrealModUnlocker-Public
cab25fb5b52b7f89,curseforge.com,curseforge,2026-10-03T00:20:16.124Z,m-curseforge-community-request,/minecraft/mc-mods/quickteleports
cae65e7acc695e11,tiktok.com,tiktok,2026-10-03T00:17:59.445Z,m-tiktok-community-alternative,/discover/reek-discord-mod
caec4c422ec4c5e2,tiktok.com,tiktok,2026-10-02T23:08:46.245Z,m-tiktok-ip-revival-alternative,/@[handle]/video/7643849249033080086
caee160242fcaf05,mod.io,modio,2026-10-02T23:00:28.614Z,d-H10-1;m-modio-mod-tools-problem,/g/the-witcher-3/r/what-does-the-remaster-mean-for-modding
cb190fc12f836ded,resetera.com,resetera,2026-10-02T22:52:38.427Z,m-resetera-community-howto;m-resetera-community-recommendation,/threads/modding-non-vr-games-to-support-vr-is-getting-kinda-crazy.672277/page-2
cb29ede308084f5f,users.rust-lang.org,rustforum,2026-10-02T23:23:05.785Z,m-rustforum-pc-port-problem,/t/cross-compiling-for-raspberry-pi-libudev/22041
cb2a0bf6cb68a0b7,[handle].itch.io,itchio,2026-10-03T00:44:40.310Z,m-itchio-pc-port-problem,/kirby-soft-and-wet/comments
cb69775e86efa0b7,gamebanana.com,gamebanana,2026-10-03T01:05:17.592Z,m-gamebanana-mod-install-request,/tuts/15059
cb6d874fdbd4073f,youtube.com,youtube,2026-10-02T23:07:47.458Z,m-youtube-learning-request,/watch
cb7e0a66346c4cf7,the-official-worldbox-wiki.fandom.com,fandom,2026-10-02T22:50:52.197Z,m-fandom-mod-install-problem;m-fandom-mod-install-request,/wiki/Modding
cb87b5c6095ebc7f,developersdigest.tech,other,2026-10-02T23:17:39.022Z,d-H9-2,/blog/bun-rust-rewrite-status-check-hn-analysis
cb8b1b5014def479,help.twitch.tv,twitch,2026-10-03T01:23:26.291Z,m-twitch-mod-creation-alternative,/[handle]/article/music-options-for-streamers
cb9b3c376c7ce3e2,gbatemp.net,gbatemp,2026-10-03T00:41:59.434Z,m-gbatemp-fan-game-recommendation,/threads/metroid-prime-origins-fan-game-nintendo-switch-port.684635
cbae275fa5993f61,jstor.org,other,2026-10-02T23:16:28.024Z,d-H6-2,/stable/41349887
cbdf5a2cb8be3536,en.wikipedia.org,other,2026-10-02T23:14:39.233Z,d-H1-1,/wiki/Result
cbe6530557cbc72e,survivetheark.com,other,2026-10-02T23:17:58.440Z,d-H10-1,/index.php
cbfb72348869eab8,disboard.org,discord,2026-10-03T01:19:55.457Z,m-discord-fan-game-problem,/servers/tag/fan-game
cbfd93c235e29ed9,youtube.com,youtube,2026-10-03T01:27:58.412Z,m-youtube-fan-game-alternative,/watch
cc2122d05cd21d2b,users.rust-lang.org,rustforum,2026-10-03T00:32:21.145Z,m-rustforum-rust-rebuild-recommendation,/t/python-input-function-rewritten-in-rust/133891
cc22555be5ef4b8d,gamebanana.com,gamebanana,2026-10-02T22:58:19.411Z,m-gamebanana-fan-game-howto,/mods/480347
cc24f923b775a76a,disboard.org,discord,2026-10-03T01:18:48.324Z,m-discord-pc-port-alternative,/servers/tag/sonic.exe-rp
cc3d09e38c3ac50d,epa.gov,other,2026-10-03T01:46:12.495Z,x-add-1,/cmaq/cmaq-community-survey-results
cc3eeb11544b4f94,moddb.com,moddb,2026-10-02T22:57:25.036Z,m-moddb-mod-tools-alternative,/mods/ultimate-warno-mod-designer-developed-by-uhdk1ng-and-artistic-ai-bytes/images/a-frame-from-animated-video-for-ultimate-warno-mod-designer-v2xxxxxxxx
cc46f13b43d73d0b,tropedia.fandom.com,fandom,2026-10-02T22:51:01.457Z,m-fandom-pc-port-problem,/wiki/Polished_Port
cc58dde71327bb34,mod.io,modio,2026-10-02T22:59:59.285Z,m-modio-mod-creation-recommendation,/g/drg/m/mandatory-secondaries
cc5ab1204b3886f8,moddb.com,moddb,2026-10-02T22:56:57.288Z,m-moddb-pc-port-alternative,/members/[handle]/comments
cc5c51f56d37b2fb,reddit.com,reddit,2026-10-03T00:59:03.821Z,m-reddit-decomp-recommendation,/r/silenthill/comments/1l019sr/the_silent_hill_1_decompilation_project_has_now
cc718b6631297bb6,cyberpunk.fandom.com,fandom,2026-10-03T01:16:04.593Z,m-fandom-mod-tools-alternative,/wiki/REDmod
cc842559c755de83,steamcommunity.com,steam,2026-10-02T23:02:27.328Z,m-steam-pc-port-alternative,/app/579180/discussions/0/3288067088104783404
cca96a25f1be5f38,steamcommunity.com,steam,2026-10-02T23:06:05.333Z,m-steam-mod-creation-howto,/app/2370850
ccb097ebe933a8a1,twitch.tv,twitch,2026-10-03T00:33:09.546Z,m-twitch-legal-howto,/[handle]/clip/NaiveCrypticAuberginePeanutButterJellyTime-eEL299cciGgehpN7
ccb527f1b8a45d93,tiktok.com,tiktok,2026-10-02T23:08:29.683Z,m-tiktok-pc-port-request,/@[handle]/video/7241203473386196229
ccd634fc033cfd18,gbatemp.net,gbatemp,2026-10-03T00:12:24.102Z,m-gbatemp-mod-install-recommendation,/threads/how-to-install-mods-manually-from-the-mod-io-website.649488
cce56fbc0d9de3a7,disboard.org,discord,2026-10-02T22:50:03.620Z,m-discord-mod-install-request,/ja/servers/tag/arma3
cce8386fbaa91592,justplainpolitics.com,other,2026-10-02T23:19:12.358Z,d-H12-1,/threads/yearly-check-in.218716
ccf8fde1daa07f95,curseforge.com,curseforge,2026-10-03T00:42:15.188Z,m-curseforge-mod-tools-howto,/hytale/mods/jerma-sun
cd08c223b390cb9f,steamcommunity.com,steam,2026-10-03T00:17:52.155Z,m-steam-community-howto,/app/1623730/discussions/0/837251071121483096
cd0d9805553dfe7f,gamebanana.com,gamebanana,2026-10-03T00:37:13.398Z,m-gamebanana-legal-request,/mods/531709
cd233c0d7c7eabd1,github.com,github,2026-10-02T23:11:31.908Z,m-github-rust-rebuild-howto,/[handle]/ladybug/discussions/141
cd28e73ae9d06010,forum.arduino.cc,other,2026-10-02T23:19:12.358Z,d-H12-1,/t/discord-moderator/1390033
cd3eb9b50eb32b90,youtube.com,youtube,2026-10-02T23:15:02.949Z,d-H2-2,/watch
cd49d260825a96fa,users.rust-lang.org,rustforum,2026-10-02T23:23:05.785Z,m-rustforum-pc-port-problem,/t/problem-using-ssh-urls-for-external-crates-with-cargo-on-windows/7928
cd63eff049082490,twitch.tv,twitch,2026-10-03T01:23:26.291Z,m-twitch-mod-creation-alternative,/[handle]
cd6fd1e02f61bbde,moddb.com,moddb,2026-10-02T22:57:36.849Z,m-moddb-community-recommendation,/news/war-sails-modding-competition
cd872db2d89f8d71,forums.nexusmods.com,nexusmods,2026-10-03T00:54:24.894Z,m-nexusmods-mod-creation-alternative,/topic/4608195-awkcr-alternatives
cd890c4f1b786d33,jtoh.fandom.com,fandom,2026-10-03T00:38:13.718Z,m-fandom-mod-creation-howto,/f/p/4400000000000379399
cd95b6ccef498991,bioworksinc.com,other,2026-10-02T23:16:38.682Z,d-H7-1,/products/cease
cdd2249d2f0cc18e,curseforge.com,curseforge,2026-10-03T01:29:03.927Z,m-curseforge-fan-game-recommendation,/members/[handle]
cdde927aa7b2a451,twitch.tv,twitch,2026-10-03T00:22:08.541Z,m-twitch-fan-game-howto,/directory/category/kda-fan-game
ce3319e520ec8f12,gbatemp.net,gbatemp,2026-10-02T22:53:13.853Z,m-gbatemp-fan-game-alternative,/threads/contribution-lets-make-a-list-of-fully-playable-offline-android-games.431191
ce724221159d5bc3,users.rust-lang.org,rustforum,2026-10-03T00:30:26.714Z,m-rustforum-community-recommendation;m-rustforum-learning-request,/t/announcement-topic-category/142378
ce9027f1225eb51e,civilization.fandom.com,fandom,2026-10-03T00:38:13.718Z,m-fandom-mod-creation-howto,/wiki/Modding_(Civ6)
cea0ab9608e653ba,pages.github.com,github,2026-10-02T23:11:14.721Z,m-github-community-howto;m-github-learning-problem;m-github-mod-tools-recommendation;m-github-pc-port-recommendation;m-github-rust-rebuild-request,/
cefeaee5ca6e0cf6,github.com,github,2026-10-02T23:11:40.531Z,m-github-fan-game-alternative;m-github-fan-game-recommendation,/[handle]/DigimonWorld5
cf033964feef6a95,dragonage.fandom.com,fandom,2026-10-03T00:13:23.239Z,m-fandom-mod-install-problem,/wiki/Forum:Problem_with_installing_mods._pleas_help
cf1448f06e483050,steamcommunity.com,steam,2026-10-02T23:02:44.970Z,m-steam-fan-game-problem,/app/388090/discussions/0/364039785165876479
cf4b32356ddaebb1,gbatemp.net,gbatemp,2026-10-02T22:54:50.331Z,m-gbatemp-mod-creation-request,/threads/any-interest-in-modding-hacking-few-three-hopes.614680
cf539e812fbab5f5,tiktok.com,tiktok,2026-10-03T00:59:33.868Z,m-tiktok-rust-rebuild-alternative,/discover/cite-pour-edite-free-et-pas-capcut
cf552525e6290aa9,tiktok.com,tiktok,2026-10-02T23:08:56.807Z,m-tiktok-learning-recommendation,/@[handle]/video/7677893176857742606
cf6488bea58fbe09,moddb.com,moddb,2026-10-02T22:57:36.849Z,m-moddb-community-recommendation,/mods/stalker-the-last-stand
cf6b25ca3fd0905b,redistrictingdatahub.org,other,2026-10-03T01:46:12.495Z,x-add-1,/data/about-our-data/american-community-survey
cf83777371db49c1,curseforge.com,curseforge,2026-10-03T00:27:11.366Z,m-curseforge-mod-creation-problem,/minecraft/texture-packs/traducao-pt-br
cf9f02a9577ee251,nexusmods.com,nexusmods,2026-10-02T22:55:55.432Z,m-nexusmods-decomp-alternative,/fretlessthewrathofriffson/news/15460
cfa55803fed219f1,mod.io,modio,2026-10-02T22:59:59.285Z,m-modio-mod-creation-recommendation,/g/pyroworks/r/how-to-make-mods-basic
cfaa6bee40c96cb0,old.thunderstore.io,thunderstore,2026-10-02T23:02:07.037Z,m-thunderstore-community-request,/c/[handle]
cfdf0192979b79e0,news.ycombinator.com,hackernews,2026-10-03T01:00:23.231Z,m-hackernews-mod-tools-problem,/item
cfe24469530e561d,nexusmods.com,nexusmods,2026-10-03T01:28:26.735Z,m-nexusmods-community-problem,/remnant2/mods/47
d012b3a5bb61c7ba,curseforge.com,curseforge,2026-10-03T00:10:52.167Z,m-curseforge-ip-revival-problem,/minecraft/search
d0a00d843558a3e0,itch.io,itchio,2026-10-02T23:03:32.825Z,m-itchio-mod-creation-alternative,/games-like/98966/sprytile
d0b53679e00f89b8,blog.curseforge.com,curseforge,2026-10-02T22:59:34.093Z,m-curseforge-mod-tools-howto;m-curseforge-mod-tools-recommendation,/the-state-of-inzoi-modding-tools-automation-and-whats-next
d0c0bac30ac4663a,reddit.com,reddit,2026-10-02T22:48:27.160Z,m-reddit-fan-game-howto;m-reddit-fan-game-recommendation,/r/Games/comments/1jftft6/what_are_your_personal_favourite_fan_made_games
d0c425a1e283be1a,github.com,github,2026-10-02T23:11:22.657Z,m-github-decomp-problem,/[handle]/ghidra/issues/2791
d0c4849b0cca24a6,discourse.julialang.org,other,2026-10-02T23:19:01.217Z,d-H11-2,/t/why-i-use-julia/4819
d10c7e5b49cc707e,gamebanana.com,gamebanana,2026-10-02T23:05:04.156Z,m-gamebanana-mod-tools-request,/tools/22883
d1109cd0fc25ae94,steamcommunity.com,steam,2026-10-03T00:38:05.363Z,m-steam-ip-revival-request,/games/holidaysalecommunitygroup
d1132efc71504679,news.ycombinator.com,hackernews,2026-10-02T23:12:28.548Z,m-hackernews-decomp-recommendation,/item
d12759ca9d4db55b,thunderstore.io,thunderstore,2026-10-03T00:32:32.093Z,m-thunderstore-mod-creation-alternative,/c/[handle]
d13f8b5fbdc4a839,news.ycombinator.com,hackernews,2026-10-02T23:13:20.016Z,m-hackernews-legal-howto,/item
d166550b89bf2add,tiktok.com,tiktok,2026-10-02T23:09:17.714Z,m-tiktok-legal-howto,/@[handle]/video/7606654040461659413
d166c5e46216b2a4,gist.github.com,github,2026-10-03T00:49:09.424Z,m-github-fan-game-recommendation,/[handle]/0d8c8be1731cb9edc0dde99303b3abd2
d173818a19776b1a,x.com,x,2026-10-02T22:49:59.548Z,m-x-legal-alternative,/[handle]/status/1943667052792713430
d1dd8423de52c2a8,tiktok.com,tiktok,2026-10-02T23:08:20.321Z,m-tiktok-mod-creation-alternative,/discover/teen-stories-and-activites-mod-sims-4
d1eb4ec98527233b,gbatemp.net,gbatemp,2026-10-03T00:29:35.621Z,m-gbatemp-community-request,/threads/tagnx-a-wip-to-play-some-online-third-party-games-on-banned-switches.665752
d23f4023d073cf44,github.com,github,2026-10-03T00:20:38.273Z,m-github-legal-recommendation,/topics/cease-and-desist
d24711b62ebffd9a,ultima.fandom.com,fandom,2026-10-02T22:51:01.457Z,m-fandom-pc-port-problem,/wiki/Computer_Ports_of_Ultima_IV
d2c8c5b6a1a758b2,users.rust-lang.org,rustforum,2026-10-02T23:13:29.211Z,m-rustforum-mod-creation-recommendation,/t/practical-style-of-programming/98891
d30c4824519145c6,users.rust-lang.org,rustforum,2026-10-02T23:23:05.785Z,m-rustforum-pc-port-problem,/t/unable-to-flash-the-code-into-nucleo-l552ze-q-board/91081
d32e0a4238b5e944,tiktok.com,tiktok,2026-10-02T23:08:56.807Z,m-tiktok-learning-recommendation,/@[handle]/video/7497524681667317014
d3418a5dfbac0ccf,resetera.com,resetera,2026-10-03T01:19:07.220Z,m-resetera-mod-creation-request,/threads/why-do-people-like-animefying-games-with-mods.60012
d348a5b6a40014ed,tiktok.com,tiktok,2026-10-03T00:59:33.868Z,m-tiktok-rust-rebuild-alternative,/discover/capcut-alternatives-no-watermark
d378925c6d6311fc,tiktok.com,tiktok,2026-10-02T23:08:29.683Z,m-tiktok-pc-port-request,/@[handle]/photo/7645911526867488021
d3c55f0c6d54d55a,youtube.com,youtube,2026-10-03T00:28:46.928Z,m-youtube-mod-creation-request,/watch
d3d0ab127227501d,gamebanana.com,gamebanana,2026-10-03T00:41:52.172Z,m-gamebanana-mod-creation-recommendation,/blogs/21286
d3e8536cde94312e,github.com,github,2026-10-03T01:22:18.279Z,m-github-mod-tools-howto,/[handle]/anomaly-modding-book/blob/main/docs/modding-tools/sdk/shader-editor/README.md
d415bd479da1db5c,old.thunderstore.io,thunderstore,2026-10-03T00:58:21.153Z,m-thunderstore-mod-tools-request,/c/[handle]/p/vassuki/BlueJayPlushie
d4426dd21bc22f98,link.twitch.tv,twitch,2026-10-02T23:10:24.533Z,m-twitch-legal-recommendation,/[handle]
d45b3ebc0fbe78ce,itch.io,itchio,2026-10-02T23:06:21.396Z,m-itchio-pc-port-request,/games/new-and-popular/tag-emulator/tag-pc-port
d46a709efc1db3a4,steamcommunity.com,steam,2026-10-03T00:38:05.363Z,m-steam-ip-revival-request,/app/717690/discussions/0/1642041106373628247
d4c422581ebd9f12,tiktok.com,tiktok,2026-10-03T00:33:49.061Z,m-tiktok-fan-game-request,/@[handle]/video/7657130163464867104
d4e67f6205a21b98,[handle].itch.io,itchio,2026-10-03T01:16:55.706Z,m-itchio-mod-install-request,/monster-girl-dreams/comments
d501f06a7870df96,steamcommunity.com,steam,2026-10-02T23:02:33.676Z,m-steam-decomp-request,/app/546230/discussions/0/762934390303098280
d50b7dc5268d30d3,github.com,github,2026-10-03T00:15:59.702Z,m-github-learning-alternative,/[handle]/sandboxels/blob/main/mod-list.html
d5253e7106fa01f9,gbatemp.net,gbatemp,2026-10-03T00:41:59.434Z,m-gbatemp-fan-game-recommendation,/threads/thinking-about-making-a-fnaf-fan-game.594134
d52df4e049151f9b,moddb.com,moddb,2026-10-02T22:57:20.572Z,m-moddb-ip-revival-howto,/games/back-4-blood
d5326a2d35b03503,users.rust-lang.org,rustforum,2026-10-03T01:07:20.306Z,m-rustforum-learning-request,/t/structuring-a-rust-backend-feature-based-architecture-that-scales/137452
d53a0add52643010,forums.nexusmods.com,nexusmods,2026-10-02T22:56:20.016Z,m-nexusmods-learning-alternative,/topic/11920003-any-chance-of-a-modding-tutorial
d5585ac40bce3fdc,x.com,x,2026-10-02T22:49:38.290Z,m-x-fan-game-alternative,/[handle]
d58a0679d7a50b35,reddit.com,reddit,2026-10-03T00:28:38.376Z,m-reddit-mod-install-howto,/r/RimWorld/comments/v6oubo/how_do_i_install_mods_and_what_mods_are_good_for
d5aa0a2db8275a74,forums.pcgamer.com,other,2026-10-02T23:15:19.922Z,d-H3-1,/threads/which-mod-manager-is-good-for-skyrim.143659
d5d8078699b8306e,disboard.org,discord,2026-10-03T01:11:52.834Z,m-discord-learning-request,/servers/tag/mods/13
d5e2a8e996ea7d1d,reddit.com,reddit,2026-10-02T23:16:57.568Z,d-H8-2,/r/decomps/comments/1v2h38w/started_decomp_of_original_sega_rally_95_arcade
d5f034fd05df51c8,facebook.com,other,2026-10-02T23:14:52.595Z,d-H1-3,/TweakTown/posts/nexus-mods-has-acquired-steamdb-keeping-steamdbs-brand-and-ad-free-service-while/1649333760571453
d623c579b7d02146,steamcommunity.com,steam,2026-10-03T00:17:52.155Z,m-steam-community-howto,/app/553850/discussions/0/601917691382575129
d625e5eb55935b39,news.ycombinator.com,hackernews,2026-10-03T00:15:39.781Z,m-hackernews-fan-game-request;m-hackernews-pc-port-problem,/item
d64b3c85c8129fd7,steamcommunity.com,steam,2026-10-02T23:02:17.720Z,m-steam-mod-install-problem,/sharedfiles/filedetails
d677ee453c057615,gamebanana.com,gamebanana,2026-10-03T01:05:17.592Z,m-gamebanana-mod-install-request,/tuts/12434
d6a2b66679536622,lobste.rs,other,2026-10-02T23:19:19.872Z,d-H12-2,/s/dvwczg/is_end_end_encryption_optional_for_large
d6ba258273e64d24,nexusmods.com,nexusmods,2026-10-02T22:56:20.016Z,m-nexusmods-learning-alternative,/fallout4/mods/68518
d6d0c3fd0dd2a8bc,gamebanana.com,gamebanana,2026-10-02T22:57:50.122Z,m-gamebanana-mod-creation-alternative,/tools/20672
d6df24dad1b571f9,[handle].itch.io,itchio,2026-10-03T01:18:15.924Z,m-itchio-rust-rebuild-alternative,/reouija-sleepover/comments
d702e0d069446b56,mod.io,modio,2026-10-02T23:00:28.614Z,m-modio-mod-tools-problem,/g/humankind/m/resource-wonders
d743ff27cdf8f5a8,forums.nexusmods.com,nexusmods,2026-10-03T01:10:51.617Z,m-nexusmods-mod-install-howto,/topic/250790-how-to-install-mods-with-steam
d75f1992a59b8733,github.com,github,2026-10-03T00:49:09.424Z,m-github-fan-game-recommendation,/[handle]/Cuphead-fan-game-3
d76156195601aba1,en.wikipedia.org,other,2026-10-02T23:16:28.024Z,d-H6-2,/
d7c8bbbde91ad379,tiktok.com,tiktok,2026-10-03T00:33:49.061Z,m-tiktok-fan-game-request,/@[handle]/video/7676795437193497887
d7f283b1707e9005,moddb.com,moddb,2026-10-02T22:57:20.572Z,m-moddb-ip-revival-howto,/games/back-4-blood/features
d832a65a74e13d4a,tiktok.com,tiktok,2026-10-03T00:17:59.445Z,m-tiktok-community-alternative,/discover/mods-menu-discord-vr
d84e60a570426891,tiktok.com,tiktok,2026-10-02T23:09:01.016Z,m-tiktok-community-problem,/@[handle]/video/7683916952590503181
d8702f78a1c93240,quora.com,other,2026-10-02T23:19:19.872Z,d-H12-2,/Why-should-I-be-mod-on-your-Discord-server
d8a22079fffa4778,linkedin.com,other,2026-10-02T23:14:57.039Z,d-H2-1,/posts/jamesibay_why-game-development-as-a-hobby-is-so-hard-activity-7380293187988492288-krRU
d8a2c52460cc75c6,news.ycombinator.com,hackernews,2026-10-02T23:19:12.358Z,d-H12-1,/item
d8a39603ba8c72cb,twitch.tv,twitch,2026-10-02T23:10:08.324Z,m-twitch-mod-tools-howto,/videos/399193141
d8a91e4d68b8877f,thunderstore.io,thunderstore,2026-10-02T23:19:06.701Z,d-H11-3,/c/[handle]
d8ad6bbc8ac20b30,gamebanana.com,gamebanana,2026-10-02T22:57:46.333Z,m-gamebanana-mod-install-howto,/questions/103025
d8d69bb44f5f3ca4,themidnightride.moddinglinked.com,other,2026-10-02T23:15:19.922Z,d-H3-1,/mo2.html
d9009aae4be01399,facebook.com,other,2026-10-02T23:16:34.239Z,d-H6-3,/groups/992019725464370/posts/1391478322185173
d9119347992e694b,moddb.com,moddb,2026-10-03T00:31:28.842Z,m-moddb-mod-install-alternative,/mods/avatar-standalone-pack
d91bcab9f079c64f,forums.nexusmods.com,nexusmods,2026-10-02T23:17:58.440Z,d-H10-1,/topic/7434566-anyone-still-install-mods-manually
d93cdfdbba5aa965,hardforum.com,other,2026-10-02T23:16:52.188Z,d-H8-1,/threads/playstation-single-player-games-will-no-longer-be-ported-to-pc.2047816/page-2
d948aeccd2666e3c,mod.io,modio,2026-10-02T23:00:32.765Z,m-modio-learning-howto,/u/[handle]/r
d9776143d09f4c61,resetera.com,resetera,2026-10-02T22:52:44.842Z,m-resetera-legal-problem,/threads/nintendo-sends-a-cease-and-desist-to-insider-that-has-leaked-pretty-much-every-e3-2019-announcement.122088/page-31
d997ee305fa0114c,reddit.com,reddit,2026-10-03T00:28:38.376Z,m-reddit-mod-install-howto,/r/lethalcompany/comments/1eeazyz/how_do_i_install_mods
d9b45eead1a05532,sm64-conspiracies.fandom.com,fandom,2026-10-03T00:52:57.894Z,m-fandom-decomp-request,/wiki/Illegal_Opcode_Theory
d9c3ee919794cfff,users.rust-lang.org,rustforum,2026-10-03T00:32:21.145Z,m-rustforum-rust-rebuild-recommendation,/t/feedback-on-essay-about-rusts-ideology/126418/25
d9d4c647de024f84,forums.nexusmods.com,nexusmods,2026-10-03T00:28:59.305Z,m-nexusmods-legal-howto,/topic/8825893-please-stop-begging-for-money/page/3
d9da49fc2cd6ff3f,itch.io,itchio,2026-10-03T01:29:20.682Z,m-itchio-mod-creation-recommendation,/t/6205739/can-someone-post-a-video-on-making-mods
d9f61b80eb6d4298,old.thunderstore.io,thunderstore,2026-10-03T00:58:21.153Z,m-thunderstore-mod-tools-request,/c/[handle]/p/thingamavov/Peytons_Request
d9f74005fa96f32c,gamebanana.com,gamebanana,2026-10-03T00:56:53.756Z,m-gamebanana-pc-port-problem,/mods/704563
da020e0879aed508,reddit.com,reddit,2026-10-02T22:48:16.567Z,m-reddit-decomp-alternative,/r/vibecoding/comments/1vmwhb8/which_one_would_you_prefer_using_as_native
da23df2476a00a2a,nexusmods.com,nexusmods,2026-10-02T22:55:55.432Z,m-nexusmods-decomp-alternative,/diveordie/news/15460
da2b5999e235f62a,x.com,x,2026-10-03T01:03:25.356Z,m-x-ip-revival-problem,/[handle]/status/2091612091350184445
da32be3c34121764,reddit.com,reddit,2026-10-02T22:48:52.295Z,m-reddit-legal-recommendation,/r/legaladvice/comments/1iemood/i_received_a_cease_desist_after_leaving_a
da38a01f7427b76d,users.rust-lang.org,rustforum,2026-10-03T01:07:20.306Z,m-rustforum-learning-request,/t/unit-tests-for-mongo-insert-call/72069
da39bab6976a0fc8,x.com,x,2026-10-02T22:49:28.971Z,m-x-rust-rebuild-howto,/[handle]/status/1936413582415032629
da454cc22b480383,nexusmods.com,nexusmods,2026-10-03T00:54:24.894Z,m-nexusmods-mod-creation-alternative,/restorychillelectronicrepairs/news/12444
da48b8a9cffb77b4,tiktok.com,tiktok,2026-10-02T23:08:16.117Z,m-tiktok-mod-install-howto,/@[handle]/video/7682903053640437022
da49681c4e38684d,watch.twitch.tv,twitch,2026-10-02T23:10:24.533Z,m-twitch-legal-recommendation,/[handle]
da4e8d81b86bfd7e,steamcommunity.com,steam,2026-10-03T00:26:33.023Z,m-steam-pc-port-recommendation,/app/1888930/discussions/0/6197556602766610448
da75471f7e05efde,old.thunderstore.io,thunderstore,2026-10-03T00:58:21.153Z,m-thunderstore-mod-tools-request,/c/[handle]/p/teamy/Lethalcast
da798f390bc2a70f,reddit.com,reddit,2026-10-02T22:48:31.516Z,m-reddit-ip-revival-alternative;m-reddit-ip-revival-problem,/r/EvilDead/comments/1t8ggeq/which_evil_dead_franchise_opinion_has_you_like
daa2abd42224b6d1,steamcommunity.com,steam,2026-10-02T23:06:05.333Z,m-steam-mod-creation-howto,/app/3352190
dab32a8b9ed2e23d,disboard.org,discord,2026-10-02T22:50:42.694Z,m-discord-community-alternative,/servers/tag/hotline-miami
dac1e3c5f648bd19,rimworld.fandom.com,fandom,2026-10-02T22:50:52.197Z,m-fandom-mod-install-request,/wiki/Mods
daca814dfce6779c,reddit.com,reddit,2026-10-03T01:01:08.724Z,m-reddit-fan-game-howto,/r/PokemonRMXP/comments/zevd29/how_do_i_get_started_with_making_my_own_pok%C3%A9mon
dadfcbf73ed28cbe,news.ycombinator.com,hackernews,2026-10-02T23:13:06.157Z,m-hackernews-learning-recommendation,/item
db04cd0751811c8a,old.thunderstore.io,thunderstore,2026-10-03T00:58:21.153Z,m-thunderstore-mod-tools-request,/c/[handle]/p/Sword_Bro_Team/Modelo_Time
db0f2443faae9ed8,curseforge.com,curseforge,2026-10-03T00:20:16.124Z,m-curseforge-community-request,/minecraft/mc-mods/crash-assistant/files/6801258
db2904f2b7de9b14,youtube.com,youtube,2026-10-03T00:46:19.670Z,m-youtube-learning-problem,/watch
db3f7f2902b6e303,x.com,x,2026-10-02T22:49:54.739Z,m-x-community-howto,/[handle]/status/1549076166639853569
db40cc3b031b94bb,twitch.tv,twitch,2026-10-02T23:20:56.928Z,m-twitch-fan-game-recommendation,/directory/category/friday-the-13th-rpg-a-fan-game
db435e1e2222b07a,moddb.com,moddb,2026-10-03T01:04:32.871Z,m-moddb-mod-tools-recommendation,/mods/enhanced-4x-mod/news/modders-on-modding-tools-of-the-trade
db47cf537fa62d63,reddit.com,reddit,2026-10-03T00:50:59.630Z,m-reddit-legal-howto,/r/LegalAdviceNZ/comments/1m60oi7/cease_and_desist_letter
db58b87871bbb9c9,news.ycombinator.com,hackernews,2026-10-02T23:21:59.045Z,m-hackernews-rust-rebuild-problem,/item
db6dfe4a3654a31a,reddit.com,reddit,2026-10-03T00:23:16.376Z,m-reddit-ip-revival-alternative,/r/EvilDead/comments/1uge6z0/evil_dead_franchise_in_the_same_earth
db83781668ae5057,gamebanana.com,gamebanana,2026-10-03T00:41:52.172Z,m-gamebanana-mod-creation-recommendation,/tuts/13548
db8b075f8af379cf,reddit.com,reddit,2026-10-02T23:17:14.512Z,d-H9-1,/r/rust/comments/1lkygtm/is_rust_ready_for_gamedev
db942df1ec82a5ad,old.thunderstore.io,thunderstore,2026-10-02T23:06:01.654Z,m-thunderstore-mod-tools-howto,/c/[handle]/p/PixelFoxDEV/PixelMod
db9ffd7bd4b417e1,youtube.com,youtube,2026-10-03T00:14:05.505Z,m-youtube-mod-install-alternative,/watch
dbba7d45fa01fcc7,nexusmods.com,nexusmods,2026-10-02T22:56:20.016Z,m-nexusmods-learning-alternative,/cyberpunk2077/videos/3424
dc3c8ab0ca3f895e,nexusmods.com,nexusmods,2026-10-02T23:15:27.136Z,d-H3-2,/site/mods/1719
dc502add0d601fc8,gamebanana.com,gamebanana,2026-10-03T00:31:03.231Z,m-gamebanana-decomp-howto,/tuts/18926
dc5222690d439eae,twitch.tv,twitch,2026-10-02T23:10:08.324Z,m-twitch-mod-tools-howto,/videos/399193141
dc564f99a21768e2,gamebanana.com,gamebanana,2026-10-03T00:24:05.867Z,m-gamebanana-ip-revival-recommendation,/mods/232488
dc6fd2dc6dfad486,resetera.com,resetera,2026-10-02T22:54:46.030Z,m-resetera-pc-port-alternative,/threads/blue-dragon-recompiled-pc-port-re-blue-coming-out-august-28.1615663/page-2
dc715059cfa71571,resetera.com,resetera,2026-10-03T00:43:07.412Z,m-resetera-decomp-problem,/threads/decompilation-projects-ot-free-next-gen-update-for-your-favorite-classics.682687/page-40
dc72be4a3678a680,danaeplays.thenet.sk,other,2026-10-02T23:15:46.107Z,d-H4-2,/modders-interview-gv
dc72dd5ddd907cdd,luminousmen.com,other,2026-10-02T23:14:57.039Z,d-H2-1,/post/drunk-post-things-ive-learned-as-a-sr-engineer
dc869fdc553947ab,itch.io,itchio,2026-10-02T23:04:04.644Z,m-itchio-learning-howto;m-itchio-learning-recommendation,/t/4427778/gitbook-tutorials-and-info
dca0019fccc16ab8,old.thunderstore.io,thunderstore,2026-10-03T00:58:21.153Z,m-thunderstore-mod-tools-request,/c/[handle]/p/malco/SellBodies
dcb82b8411c6df29,youtube.com,youtube,2026-10-02T23:20:28.246Z,m-youtube-community-howto;m-youtube-community-recommendation,/watch
dcc04e62241ac95d,gamebanana.com,gamebanana,2026-10-03T00:31:03.231Z,m-gamebanana-decomp-howto,/tuts/20060
dcc707fcafc33c28,x.com,x,2026-10-02T22:49:28.971Z,m-x-rust-rebuild-howto,/[handle]/status/1912744471210455241
dcff00c69c868b39,gamebanana.com,gamebanana,2026-10-02T22:58:41.408Z,m-gamebanana-community-problem,/questions/56650
dd13e0aace0f2809,news.ycombinator.com,hackernews,2026-10-02T23:21:53.667Z,m-hackernews-pc-port-request,/item
dd248ff94edde82d,phoenixpoint.fandom.com,fandom,2026-10-02T22:54:39.697Z,m-fandom-mod-creation-howto;m-fandom-mod-install-problem;m-fandom-mod-tools-problem,/wiki/Modding
dd3713af88b9c471,disboard.org,discord,2026-10-02T22:50:08.726Z,m-discord-mod-creation-howto;m-discord-mod-creation-recommendation,/servers/tag/friend-making
dd3fff524810895b,curseforge.com,curseforge,2026-10-03T01:29:03.927Z,m-curseforge-fan-game-recommendation,/minecraft/worlds/five-nights-at-freddy-custom-game/gallery
dd6668bd754d46de,tiktok.com,tiktok,2026-10-02T23:08:38.435Z,m-tiktok-rust-rebuild-problem,/discover/nanojet-app-github
ddccd858ad797c6f,gamebanana.com,gamebanana,2026-10-02T22:58:19.411Z,m-gamebanana-fan-game-howto,/wips/82098
ddce6794165c615f,reddit.com,reddit,2026-10-02T22:54:07.300Z,m-reddit-learning-alternative,/r/aground/comments/96j38u/presenting_a_basic_modding_tutorial_hosted_html
dddf09a793b76f75,old.thunderstore.io,thunderstore,2026-10-03T00:32:32.093Z,m-thunderstore-mod-creation-alternative,/c/[handle]/p/nono_t27/KillCommand
ddf0d1f9c7f2f3ef,nexusmods.com,nexusmods,2026-10-02T22:56:20.016Z,m-nexusmods-learning-alternative,/fallout3/mods/20153
de273ab332c3811f,news.ycombinator.com,hackernews,2026-10-02T23:13:06.157Z,m-hackernews-learning-recommendation,/item
de6ea4420b36bb4a,news.ycombinator.com,hackernews,2026-10-03T00:11:15.293Z,m-hackernews-mod-creation-recommendation,/item
de967bb7dc0439d0,steamcommunity.com,steam,2026-10-02T23:02:44.970Z,m-steam-fan-game-problem,/discussions/forum/7/458607518212476952
dea836e88cbd0f97,stackoverflow.blog,other,2026-10-02T23:24:00.148Z,d-H2-3,/2021/10/26/podcast-387-the-first-ten-years-of-our-programming-lives
deaeb9339b40f5d2,gamebanana.com,gamebanana,2026-10-02T22:57:46.333Z,m-gamebanana-mod-install-howto,/tuts/14574
decddcef74543fe7,forums.bohemia.net,other,2026-10-02T23:15:33.120Z,d-H3-3,/forums/topic/160711-mods-wont-load-from-a-save-game
ded7cf4a2260c72e,reddit.com,reddit,2026-10-03T01:22:51.697Z,m-reddit-pc-port-request,/r/ps5skyrimmods/comments/1wiaslq/port_request
deec27d42a23b432,forums.nexusmods.com,nexusmods,2026-10-02T22:56:26.562Z,m-nexusmods-community-request,/topic/13527108-helldivers-ii-mod-request
def222fa43def712,mod.io,modio,2026-10-02T23:00:32.765Z,m-modio-learning-howto,/u/[handle]
df1a114be53a0d47,news.ycombinator.com,hackernews,2026-10-02T23:12:17.492Z,m-hackernews-mod-creation-alternative,/item
df2ceeee04ec1249,disboard.org,discord,2026-10-03T00:09:13.017Z,m-discord-community-recommendation,/servers/tag/hotline-miami
df4f0e60c40a04fd,moddb.com,moddb,2026-10-03T00:10:30.766Z,m-moddb-mod-creation-request,/members/[handle]
df59872217e3c60c,linkedin.com,other,2026-10-02T23:19:01.217Z,d-H11-2,/posts/jvngyn_once-in-a-blue-moon-i-get-asked-why-i-use-activity-7473420962139369472-AL1E
df7bbdf7e51df12e,gbatemp.net,gbatemp,2026-10-03T00:12:24.102Z,m-gbatemp-mod-install-recommendation,/threads/monster-hunter-rise-pc-mods-on-switch.606350/page-2
df9ba7dba8b29c4c,nintendo.fandom.com,fandom,2026-10-02T22:51:05.600Z,m-fandom-decomp-howto;m-fandom-decomp-request,/wiki/List_of_homebrew/decompilation_games
dfa63dedcadb243d,itch.io,itchio,2026-10-02T23:03:26.033Z,m-itchio-mod-install-howto,/t/5998875/how-do-i-install-mods
dfb28e2a2142b1ff,help.twitch.tv,twitch,2026-10-02T23:09:32.462Z,m-twitch-mod-creation-problem,/[handle]/article/moderation-analytics
dfb30fcd4217e0da,disboard.org,discord,2026-10-02T22:50:13.211Z,m-discord-pc-port-problem,/servers/tag/sonic.exe
dfb92901d486b9bd,github.com,github,2026-10-02T23:11:22.657Z,m-github-decomp-problem,/[handle]/ghidra/issues/9217
dfbe956b966c8ad5,resetera.com,resetera,2026-10-02T22:52:16.269Z,m-resetera-fan-game-problem,/threads/recommend-me-some-fan-games.974850
dfd5b9a54c3e7994,mod.io,modio,2026-10-03T00:18:43.353Z,m-modio-mod-tools-alternative,/g/drg/m/health-number
dfd79cb15654f85d,reddit.com,reddit,2026-10-03T01:01:08.724Z,m-reddit-fan-game-howto,/r/gamedev/comments/18o2xc3/read_this_before_making_any_fan_game
dfe763cd3a17fba2,moddb.com,moddb,2026-10-02T22:56:48.496Z,m-moddb-mod-creation-howto,/features/the-legalities-of-modding
dff2c57f8989c1d8,fcoc-vs-battles.fandom.com,fandom,2026-10-02T22:51:01.457Z,m-fandom-pc-port-problem,/wiki/Broly_(Mario_%2785_PC_Port_FanGame)
dff6ee5db2835fe2,help.twitch.tv,twitch,2026-10-02T23:10:20.258Z,m-twitch-community-request,/[handle]/article/chat-commands
dfff1583e86f890f,arno.uvt.nl,other,2026-10-02T23:14:52.595Z,d-H1-3,/show.cgi
dfff2649d9460fe6,tiktok.com,tiktok,2026-10-02T23:08:20.321Z,m-tiktok-mod-creation-alternative,/discover/how-to-play-with-little-miss-drama-mod
e010a0ce01f0a855,youtube.com,youtube,2026-10-03T01:27:58.412Z,m-youtube-fan-game-alternative,/watch
e01fb43cb78779ed,freddy-fazbears-pizza.fandom.com,fandom,2026-10-02T22:51:13.434Z,m-fandom-fan-game-request,/f/p/3314560714932322185
e030b45dca298f83,x.com,x,2026-10-02T22:54:11.354Z,m-x-mod-install-alternative,/[handle]
e09bfa2ed7d6ca64,tiktok.com,tiktok,2026-10-02T23:08:38.435Z,m-tiktok-rust-rebuild-problem,/discover/what-is-the-best-editing-software-on-mobile
e0b0b7f14b6d06ee,blog.curseforge.com,curseforge,2026-10-03T01:02:10.329Z,m-curseforge-mod-install-recommendation,/how-to-install-mods-for-windrose-the-easiest-way
e0e5d67df90235b4,github.com,github,2026-10-02T23:11:45.671Z,m-github-ip-revival-request,/[handle]/datasets/blob/master/Most-Expensive-Things/Videogames.csv
e14a340b2d5e6ad4,facebook.com,other,2026-10-02T23:16:57.568Z,d-H8-2,/NerdZap/posts/would-you-rather-run-the-jak-trilogy-natively-through-opengoal-or-stick-with-pcs/122246987702472571
e15ad35b7e4d8556,shop.github.com,github,2026-10-02T23:11:14.721Z,m-github-community-howto;m-github-learning-problem;m-github-mod-tools-recommendation;m-github-pc-port-recommendation;m-github-rust-rebuild-request,/
e19281ef1f40e36c,disboard.org,discord,2026-10-02T22:50:25.822Z,m-discord-fan-game-request,/servers/tag/artist
e196c910fa4473a3,resetera.com,resetera,2026-10-02T22:52:38.427Z,m-resetera-community-howto;m-resetera-community-recommendation,/threads/hatsune-miku-project-diva-mega-mix-is-out-on-steam-39-39.587738/page-2
e19b2aeba448d9cf,gamebanana.com,gamebanana,2026-10-02T23:05:04.156Z,m-gamebanana-mod-tools-request,/tools/15177
e19f95f5fa718657,youtube.com,youtube,2026-10-03T01:27:58.412Z,m-youtube-fan-game-alternative,/watch
e1f0ed9860738f34,gbatemp.net,gbatemp,2026-10-03T00:12:24.102Z,m-gbatemp-mod-install-recommendation,/threads/how-do-i-install-mods-on-hardware-itself.669312
e22ecdd88c97b5d1,curseforge.com,curseforge,2026-10-02T22:58:49.898Z,m-curseforge-mod-install-alternative,/minecraft/mc-mods/easy-npc
e232a064d69b92c6,focumentation.fandom.com,fandom,2026-10-02T22:54:39.697Z,m-fandom-mod-tools-problem,/wiki/Modding_tools_path_problem
e272bb5fbf293847,resetera.com,resetera,2026-10-02T22:54:46.030Z,m-resetera-pc-port-alternative,/threads/if-dreams-was-available-on-pc-with-keyboard-and-mouse-game-exportation-would-it-attractive-offering-for-indie-game-makers.815388
e290d4974f7472cb,gamebanana.com,gamebanana,2026-10-02T23:05:04.156Z,m-gamebanana-mod-tools-request,/tools/9929
e2b518369cbf481d,forums.nexusmods.com,nexusmods,2026-10-03T00:54:24.894Z,m-nexusmods-mod-creation-alternative,/topic/13508106-making-a-mod-i-didnt-know-what-topic-to-choose-sorry-if-this-is-the-wrong-one
e2eab9fa346d671c,moddb.com,moddb,2026-10-02T22:57:36.849Z,m-moddb-community-recommendation,/mods/minion-mod
e321799df9c3fd6c,discuss.dev.twitch.tv,twitch,2026-10-02T23:09:32.462Z,m-twitch-mod-creation-problem,/[handle]/group-chat-anyone-use-this/1112
e3232949992bce9a,twitch.tv,twitch,2026-10-02T23:10:08.324Z,m-twitch-mod-tools-howto,/videos/399193141
e34717a3dbb91f0c,youtube.com,youtube,2026-10-03T01:02:39.939Z,m-youtube-pc-port-recommendation,/watch
e35007a7d38e6031,tiktok.com,tiktok,2026-10-03T00:13:09.566Z,m-tiktok-mod-creation-recommendation,/@[handle]/video/7455281406248291585
e35928e54dd1fce6,creepypasta-fanon.fandom.com,fandom,2026-10-02T22:54:31.097Z,m-fandom-rust-rebuild-alternative,/wiki/Sesame_Street:_The_Evil_Muppets_(The_Sesame_Street_Massacre_REWRITTEN)
e35fff905886129b,tiktok.com,tiktok,2026-10-02T23:08:29.683Z,m-tiktok-pc-port-request,/@[handle]/video/7688442476058758430
e383f6938ea393db,reddit.com,reddit,2026-10-02T22:48:46.744Z,m-reddit-community-request,/r/Fallout4ModsXB1
e39e1115967497d1,users.rust-lang.org,rustforum,2026-10-03T00:30:26.714Z,m-rustforum-community-recommendation,/t/is-it-possible-to-disable-emojis-in-post-titles/59858
e3af990861120510,news.ycombinator.com,hackernews,2026-10-02T23:13:06.157Z,m-hackernews-learning-recommendation,/item
e3b8dfe14d158e9b,curseforge.com,curseforge,2026-10-02T23:05:30.514Z,m-curseforge-community-howto,/
e3deb01671f61f1e,news.ycombinator.com,hackernews,2026-10-03T00:59:10.149Z,m-hackernews-rust-rebuild-alternative,/item
e3f1faf5615d3203,get.thunderstore.io,thunderstore,2026-10-02T23:01:18.658Z,m-thunderstore-mod-install-recommendation,/
e40e59d6b3c12156,steamcommunity.com,steam,2026-10-02T23:06:05.333Z,m-steam-mod-creation-howto,/app/3858700
e4120f1c4896b323,resetera.com,resetera,2026-10-02T22:52:27.259Z,m-resetera-mod-tools-alternative,/threads/what-do-you-want-from-the-elder-scrolls-vi.164008/page-9
e416d4cdfbb69961,moddb.com,moddb,2026-10-03T00:10:30.766Z,m-moddb-mod-creation-request,/members/[handle]/blogs
e41d9960a106235e,youtube.com,youtube,2026-10-03T00:28:46.928Z,m-youtube-mod-creation-request,/watch
e41e4e431f5d4236,nexusmods.com,nexusmods,2026-10-03T01:20:40.700Z,m-nexusmods-pc-port-request,/bladeandsorcery/mods/7960
e46cfed77215e28d,resetera.com,resetera,2026-10-03T00:59:56.620Z,m-resetera-mod-install-alternative,/threads/starfield-ot-ground-control-to-major-todd.758722
e48059fe09af3b78,steamcommunity.com,steam,2026-10-03T00:17:52.155Z,m-steam-community-howto,/app/2277560/discussions/0/544488820845908626
e4889a7ca2f043d8,steamcommunity.com,steam,2026-10-02T23:03:05.268Z,m-steam-community-recommendation,/groups/ff-modding/announcements
e490482139e7fee6,ultimatepopculture.fandom.com,fandom,2026-10-03T01:16:04.593Z,m-fandom-mod-tools-alternative,/wiki/Mod_(video_gaming)
e4926d62fc8d396e,gbatemp.net,gbatemp,2026-10-02T22:53:07.100Z,m-gbatemp-rust-rebuild-howto,/threads/official-switch-lan-play.520912/page-12
e4c5a58fe4907a40,resetera.com,resetera,2026-10-02T22:51:40.209Z,m-resetera-mod-install-problem,/threads/fallout-the-frontier-mod-is-a-new-fallout-game-releasing-on-january-15th-voiced-dialogues-multiple-major-questlines-comparable-to-fo3-and-nv.350995/page-2
e4f14a97cc2a1e5b,youtube.com,youtube,2026-10-02T23:16:48.158Z,d-H7-3,/watch
e4f629750d29722e,tiktok.com,tiktok,2026-10-03T01:20:33.146Z,m-tiktok-ip-revival-recommendation,/@[handle]/photo/7660934180674489614
e50258c3c4fefaa5,mod.io,modio,2026-10-02T23:00:32.765Z,m-modio-learning-howto,/g/baldursgate3/r
e523625441581ee7,resetera.com,resetera,2026-10-03T01:12:48.016Z,m-resetera-fan-game-alternative,/threads/castlevania-revamped-fuses-classicvania-with-metroidvania-fan-game.903159
e52daae0aa0ad351,youtube.com,youtube,2026-10-03T01:02:39.939Z,m-youtube-pc-port-recommendation,/watch
e5340e5dec3b31df,gamebanana.com,gamebanana,2026-10-03T00:43:46.459Z,m-gamebanana-learning-howto,/collections/194138
e53da9affb00184a,safety.twitch.tv,twitch,2026-10-02T23:10:20.258Z,m-twitch-community-request,/[handle]/article/Guide-for-Moderators
e54c2d33da829360,resetera.com,resetera,2026-10-02T22:52:44.842Z,m-resetera-legal-problem,/threads/how-are-etsy-sellers-able-to-get-away-with-selling-products-with-licensed-characters.49957
e558bc9e3dbd745e,resetera.com,resetera,2026-10-03T00:59:56.620Z,m-resetera-mod-install-alternative,/threads/final-fantasy-7s-modding-community-strikes-again-new-beta-16-9-widescreen-feature-for-battle-world-and-select-field-screens.617280/page-2
e5831c69e0af3519,five-nights-at-chuck-the-cheetahs.fandom.com,fandom,2026-10-02T22:51:13.434Z,m-fandom-fan-game-request,/f/p/4400000000000000160
e5845caed6a51e57,disboard.org,discord,2026-10-03T01:20:57.824Z,m-discord-mod-tools-alternative,/servers/tag/modding+
e5c626b7df6b16a6,disboard.org,discord,2026-10-02T22:50:25.822Z,m-discord-fan-game-request,/servers/tag/have-fun
e5da0e14d5c64343,x.com,x,2026-10-03T01:17:59.097Z,m-x-learning-alternative,/[handle]
e5e1849088b5b6da,disboard.org,discord,2026-10-02T22:50:03.620Z,m-discord-mod-install-request,/tr/servers/tag/obs
e5f74d05d3eae97d,docs.mod.io,modio,2026-10-03T01:27:40.983Z,m-modio-legal-problem,/terms
e605fd34f38a17b5,appeals.twitch.tv,twitch,2026-10-02T23:10:24.533Z,m-twitch-legal-recommendation;m-twitch-pc-port-request,/
e60eee4290645c2d,gamebanana.com,gamebanana,2026-10-02T22:57:46.333Z,m-gamebanana-mod-install-howto,/questions/82104
e61d4ed7a6be9ca4,twitch.tv,twitch,2026-10-03T00:10:58.137Z,m-twitch-learning-recommendation,/[handle]/clip/EnjoyableStormyDiamondKeepo-HZ_OE5yizBGQ0uQ8
e6bdc95199d09684,moddb.com,moddb,2026-10-03T01:20:10.755Z,m-moddb-legal-alternative,/games/zeq2lite/news/zeq-ii-lite-public-beta-1
e6cc10e41f7fec8d,news.ycombinator.com,hackernews,2026-10-02T23:12:28.548Z,m-hackernews-decomp-recommendation,/item
e6e1336d18637383,dictionary.cambridge.org,other,2026-10-02T23:16:38.682Z,d-H7-1,/dictionary/english/cease
e6f0aca5eb019f65,gamebanana.com,gamebanana,2026-10-02T23:04:58.074Z,m-gamebanana-decomp-howto;m-gamebanana-decomp-recommendation,/tuts/14066
e6f92ab93a8bea60,espn.com,other,2026-10-02T23:16:38.682Z,d-H7-1,/mlb/player/_/id/[handle]/dylan-cease
e736dfc7baf38d8e,tiktok.com,tiktok,2026-10-03T01:17:19.035Z,m-tiktok-pc-port-problem,/@[handle]/video/7484599919936998702
e7373d32fc512b7f,moddb.com,moddb,2026-10-03T01:20:10.755Z,m-moddb-legal-alternative,/mods/black-mesa-hazard-course/news/on-freeman-chronicles-blatant-copyright-infringement-and-some-other-stuff
e73d61dfa40cd1c8,steamcommunity.com,steam,2026-10-02T23:02:27.328Z,m-steam-pc-port-alternative,/app/265550/discussions/0/405694115215987046
e740924c8825b10b,twitch.tv,twitch,2026-10-02T23:09:39.895Z,m-twitch-pc-port-howto,/directory/category/sonic-pc-port-remake
e77e7a4977bed31b,x.com,x,2026-10-02T22:49:54.739Z,m-x-community-howto,/[handle]/status/2086820644759404978
e789a4b9db3e4013,starwars.fandom.com,fandom,2026-10-02T22:51:17.832Z,m-fandom-ip-revival-recommendation,/f/p/3343172654596121660/r/3344233352134870277
e7f06e4a178f18cc,gbatemp.net,gbatemp,2026-10-02T22:53:13.853Z,m-gbatemp-fan-game-alternative,/threads/sonic-after-the-sequel-sega-should-be-ashamed.374229
e811330f7528b028,github.com,github,2026-10-03T00:35:40.008Z,m-github-pc-port-howto,/[handle]/SF-pc-port
e83c3822fb921ed6,reddit.com,reddit,2026-10-03T01:21:40.300Z,m-reddit-rust-rebuild-problem,/r/rust/comments/14vp1vz/what_are_you_rewriting_in_rust
e86128db9ab6f192,news.ycombinator.com,hackernews,2026-10-02T23:13:06.157Z,m-hackernews-learning-recommendation,/item
e8c471bd8f0a38b9,gamebanana.com,gamebanana,2026-10-02T23:04:58.074Z,m-gamebanana-decomp-howto;m-gamebanana-decomp-recommendation,/tuts/16684
e8e475884196c141,gbatemp.net,gbatemp,2026-10-02T22:54:50.331Z,m-gbatemp-mod-creation-request,/threads/anyone-i-can-commission-to-create-mario-maker-2-mods.659883
e94a5ad92f4fe3ee,x.com,x,2026-10-02T22:49:05.696Z,m-x-mod-creation-request,/[handle]/status/1850833838030663915
e961f8987e304bd8,listofdeaths.fandom.com,fandom,2026-10-02T22:51:17.832Z,m-fandom-ip-revival-recommendation,/wiki/Living_Dead_(Franchise)
e970eb502c516fc0,resetera.com,resetera,2026-10-03T00:43:07.412Z,m-resetera-decomp-problem,/threads/perfect-dark-has-been-fully-decompiled.644277/page-2
e999750e00f83e66,news.ycombinator.com,hackernews,2026-10-03T00:15:39.781Z,m-hackernews-fan-game-request;m-hackernews-pc-port-problem,/item
e9c485ee637caefe,gamebanana.com,gamebanana,2026-10-02T22:58:37.019Z,m-gamebanana-learning-recommendation,/tuts/16266
e9e6a7adf3e460ce,nexusmods.com,nexusmods,2026-10-03T00:16:18.856Z,m-nexusmods-fan-game-howto,/swammysattackontitanfangame/news/15552
ea0c8bcab9b93b4a,resetera.com,resetera,2026-10-02T22:52:07.709Z,m-resetera-decomp-request,/forums/gaming-forum.7/page-5789
ea0c94b495da31a0,thunderstore.io,thunderstore,2026-10-02T23:19:06.701Z,d-H11-3,/c/[handle]/p/ebkr/r2modman
ea122200afced883,news.ycombinator.com,hackernews,2026-10-03T00:15:39.781Z,m-hackernews-fan-game-request,/best
ea413a1adfb0304b,baseball-reference.com,other,2026-10-02T23:16:38.682Z,d-H7-1,/players/c/[handle]
ea8714fe39d50efe,help.twitch.tv,twitch,2026-10-02T23:10:20.258Z,m-twitch-community-request,/[handle]/article/about-bans-blocking-and-suspensions
ea8e28e2cb17507f,disboard.org,discord,2026-10-02T22:50:29.636Z,m-discord-ip-revival-recommendation,/servers/tag/red-dead-online
ea952f79450dbbef,gbatemp.net,gbatemp,2026-10-03T00:41:59.434Z,m-gbatemp-fan-game-recommendation,/threads/bubsy-rush-my-unfinished-bubsy-fan-game-from-2012-2013.444300
eaa03baf9e1d4213,gamebanana.com,gamebanana,2026-10-02T23:04:58.074Z,m-gamebanana-decomp-recommendation,/tuts/18989
eaadb2fe6b5cbd46,curseforge.com,curseforge,2026-10-02T22:59:39.574Z,m-curseforge-learning-problem,/minecraft/mc-mods/when-dungeons-arise-fabric
eab04c0789247d99,resetera.com,resetera,2026-10-02T23:17:47.399Z,d-H9-3,/threads/gamedev-era-what-do-you-think-will-be-the-most-relevant-programming-language-in-the-next-3%E2%80%935-years-for-a-small-hobbyist-dev.570718
eadafb64a57a4c7c,tiktok.com,tiktok,2026-10-03T00:59:33.868Z,m-tiktok-rust-rebuild-alternative,/discover/%EC%BA%A3%EC%BB%B5-%EB%8C%80%EC%8B%A0-%ED%95%BC%EC%88%98%EC%9E%88%EB%8A%94-%EC%95%B1
eae155443ebcaa09,nexusmods.com,nexusmods,2026-10-03T01:28:26.735Z,m-nexusmods-community-problem,/marvelrivals/images/5
eae9d950d200d973,modthesims.info,other,2026-10-02T23:16:11.627Z,d-H5-3,/showthread.php
eb1709c63318401e,facebook.com,other,2026-10-02T23:15:33.120Z,d-H3-3,/groups/7daystodie/posts/6346985118756899
eb31c61a056d5777,reddit.com,reddit,2026-10-03T00:59:03.821Z,m-reddit-decomp-recommendation,/r/SteamDeck/comments/196n9hk/pc_ports_decompilations_remakes_demakes_fan_games
eb3545b021ad03b2,twitch.tv,twitch,2026-10-02T23:09:39.895Z,m-twitch-pc-port-howto,/directory/category/sonic-pc-port-remake
eb54d9a3e37927e6,steamcommunity.com,steam,2026-10-02T23:06:08.873Z,m-steam-mod-tools-alternative,/app/574160/discussions/0/4625855867810486277
eb86771a509e9bd0,moddb.com,moddb,2026-10-03T00:10:30.766Z,m-moddb-mod-creation-request,/mods/xrrazom-stalker-anomaly-co-op/news/xrrazom-v13-mods-support
eba0627c7c3f1e7a,reddit.com,reddit,2026-10-03T01:21:40.300Z,m-reddit-rust-rebuild-problem,/r/ProgrammerHumor/comments/18pcgsj/rewritefromfust
eba4a8f9ac604b6d,x.com,x,2026-10-02T22:49:28.971Z,m-x-rust-rebuild-howto,/[handle]/status/2104641261877571718
ebb717cc6166c36e,evildead.fandom.com,fandom,2026-10-02T22:51:17.832Z,m-fandom-ip-revival-recommendation,/wiki/Movies_Timeline_and_Canon
ebc384a0bbdd6638,youtube.com,youtube,2026-10-02T23:07:34.056Z,m-youtube-ip-revival-howto,/shorts/hWpFvw5M-74
ebc8780cc297d7e0,forums.nexusmods.com,nexusmods,2026-10-03T00:54:24.894Z,m-nexusmods-mod-creation-alternative,/topic/3599305-alternitive-start-mod
ebd664bbcec1b159,nexusmods.com,nexusmods,2026-10-03T00:16:18.856Z,m-nexusmods-fan-game-howto,/swammysattackontitanfangame/mods/topalltime
ebdb6fd57bf0a90b,news.ycombinator.com,hackernews,2026-10-02T23:19:12.358Z,d-H12-1,/item
ebe572666e85b4a7,gamebanana.com,gamebanana,2026-10-02T23:04:58.074Z,m-gamebanana-decomp-howto;m-gamebanana-decomp-recommendation,/tuts/15254
ec3930bcb20f53bb,forums.nexusmods.com,nexusmods,2026-10-03T00:28:59.305Z,m-nexusmods-legal-howto,/topic/859348-skyrim-middle-earth-role-playing-project-needs-help
ec4e943d86d205c7,mixels.fandom.com,fandom,2026-10-02T22:51:05.600Z,m-fandom-decomp-howto,/wiki/User_blog:Benseghir07
ec59da932e14f64c,gamebanana.com,gamebanana,2026-10-03T00:56:53.756Z,m-gamebanana-pc-port-problem,/tools/20868
ec623ab775914775,tiktok.com,tiktok,2026-10-03T00:13:09.566Z,m-tiktok-mod-creation-recommendation,/@[handle]/video/7678317637104979220
ec7b26ac3a5a8ad6,disboard.org,discord,2026-10-02T22:50:25.822Z,m-discord-fan-game-request,/servers/tag/trending
ece328a9153fd14b,forums.nexusmods.com,nexusmods,2026-10-02T22:55:55.432Z,m-nexusmods-decomp-alternative,/topic/774227-dawnguard-scripts-wont-compile
ece857abc42ce8b2,resetera.com,resetera,2026-10-02T22:52:44.842Z,m-resetera-legal-problem,/threads/kickstarted-dragon-survival-game-wracked-with-drama-horrible-pr-and-lies-dev-is-hardcode-banning-critics-from-playing-the-game.159549
ecf208fecb1ed6dd,youtube.com,youtube,2026-10-03T01:04:50.227Z,m-youtube-community-howto,/shorts/qEP0hmxlRGA
ed008bcad007d719,gamebanana.com,gamebanana,2026-10-03T01:22:41.843Z,m-gamebanana-fan-game-request,/requests/69708
ed162e0621ad01a2,github.com,github,2026-10-02T23:21:21.988Z,m-github-mod-install-alternative,/[handle]/how-to-install-mods-in-the-sims4-on-pc
ed62ea3020590085,help.twitch.tv,twitch,2026-10-03T01:23:09.256Z,m-twitch-pc-port-request,/[handle]/article/dual-format-vertical-video
ed68127d554ce337,blog.curseforge.com,curseforge,2026-10-02T22:58:49.898Z,m-curseforge-mod-install-alternative,/top-minecraft-world-generation-mods
ed6b2ced3dedb790,news.ycombinator.com,hackernews,2026-10-02T23:13:20.016Z,m-hackernews-legal-howto,/item
eda7c0f50b276e37,facebook.com,other,2026-10-02T23:19:12.358Z,d-H12-1,/groups/608473926761307/posts/1812548713020483
edd03e2fedf511ed,reddit.com,reddit,2026-10-02T22:48:05.416Z,m-reddit-mod-creation-problem,/r/skyrimmods/comments/1bp78b4/problems_you_face_with_modding
edec5fdd197736ee,itch.io,itchio,2026-10-02T23:03:26.033Z,m-itchio-mod-install-howto,/t/2489038/manual-for-creating-and-loading-game-mods
ee013f3df3dc0d0a,twitch.tv,twitch,2026-10-02T23:20:56.928Z,m-twitch-fan-game-recommendation,/[handle]/clip/CleverCrepuscularSrirachaTBTacoLeft-SEePCTAjCip2l0zq
ee089c6ff44a590c,resetera.com,resetera,2026-10-03T01:12:48.016Z,m-resetera-fan-game-alternative,/threads/recomend-me-free-games-for-pc.120364/page-2
ee1262fa36f2114b,disboard.org,discord,2026-10-03T01:06:13.587Z,m-discord-ip-revival-howto,/servers/tag/red-dead-online
ee12fddbbb5e2a69,steamcommunity.com,steam,2026-10-02T23:03:00.788Z,m-steam-learning-request,/app/1538570/discussions/5/3040479910552252375
ee28a1b587ccd3ec,reddit.com,reddit,2026-10-02T22:48:12.783Z,m-reddit-pc-port-howto,/r/n64/comments/1lize68/all_n64_pc_ports_out_or_in_development
ee59be929535df52,mod.io,modio,2026-10-02T23:00:28.614Z,m-modio-mod-tools-problem,/g/drg/m/no-more-dollar-store-flashlights-3x
ee71827534e3cf8b,x.com,x,2026-10-03T01:26:25.063Z,m-x-mod-install-recommendation,/[handle]/status/2096036932270916029
ee8e2f7fc420ce34,moddb.com,moddb,2026-10-02T22:56:57.288Z,m-moddb-pc-port-alternative,/games/carnivores-2/addons
ee96f84a1563e19e,[handle].itch.io,itchio,2026-10-03T01:29:20.682Z,m-itchio-mod-creation-recommendation,/sprunkfynnova/comments
eeade6bcd5539f1b,quora.com,other,2026-10-02T23:17:47.399Z,d-H9-3,/What-programming-language-were-the-games-from-the-PS1-and-N64-era-written-in
eeb3804ca7019f2f,youtube.com,youtube,2026-10-03T01:27:58.412Z,m-youtube-fan-game-alternative,/shorts/qShr_vzxI6g
ef99eed9863d7e00,old.thunderstore.io,thunderstore,2026-10-02T23:06:01.654Z,m-thunderstore-mod-tools-howto,/c/[handle]/p/arcrine/dawgpack
efa76157cc8f3f45,reddit.com,reddit,2026-10-02T22:48:21.137Z,m-reddit-rust-rebuild-request,/r/programming/comments/x4j3xz/arti_v100_released_rewrite_of_tor_client_in_rust
efb1bab4346c9428,youtube.com,youtube,2026-10-02T23:07:23.943Z,m-youtube-rust-rebuild-recommendation,/watch
efb89403161bdb3e,tiktok.com,tiktok,2026-10-02T23:08:38.435Z,m-tiktok-rust-rebuild-problem,/discover/appli-comme-capcut-gratuit
efc0bc937648d57a,mod.io,modio,2026-10-02T23:00:32.765Z,m-modio-learning-howto,/g/gorillagame/u/[handle]/r
f006656beb91875a,reddit.com,reddit,2026-10-02T22:48:27.160Z,m-reddit-fan-game-recommendation,/r/Fanganronpa/comments/1ngj1vo/fan_game_recommendations
f007a2484daf84ac,gamebanana.com,gamebanana,2026-10-03T00:56:53.756Z,m-gamebanana-pc-port-problem,/requests/80562
f011186eee52c169,curseforge.com,curseforge,2026-10-03T01:29:03.927Z,m-curseforge-fan-game-recommendation,/minecraft/worlds/five-nights-at-freddy-custom-game
f01806399d3f5e70,steamcommunity.com,steam,2026-10-03T00:12:53.192Z,m-steam-decomp-problem,/app/1840/discussions/0/2906376154330765195
f0741a335b61e083,moddb.com,moddb,2026-10-03T01:20:10.755Z,m-moddb-legal-alternative,/news/rockstar-games-acquires-fivem-redm-creators-cfxre
f0871a668e2f4fe3,nexusmods.com,nexusmods,2026-10-02T23:18:50.369Z,d-H10-3,/readyornot/mods/3245
f08a34d509e7b839,moddb.com,moddb,2026-10-03T00:31:28.842Z,m-moddb-mod-install-alternative,/mods/eydis-synthesis-ten-hero-pvp-mod
f0c8573d9a8e4dad,blog.curseforge.com,curseforge,2026-10-03T01:02:10.329Z,m-curseforge-mod-install-recommendation,/best-subnautica-2-mods-you-should-install-first
f0de9e4c6fb594d3,news.ycombinator.com,hackernews,2026-10-03T01:00:23.231Z,m-hackernews-mod-tools-problem,/item
f0fd4448f75c1ea6,twitch.tv,twitch,2026-10-02T23:09:39.895Z,m-twitch-pc-port-howto,/[handle]/clip/FriendlyHorribleFlamingoBrainSlug-u9I3-bt7oD9RmwSX
f105dc70fe6776e3,disboard.org,discord,2026-10-03T00:09:13.017Z,m-discord-community-recommendation,/ar/servers/tag/gorilla-tag
f11053c8b8f8e921,steamcommunity.com,steam,2026-10-03T00:17:52.155Z,m-steam-community-howto,/app/1091500/discussions/0/4477106086835733055
f11831ac6a14368b,gamebanana.com,gamebanana,2026-10-03T00:43:46.459Z,m-gamebanana-learning-howto,/questions/58029
f119dc7f8232f352,news.ycombinator.com,hackernews,2026-10-02T23:21:53.667Z,m-hackernews-pc-port-request,/item
f12a2f71614a1714,trustpilot.com,other,2026-10-02T23:18:56.014Z,d-H11-1,/review/www.curseforge.com
f133ffa6da2af391,nexusmods.com,nexusmods,2026-10-03T01:28:26.735Z,m-nexusmods-community-problem,/schedule1/mods/1153
f163d2cab092a775,mod.io,modio,2026-10-02T23:00:23.798Z,m-modio-ip-revival-recommendation,/g/bonelab
f18ff49db88b7518,github.com,github,2026-10-02T23:21:31.599Z,m-github-mod-creation-request,/orgs/[handle]/discussions/1753
f1cbd8e6159070c5,discussions.unity.com,other,2026-10-02T23:15:42.096Z,d-H4-1,/t/i-have-no-ideas-at-all/486503
f1d768d1eef4a2ef,moddb.com,moddb,2026-10-02T22:57:31.946Z,m-moddb-learning-request,/games/battlefield-2/addons/farewell-mk18
f203a539877060ea,steamcommunity.com,steam,2026-10-02T23:02:39.453Z,m-steam-rust-rebuild-howto;m-steam-rust-rebuild-recommendation,/app/1030300/discussions/0/595159120097901578
f21c3a6637e121f1,disboard.org,discord,2026-10-03T00:09:13.017Z,m-discord-community-recommendation,/servers/tag/gorilla-tag
f222382af4fc76c6,reddit.com,reddit,2026-10-02T22:48:16.567Z,m-reddit-decomp-alternative,/r/ClaudeWorkflows/comments/1uyf08o/workflow_ai_dev_brain_kit_a_cli_for_preserving
f22bdb372f0399eb,github.com,github,2026-10-02T23:12:02.236Z,m-github-community-howto,/[handle]
f259085a19f5bd3b,steamcommunity.com,steam,2026-10-02T23:06:05.333Z,m-steam-mod-creation-howto,/app/202290
f2d83c05179cb4d9,blog.curseforge.com,curseforge,2026-10-02T22:59:34.093Z,m-curseforge-mod-tools-recommendation,/10-questions-with-vazkii
f2da1f281896d8d6,tiktok.com,tiktok,2026-10-02T23:08:46.245Z,m-tiktok-ip-revival-alternative;m-tiktok-ip-revival-recommendation,/@[handle]/video/7662514463509105933
f2f05c4d58649e3a,forums.nexusmods.com,nexusmods,2026-10-03T00:16:18.856Z,m-nexusmods-fan-game-howto,/topic/1854205-using-in-game-screenshots-in-a-fan-game
f307559808f63cea,old.thunderstore.io,thunderstore,2026-10-02T23:01:24.550Z,m-thunderstore-mod-creation-problem,/package/bbepis/BepInExPack/3.2.0
f345648e98143a94,steamcommunity.com,steam,2026-10-03T00:17:52.155Z,m-steam-community-howto,/app/3892270/discussions/0/587306992930261434
f3471aaeb0e8ba97,blog.curseforge.com,curseforge,2026-10-02T22:58:49.898Z,m-curseforge-mod-install-alternative,/best-minecraft-space-mods
f350d2d5a8d6568f,links.curseforge.com,curseforge,2026-10-02T22:58:54.428Z,m-curseforge-community-howto;m-curseforge-mod-creation-request,/curseforgeapp-t
f36b29ac07827580,reddit.com,reddit,2026-10-02T22:48:21.137Z,m-reddit-rust-rebuild-problem;m-reddit-rust-rebuild-request,/r/rust/comments/1oth13f/what_would_you_rewrite_in_rust_today_and_why
f374204672c6b9d6,reddit.com,reddit,2026-10-03T00:28:38.376Z,m-reddit-mod-install-howto,/r/BladeAndSorcery/comments/10vmzu8/anyone_know_a_extremely_simple_way_to_install
f37608fd625c9595,h3vr.fandom.com,fandom,2026-10-03T01:16:04.593Z,m-fandom-mod-tools-alternative,/wiki/H3VR_Studio
f38a88f2c13ae725,disboard.org,discord,2026-10-03T01:20:57.824Z,m-discord-mod-tools-alternative,/servers/tag/create-mod
f3985c355f4ba02a,github.com,github,2026-10-03T00:17:11.452Z,m-github-mod-install-recommendation,/[handle]/how-to-install-mods-in-peak
f3a081a36036815e,merriam-webster.com,other,2026-10-02T23:16:38.682Z,d-H7-1,/dictionary/cease
f3a1a7a022b30e5c,reddit.com,reddit,2026-10-02T22:54:07.300Z,m-reddit-learning-alternative,/r/factorio/comments/3lzd3t/modding_tutorial
f3b5db93208c4a46,link.twitch.tv,twitch,2026-10-02T23:10:24.533Z,m-twitch-legal-recommendation,/[handle]
f3cc02fd506be0d9,mod.io,modio,2026-10-03T00:48:15.462Z,m-modio-pc-port-alternative,/g/drg/m/ultimate-ratchet-and-clank-music-pack
f3f547a570dc2b62,moddb.com,moddb,2026-10-02T22:57:36.849Z,m-moddb-community-recommendation,/mods/statuseffects-mods-compilation
f3f8445f06632401,reddit.com,reddit,2026-10-03T01:22:51.697Z,m-reddit-pc-port-request,/r/halo/comments/1e0cmy9/pc_port_request_for_halo_5_guardians_on_343plz
f3f909b256511251,reddit.com,reddit,2026-10-03T00:28:38.376Z,m-reddit-mod-install-howto,/r/CitiesSkylines2/comments/1doelu1/how_to_install_mods_locallymanually_for_cities
f41c08262beb623d,resetera.com,resetera,2026-10-03T01:19:07.220Z,m-resetera-mod-creation-request,/threads/miyazaki-says-elden-ring%E2%80%99s-graphics-team-felt-%E2%80%98extra-pressure%E2%80%99-due-to-demon%E2%80%99s-souls-ps5.534086/page-4
f420c9c3a0bfbeed,pixarcars.fandom.com,fandom,2026-10-02T22:54:31.097Z,m-fandom-rust-rebuild-alternative,/wiki/More_Than_New_Paint
f43cce708e374976,resetera.com,resetera,2026-10-02T22:52:38.427Z,m-resetera-community-howto;m-resetera-community-recommendation,/threads/full-6dof-1-1-motion-tracking-metroid-prime-vr-mod-released-and-120-hz-capable-wow.1556305
f43e063bdfd636c3,resetera.com,resetera,2026-10-03T00:13:31.580Z,m-resetera-ip-revival-request,/threads/will-any-of-nintendos-dead-or-abandoned-franchises-get-revived-on-switch.31347/page-2
f44c1865fce82cb8,moddb.com,moddb,2026-10-02T22:56:48.496Z,m-moddb-mod-creation-howto,/mods/server-list-fix-mod/downloads/server-list-fix-mod-v-150-openspy-support
f45a3517c71cbbe0,generationamiga.com,other,2026-10-02T23:16:57.568Z,d-H8-2,/2026/07/21/pokemon-red-static-recompilation-brings-the-game-boy-classic-to-pc
f474aae07ece9224,reddit.com,reddit,2026-10-02T23:19:12.358Z,d-H12-1,/r/helldivers2/comments/1cycivt/pilestedt_wants_longer_lasting_content_what_are
f491587d05f9819e,x.com,x,2026-10-02T22:49:54.739Z,m-x-community-howto,/[handle]
f4ca738e251860ae,news.ycombinator.com,hackernews,2026-10-03T00:59:10.149Z,m-hackernews-rust-rebuild-alternative,/item
f52306479d963710,mod.io,modio,2026-10-02T22:59:59.285Z,m-modio-mod-creation-recommendation,/g/project-demigod/r/how-to-makeget-better-at-making-mods-for-pdg-made-by-hellobozo
f5284e4a8cf2edca,tiktok.com,tiktok,2026-10-02T23:08:29.683Z,m-tiktok-pc-port-request,/@[handle]/photo/7547233190100978962
f5518c0f2c0c2241,resetera.com,resetera,2026-10-03T00:59:56.620Z,m-resetera-mod-install-alternative,/threads/xbox-game-studios-bethesda-abk-ot35-doomscrolling.1182756/page-194
f55b0f4d1e948e54,gamebanana.com,gamebanana,2026-10-03T00:41:52.172Z,m-gamebanana-mod-creation-recommendation,/questions/110307
f564eb8798404a33,itch.io,itchio,2026-10-02T23:06:21.396Z,m-itchio-pc-port-request,/event/45824591
f57cac80da1d7955,reddit.com,reddit,2026-10-02T22:48:31.516Z,m-reddit-ip-revival-alternative;m-reddit-ip-revival-problem,/r/TwoBestFriendsPlay/comments/14sgqqy/dead_franchises_that_you_wish_would_have_a
f589fa61cb4d6927,facebook.com,other,2026-10-02T23:17:47.399Z,d-H9-3,/fb-answers/what-language-are-most-games-written-in
f58a144ae7b7efcc,resetera.com,resetera,2026-10-03T00:13:31.580Z,m-resetera-ip-revival-request,/threads/you-laughed-but-silent-hill-2s-remake-trailer-has-almost-6m-views-already.657778/page-5
f5a7d30fbd646bac,dev.twitch.tv,twitch,2026-10-03T01:23:09.256Z,m-twitch-pc-port-request,/[handle]
f5b69dc94ade49eb,[handle].itch.io,itchio,2026-10-03T01:29:20.682Z,m-itchio-mod-creation-recommendation,/scav-prototype/comments
f5bb5c6b474990d5,old.thunderstore.io,thunderstore,2026-10-02T23:05:49.611Z,m-thunderstore-pc-port-howto,/c/[handle]/p/Neocor/ValheimAdmin
f5be38690d35cc82,tiktok.com,tiktok,2026-10-03T00:17:59.445Z,m-tiktok-community-alternative,/discover/discord-alternatives-with-nitro-abilities
f5e74a6adfa04e50,steamcommunity.com,steam,2026-10-02T23:02:17.720Z,m-steam-mod-install-problem,/app/261550/discussions/0/694249825171998796
f5e8bf54ccc4ffc5,youtube.com,youtube,2026-10-03T00:28:46.928Z,m-youtube-mod-creation-request,/watch
f5ef605cf1c77b22,forums.nexusmods.com,nexusmods,2026-10-02T22:56:14.004Z,m-nexusmods-mod-tools-howto,/topic/13458092-i-want-to-get-started-quickly-with-modding-as-there-is-much-i-wanna-do
f5f90d2d5bfa5be4,angry-birds-modding.fandom.com,fandom,2026-10-02T22:51:30.918Z,m-fandom-community-alternative,/wiki/Tutorials/Decrypting_and_Encrypting_files
f602a015293602b4,news.ycombinator.com,hackernews,2026-10-03T00:11:15.293Z,m-hackernews-mod-creation-recommendation,/item
f60457f3cc1dfe75,reddit.com,reddit,2026-10-02T22:48:31.516Z,m-reddit-ip-revival-problem,/r/truegaming/comments/151zzf/whats_wrong_with_letting_a_franchise_die
f636b7775153f1e8,villainsfanon.fandom.com,fandom,2026-10-02T22:54:31.097Z,m-fandom-rust-rebuild-alternative,"/wiki/RUST_010_(Robloxia%27s_Most_Wanted,_slingmingo)"
f63d3169a1a0e4e0,news.ycombinator.com,hackernews,2026-10-02T23:12:28.548Z,m-hackernews-decomp-recommendation,/item
f653288557b58426,github.com,github,2026-10-02T23:21:21.988Z,m-github-mod-install-alternative,/[handle]/CalradiaForge
f66b442d06299c70,x.com,x,2026-10-02T22:54:11.354Z,m-x-mod-install-alternative,/[handle]/with_replies
f6923ffbf01a4ef2,x.com,x,2026-10-02T22:49:51.381Z,m-x-learning-alternative;m-x-learning-problem,/[handle]/with_replies
f6ac5b5e7b33e1d7,tiktok.com,tiktok,2026-10-03T01:20:33.146Z,m-tiktok-ip-revival-recommendation,/@[handle]/video/7662834247614352670
f6b1641909eba5db,tiktok.com,tiktok,2026-10-03T01:17:19.035Z,m-tiktok-pc-port-problem,/@[handle]/video/7086875903686429998
f6d3e3a45ea6d2d6,vulcan.curseforge.com,curseforge,2026-10-02T22:58:54.428Z,m-curseforge-community-howto;m-curseforge-mod-creation-request,/
f6d69883a8790683,news.ycombinator.com,hackernews,2026-10-02T23:12:17.492Z,m-hackernews-mod-creation-alternative;m-hackernews-mod-creation-recommendation,/item
f6e7d12806e79b86,reddit.com,reddit,2026-10-02T22:48:05.416Z,m-reddit-mod-creation-problem,/r/skyrimmods/comments/1scpn59/making_mods_is_miserable
f730dea7b9253d48,mod.io,modio,2026-10-02T22:59:53.621Z,m-modio-mod-install-request,/g/baldursgate3/r/modding-guidelines
f73128e611469ea6,resetera.com,resetera,2026-10-03T00:13:31.580Z,m-resetera-ip-revival-request,/threads/nintendo-direct-e3-2019-ot-redacted-by-request-of-nintendo%E2%80%99s-legal-team.122434/page-64
f73ba1a2e2361a9a,github.com,github,2026-10-02T23:21:31.599Z,m-github-mod-creation-request,/[handle]/launcher/issues/165
f740b2e9ec80e1a9,mod.io,modio,2026-10-02T22:59:59.285Z,m-modio-mod-creation-recommendation,/g/anno-1800/r/tutorial-2-making-new-specialists
f77abcc03167628b,disboard.org,discord,2026-10-02T22:50:08.726Z,m-discord-mod-creation-howto;m-discord-mod-creation-recommendation,/servers/tag/modding+
f78887e1ef9cde74,steamcommunity.com,steam,2026-10-02T23:06:08.873Z,m-steam-mod-tools-alternative,/sharedfiles/filedetails
f79a66d9a8c8655b,itch.io,itchio,2026-10-03T00:48:55.714Z,m-itchio-community-alternative,/profile/[handle]
f7ad75aba222252f,github.com,github,2026-10-03T01:22:18.279Z,m-github-mod-tools-howto,/[handle]/CM2Tools
f7b82d9066603097,gamebanana.com,gamebanana,2026-10-03T00:41:52.172Z,m-gamebanana-mod-creation-recommendation,/blogs/21225
f7cf594d606cc618,h3vr.fandom.com,fandom,2026-10-03T00:13:23.239Z,m-fandom-mod-install-problem,/wiki/Modding_in_H3VR
f7eb7caa39ca3efa,youtube.com,youtube,2026-10-03T01:02:39.939Z,m-youtube-pc-port-recommendation,/watch
f7ff3dd36caf402c,github.com,github,2026-10-02T23:11:40.531Z,m-github-fan-game-alternative,/[handle]/badtime-simulator-reimagined/blob/main/license.md
f81cb28bc524b832,curseforge.com,curseforge,2026-10-03T00:45:37.490Z,m-curseforge-legal-recommendation,/minecraft/modpacks/the-pog-dog-pack/license
f83ae2ec00aaa34e,x.com,x,2026-10-02T22:49:54.739Z,m-x-community-howto,/[handle]/status/1579279449362960385
f83c01c3bc9a60f1,those-nights-at-rachels.fandom.com,fandom,2026-10-02T22:51:05.600Z,m-fandom-decomp-howto,/wiki/Hacking_Guide
f840b80cf2289ccb,facebook.com,other,2026-10-02T23:24:07.292Z,d-H5-1,/CFMicroRepairs/videos/xbox-360-modding-is-easy/3997571037211301
f858715115cd858b,bendy.fandom.com,fandom,2026-10-03T00:34:37.098Z,m-fandom-fan-game-problem,/f/p/3100000000000000098
f86a91aa55de4b2a,curseforge.com,curseforge,2026-10-02T23:05:30.514Z,m-curseforge-community-howto,/wow/addons/gearscoretbcclassic
f8abad3c248e1717,moddb.com,moddb,2026-10-03T00:34:17.286Z,m-moddb-learning-problem,/tutorials/bf2bf2142-field-of-view-modding-tutorial
f8c3c31ab7daa1b7,steamcommunity.com,steam,2026-10-02T23:02:33.676Z,m-steam-decomp-request,/groups/CrowbarTool/discussions/1/3057364785114193156
f8ccf52ab25d4537,starblast.fandom.com,fandom,2026-10-03T00:42:47.444Z,m-fandom-learning-request,/wiki/Modding_Tutorial
f8eccbfcc9b3fe41,incredibox.fandom.com,fandom,2026-10-02T23:24:07.292Z,d-H5-1,/f/p/4400000000000275350
f9373bccac9fdd7b,github.com,github,2026-10-02T23:21:21.988Z,m-github-mod-install-alternative,/[handle]/neosvr-mod-manager
f959476192a9fef6,news.ycombinator.com,hackernews,2026-10-02T23:12:12.869Z,m-hackernews-mod-install-howto,/item
f9595e4a81931814,[handle].itch.io,itchio,2026-10-02T23:04:04.644Z,m-itchio-learning-howto;m-itchio-learning-recommendation,/demise-of-nations/devlog/1411164/update-149304-update-for-modding
f96407ee5889c123,gbatemp.net,gbatemp,2026-10-03T00:46:07.638Z,m-gbatemp-mod-creation-problem,/threads/help-diddy-kong-release-mod-for-mk8.500826/latest
f970c2cf794a0073,freddy-fazbears-pizza.fandom.com,fandom,2026-10-03T00:34:37.098Z,m-fandom-fan-game-problem,/wiki/User_blog:Memeologist/Problems_I_have_with_the_FNAF_community
f978c4ff69643d59,gamebanana.com,gamebanana,2026-10-02T22:58:46.173Z,m-gamebanana-legal-howto;m-gamebanana-legal-request,/mods/517360
f97e7f1d9068132a,[handle].itch.io,itchio,2026-10-02T23:03:32.825Z,m-itchio-mod-creation-alternative,/ero-hunters/comments
f980d6fb6e1bb84a,cbr.com,other,2026-10-02T23:16:48.158Z,d-H7-3,/movie-sequels-reboots-nobody-asked-for
f98689f58333af89,steamcommunity.com,steam,2026-10-03T00:26:33.023Z,m-steam-pc-port-recommendation,/discussions/forum/1/3183345176709102080
f98e978d78aaa56f,gamebanana.com,gamebanana,2026-10-02T22:57:57.244Z,m-gamebanana-pc-port-request,/requests/93252
f99319a5c789ef41,tiktok.com,tiktok,2026-10-02T23:08:20.321Z,m-tiktok-mod-creation-alternative,/discover/how-to-use-mod-coding
f9b0fbb2b075687d,moddb.com,moddb,2026-10-03T00:17:28.699Z,m-moddb-decomp-problem,/mods/endor-dlc-mod/addons/swtfu2-endor-dlc-wip
f9cc5818f61482d5,[handle].itch.io,itchio,2026-10-03T01:16:55.706Z,m-itchio-mod-install-request,/factorial-omega/community
fa03b3efd1bc9eac,gamebanana.com,gamebanana,2026-10-02T22:57:50.122Z,m-gamebanana-community-alternative;m-gamebanana-mod-creation-alternative,/questions/49118
fa08fc13262cf685,trove.fandom.com,fandom,2026-10-02T22:50:52.197Z,m-fandom-mod-install-request,/wiki/Trove_Wiki:Installing_Mods
fa0fee41b112f1de,thunderstore.io,thunderstore,2026-10-02T23:02:07.037Z,m-thunderstore-community-request,/c/[handle]
fa10503939aa00fd,youtube.com,youtube,2026-10-02T23:07:47.458Z,m-youtube-learning-request,/watch
fa4263408cbddc91,reddit.com,reddit,2026-10-03T01:01:08.724Z,m-reddit-fan-game-howto,/r/gamedev/comments/qh5903/would_it_be_okay_if_i_make_a_fangame_but_never
fa8b48fffb09029f,gbatemp.net,gbatemp,2026-10-02T22:52:56.869Z,m-gbatemp-pc-port-recommendation,/threads/pokemon-crystal-gets-a-pc-port-titled-suicune-based-on-c-c-language.682044
faad848446117f58,x.com,x,2026-10-02T22:49:59.548Z,m-x-legal-alternative,/[handle]/status/1939326174196359609
fade1de5b126df8a,x.com,x,2026-10-02T22:49:38.290Z,m-x-fan-game-alternative,/[handle]
faed253907f217e5,disboard.org,discord,2026-10-02T22:50:16.869Z,m-discord-decomp-howto,/server/1317132954820149420
fafe2013a5ed7522,youtube.com,youtube,2026-10-03T01:02:39.939Z,m-youtube-pc-port-recommendation,/watch
fb0a5ed2289ce65a,steamcommunity.com,steam,2026-10-02T23:06:08.873Z,m-steam-mod-tools-alternative,/app/949230/discussions/0/3877095833474028444
fb4b1ff6b8c13ccf,dome-keeper.fandom.com,fandom,2026-10-02T22:51:05.600Z,m-fandom-decomp-howto,/wiki/Mod_Developer_Guide
fb5f9fab56c05fc7,github.com,github,2026-10-02T23:19:06.701Z,d-H11-3,/[handle]
fb6b2211ec2498e3,forum.donutteam.com,other,2026-10-02T23:16:11.627Z,d-H5-3,/forum/topic/5909-mod-starter-for-custom-music-s-and-model-s-and-voice-pack-s
fb9cea00b5fe800e,github.com,github,2026-10-02T23:12:02.236Z,m-github-community-howto,/[handle]
fbb63958f2b2eb2a,disboard.org,discord,2026-10-02T22:50:37.984Z,m-discord-learning-howto,/server/1044600475963641876
fbd5a59aaacfd55f,thunderstore.io,thunderstore,2026-10-02T23:01:18.658Z,m-thunderstore-mod-install-recommendation,/c/[handle]/p/ebkr/r2modman/v/3.0.36
fbdeb2e0554bf20f,nexusmods.com,nexusmods,2026-10-02T22:56:14.004Z,m-nexusmods-mod-tools-howto,/tombraider2013/mods/112
fbf11904c4268429,gamebanana.com,gamebanana,2026-10-03T00:37:18.946Z,m-gamebanana-community-alternative,/games/18366
fc162bbfd9d5fd61,gamebanana.com,gamebanana,2026-10-02T22:58:19.411Z,m-gamebanana-fan-game-howto,/threads/225531
fc1a770018dfbbe3,steamcommunity.com,steam,2026-10-02T23:02:44.970Z,m-steam-fan-game-problem,/app/622650/discussions/0/1484358860936728029
fc2d2aa59ef7d231,mod.io,modio,2026-10-03T00:18:43.353Z,m-modio-mod-tools-alternative,/g/drg/m/a-better-modding-menu
fc8ed8a54ffb4696,curseforge.com,curseforge,2026-10-03T00:10:52.167Z,m-curseforge-ip-revival-problem,/minecraft/mc-mods/the-five-nights-at-freddys-mod/files/7452086
fc9296c994de9686,resetera.com,resetera,2026-10-02T22:51:40.209Z,m-resetera-mod-install-alternative;m-resetera-mod-install-problem,/threads/starfield-review-bombed-on-steam-because-of-the-addition-of-paid-creations-mods.902685/page-2
fca8ca53ef18786f,community.adobe.com,other,2026-10-02T23:15:33.120Z,d-H3-3,/questions-712/why-after-installing-photoshop-again-will-it-not-bring-up-files-it-shuts-down-1054747
fcb1b59b8dbfddd8,gbatemp.net,gbatemp,2026-10-03T00:41:59.434Z,m-gbatemp-fan-game-recommendation,/threads/sonic-continuum-for-the-3ds-announced-fan-game.484355
fcba7feaf80f8a58,youtube.com,youtube,2026-10-02T23:07:34.056Z,m-youtube-ip-revival-howto,/watch
fcf78fd9506d77ce,curseforge.com,curseforge,2026-10-03T01:29:03.927Z,m-curseforge-fan-game-recommendation,/minecraft/modpacks/the-titans-arise
fd10c0d8eb496860,github.com,github,2026-10-02T23:11:22.657Z,m-github-decomp-problem,/[handle]/OGhidra/issues/49
fd268b2f3e71a954,nexusmods.com,nexusmods,2026-10-02T22:55:55.432Z,m-nexusmods-decomp-alternative,/roadredemption/news/15460
fd8be6747196308a,zocalopublicsquare.org,other,2026-10-02T23:14:43.306Z,d-H1-2,/my-midlife-crisis-corolla-fast-furious-fully-modded
fd9b050f233e4bcd,reddit.com,reddit,2026-10-02T22:48:52.295Z,m-reddit-legal-recommendation,/r/legaladvice/comments/vfggyh/should_i_issue_a_cease_and_desist_to_prevent
fdabca5531c2636d,reddit.com,reddit,2026-10-02T22:48:46.744Z,m-reddit-community-request,/r/ZenlessZoneZero/comments/1vfr41c/the_safe_zone_modding_discord_server_gone
fdbc95c4d85356a3,github.com,github,2026-10-02T23:21:21.988Z,m-github-mod-install-alternative;m-github-mod-install-recommendation,/[handle]/CKAN/issues/4015
fdda192fcbf78c15,tiktok.com,tiktok,2026-10-02T23:08:20.321Z,m-tiktok-mod-creation-alternative,/music/suara-asli-Ngemilinajaaaa-7278597125976705797
fdeeb563157bcbc3,users.rust-lang.org,rustforum,2026-10-03T00:32:21.145Z,m-rustforum-rust-rebuild-recommendation,/t/gentlemen-intesificate-using-rust/134909
fe12317ad4d445b5,pottermore.fandom.com,fandom,2026-10-03T00:53:43.655Z,m-fandom-community-recommendation,/f/p/4400000000000032776
fe1d4e02dab11ee0,reddit.com,reddit,2026-10-03T00:50:40.512Z,m-reddit-learning-recommendation,/r/AfterTheEndFanFork/comments/sgcbbs/good_modding_tutorial
fe2d7f2bdbcdc949,disboard.org,discord,2026-10-03T01:19:55.457Z,m-discord-fan-game-problem,/es/servers/tag/gorilla-tag
fe32c89bf2f6419b,resetera.com,resetera,2026-10-03T01:12:48.016Z,m-resetera-fan-game-alternative,/threads/this-new-sonic-fanmade-game-in-dreams-is-incredible.630998
fe32cdddb977cb61,news.ycombinator.com,hackernews,2026-10-02T23:21:59.045Z,m-hackernews-rust-rebuild-problem,/item
fe388301d712a7e0,gbatemp.net,gbatemp,2026-10-02T22:52:49.231Z,m-gbatemp-mod-install-alternative,/threads/is-there-anyway-to-go-from-ntfs-to-fat32-on-a-usb-hdd-without-losing-data.510703
fe460e7ef4d0f3c3,mods.army.mil,other,2026-10-02T23:15:02.949Z,d-H2-2,/MODSHome
fe476fc3c554334b,facebook.com,other,2026-10-02T23:15:42.096Z,d-H4-1,/groups/1949875882322905/posts/2000521747258318
febafafa77b655c7,users.rust-lang.org,rustforum,2026-10-03T01:02:34.297Z,m-rustforum-mod-creation-howto,/t/rc-and-mutability/78884
fee300bb79e8b3ab,youtube.com,youtube,2026-10-02T23:07:19.623Z,m-youtube-decomp-request,/watch
fee65e7c949b4309,tiktok.com,tiktok,2026-10-03T01:17:19.035Z,m-tiktok-pc-port-problem,/@[handle]/video/7559012234031025415
ff150963a90b856b,youtube.com,youtube,2026-10-02T23:07:08.611Z,m-youtube-mod-creation-howto,/watch
ff18947a59f469a0,thunderstore.io,thunderstore,2026-10-02T23:05:49.611Z,m-thunderstore-pc-port-howto,/c/[handle]
ff24b4d56e3e2c08,x.com,x,2026-10-02T22:49:28.971Z,m-x-rust-rebuild-howto,/[handle]/status/1951660204296208872
ff336772920d904e,news.ycombinator.com,hackernews,2026-10-03T00:11:15.293Z,m-hackernews-mod-creation-recommendation,/item
ff3b72d84eca5493,resetera.com,resetera,2026-10-02T22:54:46.030Z,m-resetera-fan-game-alternative;m-resetera-pc-port-alternative,/threads/fan-made-ports-clones-classics-remastered-by-fans-when-its-too-niche-for-publishers.1632148
ff3bd4f71a517bf1,disboard.org,discord,2026-10-02T22:50:16.869Z,m-discord-decomp-howto,/server/1135416710627860581
ff3cd2c851451e15,gbatemp.net,gbatemp,2026-10-03T01:21:07.554Z,m-gbatemp-ip-revival-problem,/threads/project-x-zone-2-brave-new-world-announced.386647
ff54f61519dd1bac,gamebanana.com,gamebanana,2026-10-03T01:05:17.592Z,m-gamebanana-mod-install-request,/tuts/15379
ff55e19fbdbbf6e8,x.com,x,2026-10-02T22:54:11.354Z,m-x-mod-install-alternative,/[handle]/with_replies
ff91b15bba089b05,news.ycombinator.com,hackernews,2026-10-02T23:12:12.869Z,m-hackernews-mod-install-howto,/item
ffad2494e9d73057,resetera.com,resetera,2026-10-02T22:52:38.427Z,m-resetera-community-howto;m-resetera-community-recommendation,/threads/neon-white-vr-mod-is-this-the-vr-goty-yes-yes-it-is.663400
ffe59aa2c8e43634,reddit.com,reddit,2026-10-03T01:46:22.786Z,x-add-2,/r/modnews/comments/1t6jggp/mod_monthly_your_may_2026_newsletter_is_here
fff07b364bddef2e,dev.twitch.tv,twitch,2026-10-03T01:23:09.256Z,m-twitch-pc-port-request,/[handle]/authentication
